# This file uses centimeters as units for non-parametric coordinates.

mtllib Starship.mtl
g default
v -0.168074 3.796897 1.473105
v 0.446409 3.796897 1.473105
v -0.047007 5.177327 3.262572
v 0.307337 5.225797 3.120384
v -0.052520 5.303151 1.163156
v 0.336369 5.303151 1.163156
v -0.052520 3.852854 -0.399412
v 0.336369 3.852854 -0.399413
v 0.405495 4.235113 1.965093
v -0.124393 4.235114 1.965093
v -0.052520 4.295672 0.067263
v 0.336369 4.295672 0.067262
v 0.350956 4.921826 2.615301
v -0.066167 4.921826 2.615301
v -0.052520 4.991534 0.667923
v 0.336369 4.991534 0.667922
v 0.471537 4.912533 2.289456
v 0.496662 4.261807 1.557774
v 0.381108 3.858483 0.991973
v -0.097260 3.858483 0.991972
v -0.212813 4.261807 1.557775
v -0.187688 4.912533 2.289457
v 0.000153 5.214428 2.856016
v 0.283696 5.214428 2.856015
v 0.244750 4.993912 0.619125
v 0.244750 4.296779 0.018532
v 0.244750 3.821069 -0.445719
v 0.268409 3.823953 0.943533
v 0.301019 3.709113 1.484713
v 0.280449 4.230847 2.030192
v 0.252748 4.923232 2.664574
v 0.220125 5.231006 3.160941
v 0.216896 5.230560 2.886291
v 0.244750 5.356808 1.161713
v 0.017319 4.993795 0.621533
v 0.017834 4.296725 0.020933
v 0.018265 3.822776 -0.443231
v -0.009218 3.825647 0.945908
v -0.055967 3.713857 1.483693
v -0.025561 4.231056 2.026999
v 0.014761 4.923165 2.662231
v 0.013316 5.213031 3.226259
v 0.054124 5.229782 2.884830
v 0.023596 5.354005 1.161788
v -0.181716 4.153265 1.405507
v -0.052520 4.176502 -0.058328
v 0.017950 4.169177 -0.103982
v 0.244750 4.168757 -0.106407
v 0.336369 4.176502 -0.058328
v 0.465564 4.153265 1.405507
v 0.416506 4.117182 1.832690
v 0.285985 4.090439 1.883393
v -0.033744 4.091869 1.880786
v -0.136148 4.117182 1.832690
v 0.344331 3.853856 -0.151800
v 0.248961 3.821582 -0.198487
v 0.013374 3.823287 -0.196018
v -0.060482 3.853856 -0.151800
v -0.075512 4.172367 0.202178
v -0.081046 4.289646 0.332516
v -0.076575 4.977475 0.956493
v -0.043146 5.287362 1.464419
v 0.029029 5.331898 1.468423
v 0.239793 5.334341 1.468620
v 0.326995 5.287362 1.464419
v 0.360423 4.977475 0.956492
v 0.364895 4.289645 0.332515
v 0.359361 4.172366 0.202177
vt 0.596016 0.584552
vt 0.511039 0.473013
vt 0.655843 0.646800
vt 0.487954 0.558293
vt 0.441444 0.468027
vt 0.521501 0.628925
vt 0.448796 0.588424
vt 0.461419 0.588553
vt 0.443252 0.652407
vt 0.465405 0.652632
vt 0.645058 0.483038
vt 0.595795 0.554129
vt 0.525933 0.578910
vt 0.577268 0.639922
vt 0.503542 0.499454
vt 0.612971 0.603380
vt 0.541306 0.597383
vt 0.443997 0.561874
vt 0.466679 0.562112
vt 0.635315 0.509719
vt 0.537605 0.544239
vt 0.477304 0.532709
vt 0.560457 0.625966
vt 0.443405 0.507544
vt 0.468433 0.507826
vt 0.614011 0.540002
vt 0.550790 0.542347
vt 0.576199 0.515048
vt 0.462960 0.636453
vt 0.596570 0.497220
vt 0.577600 0.585049
vt 0.446233 0.636283
vt 0.597227 0.602700
vt 0.620831 0.630273
vt 0.640302 0.645626
vt 0.481303 0.573033
vt 0.491811 0.568331
vt 0.529810 0.557284
vt 0.462283 0.509737
vt 0.460957 0.563574
vt 0.458215 0.589168
vt 0.458942 0.634864
vt 0.504808 0.469608
vt 0.459793 0.653581
vt 0.497927 0.500014
vt 0.489709 0.536637
vt 0.484165 0.558368
vt 0.488805 0.568396
vt 0.517732 0.630835
vt 0.448232 0.509500
vt 0.448567 0.563406
vt 0.451342 0.589107
vt 0.449476 0.634844
vt 0.490215 0.466973
vt 0.447819 0.653412
vt 0.485899 0.497618
vt 0.480356 0.534817
vt 0.475678 0.559528
vt 0.482905 0.571105
vt 0.509685 0.634387
vt 0.591990 0.597886
vt 0.537189 0.592413
vt 0.446522 0.570931
vt 0.449885 0.572036
vt 0.459714 0.572120
vt 0.463980 0.571086
vt 0.641102 0.503480
vt 0.581704 0.510205
vt 0.505687 0.492494
vt 0.499810 0.492017
vt 0.486934 0.489512
vt 0.608471 0.598270
vt 0.462106 0.597673
vt 0.638808 0.489732
vt 0.458656 0.596090
vt 0.450687 0.596064
vt 0.535132 0.580027
vt 0.447914 0.597511
vt 0.546919 0.593380
vt 0.551260 0.598310
vt 0.571277 0.626778
vt 0.588478 0.640871
vt 0.501850 0.624514
vt 0.504928 0.623121
vt 0.512603 0.619722
vt 0.516222 0.618149
vt 0.584011 0.554704
vt 0.602570 0.540580
vt 0.624290 0.510516
vt 0.628761 0.505162
vt 0.564861 0.510081
vt 0.560029 0.515091
vt 0.577875 0.496663
vt 0.494016 0.535956
vt 0.519401 0.558844
vt 0.482441 0.488099
vt 0.482379 0.487950
vt 0.481869 0.495286
vt 0.484502 0.468029
vt 0.633488 0.632700
vt 0.472575 0.559368
vt 0.449514 0.465757
vt 0.464306 0.466468
vt 0.471036 0.468752
vt 0.506280 0.635659
vt 0.475863 0.559429
vt 0.484333 0.559013
vt 0.487996 0.558208
vt 0.472788 0.559517
vn -0.483526 -0.625753 0.612075
vn -0.115107 -0.716974 0.687531
vn -0.122250 -0.716329 0.686970
vn -0.474396 -0.629751 0.615111
vn -0.464679 0.882989 0.066363
vn -0.138235 0.987751 0.072380
vn -0.167933 0.983110 0.072759
vn -0.540661 0.838690 0.065452
vn -0.309112 0.677507 -0.667408
vn -0.077120 0.700442 -0.709530
vn -0.043114 0.700481 -0.712367
vn -0.247884 0.690178 -0.679859
vn -0.390454 -0.920593 -0.007328
vn -0.076323 -0.997083 0.000396
vn -0.082597 -0.996583 0.000241
vn -0.369880 -0.929055 -0.006767
vn 0.995809 -0.062199 -0.067044
vn 0.997672 -0.030561 -0.060965
vn 0.997279 0.042135 -0.060493
vn 0.996835 0.046477 -0.064494
vn -0.997279 0.042135 -0.060493
vn -0.997672 -0.030561 -0.060965
vn -0.995810 -0.062198 -0.067044
vn -0.996835 0.046477 -0.064495
vn -0.424917 -0.614957 0.664284
vn -0.131219 -0.675948 0.725173
vn -0.007609 -0.763023 0.646326
vn -0.299099 -0.699251 0.649298
vn -0.992261 0.082828 -0.092512
vn -0.993119 0.072149 -0.092243
vn -0.988087 0.134523 -0.074756
vn -0.993014 0.084235 -0.082625
vn -0.449782 0.680184 -0.578832
vn -0.127268 0.722383 -0.679680
vn -0.108117 0.657945 -0.745265
vn -0.452298 0.588073 -0.670519
vn 0.993119 0.072149 -0.092243
vn 0.992261 0.082828 -0.092513
vn 0.993014 0.084235 -0.082626
vn 0.988087 0.134523 -0.074756
vn 0.136670 -0.875941 0.462655
vn 0.204356 -0.893714 0.399391
vn -0.941376 0.337298 -0.006362
vn -0.996041 0.086522 -0.020413
vn -0.435060 0.756551 -0.488215
vn -0.101491 0.829050 -0.549887
vn 0.941376 0.337298 -0.006362
vn 0.996041 0.086522 -0.020413
vn 0.940406 -0.221850 0.257718
vn 0.996863 0.061849 -0.049390
vn 0.988322 0.146350 0.042436
vn 0.974612 -0.062352 0.215043
vn 0.998013 -0.058217 -0.024106
vn 0.995019 -0.081841 -0.056918
vn 0.996471 -0.065798 -0.052123
vn 0.985348 -0.160370 0.058057
vn -0.453085 -0.884211 -0.113509
vn -0.115871 -0.990458 -0.074615
vn -0.140524 -0.967524 -0.210118
vn -0.517261 -0.831835 -0.201225
vn -0.987656 -0.148182 0.050781
vn -0.996644 -0.060086 -0.055585
vn -0.995090 -0.080282 -0.057879
vn -0.998484 -0.044392 -0.032526
vn -0.988099 0.148157 0.041345
vn -0.996775 0.062828 -0.049916
vn -0.942090 -0.216956 0.255726
vn -0.984405 -0.011629 0.175531
vn -0.967794 0.246943 0.048935
vn -0.985009 0.136710 0.105201
vn -0.406830 0.913328 0.017910
vn -0.208377 0.977813 0.021460
vn -0.112312 0.991736 0.062011
vn -0.437748 0.897058 0.060526
vn 0.968017 0.242037 0.066036
vn 0.982764 0.095877 0.158058
vn 0.112595 0.722681 -0.681949
vn 0.383074 0.697370 -0.605747
vn 0.377597 0.610988 -0.695783
vn 0.097597 0.658894 -0.745878
vn 0.039902 0.701188 -0.711859
vn 0.067752 0.701386 -0.709555
vn 0.252151 0.688830 -0.679657
vn 0.203842 0.696885 -0.687604
vn 0.074923 -0.997189 0.000332
vn 0.069874 -0.997556 0.000415
vn 0.326370 -0.945228 -0.005134
vn 0.309422 -0.950913 -0.004700
vn 0.123691 -0.970534 -0.206794
vn 0.102924 -0.992090 -0.071860
vn 0.380252 -0.919121 -0.103078
vn 0.442581 -0.875604 -0.193495
vn 0.109106 -0.718436 0.686984
vn 0.102507 -0.718884 0.687530
vn 0.414641 -0.655545 0.631137
vn 0.406096 -0.658625 0.633481
vn 0.109607 -0.746673 0.656099
vn 0.116045 -0.678163 0.725692
vn 0.365551 -0.636502 0.679145
vn 0.335157 -0.671868 0.660502
vn 0.127877 -0.858106 0.497295
vn 0.222756 -0.824300 0.520490
vn 0.074537 0.995433 0.059641
vn -0.014202 0.999803 0.013858
vn 0.124584 0.991815 -0.027950
vn 0.365629 0.928978 0.057588
vn 0.151759 0.985746 0.072628
vn 0.124435 0.989600 0.072170
vn 0.413384 0.908099 0.066864
vn 0.490140 0.869125 0.066221
vn 0.092081 0.829778 -0.550444
vn 0.376035 0.776931 -0.504952
s 1
g pCube1
usemtl initialShadingGroup
f 1/99/1 39/54/2 53/71/3 54/97/4
s 2
f 62/83/5 63/84/6 44/60/7 5/105/8
s 3
f 46/63/9 47/64/10 37/52/11 7/7/12
s 4
f 7/7/13 37/52/14 57/76/15 58/78/16
s 5
f 68/90/17 55/74/18 8/11/19 49/67/20
s 6
f 7/13/21 58/77/22 59/79/23 46/62/24
s 1
f 10/98/25 40/56/26 41/57/27 14/22/28
s 6
f 11/17/29 60/80/30 61/81/31 15/23/32
s 3
f 15/24/33 35/50/34 36/51/35 11/18/36
s 5
f 67/89/37 12/20/38 16/26/39 66/88/40
s 1
f 14/22/28 41/57/27 42/106/41 3/109/42
s 6
f 15/23/32 61/81/31 62/82/43 5/14/44
s 3
f 5/5/45 44/102/46 35/50/34 15/24/33
s 5
f 65/87/47 66/88/40 16/26/39 6/12/48
f 9/92/49 18/28/50 17/27/51 13/21/52
f 2/93/53 19/30/54 50/68/55 51/91/56
s 4
f 20/32/57 38/53/58 39/55/59 1/9/60
s 6
f 54/72/61 45/61/62 20/31/63 1/1/64
f 22/34/65 21/33/66 10/16/67 14/100/68
f 23/35/69 22/34/65 14/100/68 3/3/70
s 2
f 3/101/71 42/58/72 43/59/73 23/36/74
s 5
f 13/21/52 17/27/51 24/38/75 4/95/76
s 3
f 25/39/77 16/25/78 12/19/79 26/40/80
f 27/41/81 48/65/82 49/66/83 8/8/84
s 4
f 56/75/85 27/41/86 8/8/87 55/73/88
f 29/44/89 28/42/90 19/29/91 2/10/92
s 1
f 52/70/93 29/43/94 2/2/95 51/69/96
f 31/46/97 30/45/98 9/15/99 13/94/100
f 32/107/101 31/46/97 13/94/100 4/108/102
s 2
f 33/48/103 32/47/104 4/4/105 24/37/106
f 34/49/107 64/85/108 65/86/109 6/6/110
s 3
f 25/39/77 34/103/111 6/104/112 16/25/78
f 35/50/34 25/39/77 26/40/80 36/51/35
f 37/52/11 47/64/10 48/65/82 27/41/81
s 4
f 57/76/15 37/52/14 27/41/86 56/75/85
f 39/55/59 38/53/58 28/42/90 29/44/89
s 1
f 53/71/3 39/54/2 29/43/94 52/70/93
f 41/57/27 40/56/26 30/45/98 31/46/97
f 42/106/41 41/57/27 31/46/97 32/107/101
s 2
f 43/59/73 42/58/72 32/47/104 33/48/103
f 44/60/7 63/84/6 64/85/108 34/49/107
s 3
f 35/50/34 44/102/46 34/103/111 25/39/77
s 6
f 46/62/24 59/79/23 60/80/30 11/17/29
s 3
f 11/18/36 36/51/35 47/64/10 46/63/9
f 48/65/82 47/64/10 36/51/35 26/40/80
f 49/66/83 48/65/82 26/40/80 12/19/79
s 5
f 68/90/17 49/67/20 12/20/38 67/89/37
f 51/91/56 50/68/55 18/28/50 9/92/49
s 1
f 30/45/98 52/70/93 51/69/96 9/15/99
f 40/56/26 53/71/3 52/70/93 30/45/98
f 54/96/4 53/71/3 40/56/26 10/98/25
s 6
f 21/33/66 45/61/62 54/72/61 10/16/67
s 4
f 28/42/90 56/75/85 55/73/88 19/29/91
f 38/53/58 57/76/15 56/75/85 28/42/90
f 58/78/16 57/76/15 38/53/58 20/32/57
s 6
f 59/79/23 58/77/22 20/31/63 45/61/62
f 60/80/30 59/79/23 45/61/62 21/33/66
f 61/81/31 60/80/30 21/33/66 22/34/65
f 62/82/43 61/81/31 22/34/65 23/35/69
s 2
f 23/36/74 43/59/73 63/84/6 62/83/5
f 64/85/108 63/84/6 43/59/73 33/48/103
f 65/86/109 64/85/108 33/48/103 24/37/106
s 5
f 24/38/75 17/27/51 66/88/40 65/87/47
f 18/28/50 67/89/37 66/88/40 17/27/51
f 50/68/55 68/90/17 67/89/37 18/28/50
f 19/30/54 55/74/18 68/90/17 50/68/55
g default
v 3.021024 6.168985 0.230655
v 2.957255 6.294138 0.230655
v 2.857933 6.393460 0.230655
v 2.732780 6.457229 0.230655
v 2.594047 6.479202 0.230655
v 2.455313 6.457229 0.230655
v 2.330160 6.393460 0.230655
v 2.230838 6.294138 0.230655
v 2.167070 6.168985 0.230655
v 2.145096 6.030252 0.230655
v 2.167070 5.891518 0.230655
v 2.230838 5.766366 0.230655
v 2.330160 5.667044 0.230655
v 2.455313 5.603275 0.230655
v 2.594047 5.581302 0.230655
v 2.732780 5.603275 0.230655
v 2.857933 5.667044 0.230655
v 2.957255 5.766366 0.230655
v 3.021024 5.891518 0.230655
v 3.042997 6.030252 0.230655
v 3.015767 6.167277 0.300887
v 2.952783 6.290890 0.300887
v 2.854684 6.388988 0.300887
v 2.731072 6.451972 0.300887
v 2.594047 6.473675 0.300887
v 2.457022 6.451972 0.300887
v 2.333409 6.388988 0.300887
v 2.235310 6.290889 0.300887
v 2.172326 6.167277 0.300887
v 2.150624 6.030252 0.300887
v 2.172326 5.893227 0.300887
v 2.235310 5.769614 0.300887
v 2.333409 5.671515 0.300887
v 2.457022 5.608532 0.300887
v 2.594047 5.586829 0.300887
v 2.731072 5.608532 0.300887
v 2.854684 5.671515 0.300887
v 2.952783 5.769614 0.300887
v 3.015767 5.893227 0.300887
v 3.037469 6.030252 0.300887
v 3.000126 6.162195 0.369389
v 2.939478 6.281223 0.369389
v 2.845017 6.375683 0.369389
v 2.725990 6.436331 0.369389
v 2.594047 6.457229 0.369389
v 2.462103 6.436331 0.369389
v 2.343076 6.375683 0.369389
v 2.248615 6.281223 0.369389
v 2.187967 6.162195 0.369389
v 2.167070 6.030252 0.369389
v 2.187967 5.898309 0.369389
v 2.248615 5.779281 0.369389
v 2.343076 5.684820 0.369389
v 2.462103 5.624172 0.369389
v 2.594047 5.603275 0.369389
v 2.725990 5.624172 0.369389
v 2.845017 5.684820 0.369389
v 2.939478 5.779281 0.369389
v 3.000126 5.898309 0.369389
v 3.021024 6.030252 0.369389
v 2.974486 6.153864 0.434475
v 2.917668 6.265377 0.434475
v 2.829171 6.353873 0.434475
v 2.717659 6.410691 0.434475
v 2.594047 6.430269 0.434475
v 2.470435 6.410691 0.434475
v 2.358922 6.353873 0.434475
v 2.270426 6.265377 0.434475
v 2.213607 6.153864 0.434475
v 2.194029 6.030252 0.434475
v 2.213607 5.906639 0.434475
v 2.270426 5.795127 0.434475
v 2.358922 5.706631 0.434475
v 2.470435 5.649813 0.434475
v 2.594047 5.630235 0.434475
v 2.717659 5.649813 0.434475
v 2.829171 5.706631 0.434475
v 2.917668 5.795127 0.434475
v 2.974486 5.906639 0.434475
v 2.994064 6.030252 0.434475
v 2.939478 6.142489 0.494542
v 2.887888 6.243740 0.494542
v 2.807535 6.324094 0.494542
v 2.706284 6.375683 0.494542
v 2.594047 6.393460 0.494542
v 2.481809 6.375683 0.494542
v 2.380558 6.324094 0.494542
v 2.300205 6.243740 0.494542
v 2.248615 6.142489 0.494542
v 2.230838 6.030252 0.494542
v 2.248615 5.918015 0.494542
v 2.300205 5.816763 0.494542
v 2.380558 5.736410 0.494542
v 2.481809 5.684820 0.494542
v 2.594047 5.667044 0.494542
v 2.706284 5.684820 0.494542
v 2.807535 5.736410 0.494542
v 2.887888 5.816763 0.494542
v 2.939478 5.918015 0.494542
v 2.957255 6.030252 0.494542
v 2.895965 6.128351 0.548111
v 2.850874 6.216847 0.548111
v 2.780643 6.287079 0.548111
v 2.692146 6.332170 0.548111
v 2.594047 6.347708 0.548111
v 2.495948 6.332170 0.548111
v 2.407451 6.287079 0.548111
v 2.337219 6.216847 0.548111
v 2.292129 6.128351 0.548111
v 2.276591 6.030252 0.548111
v 2.292129 5.932152 0.548111
v 2.337219 5.843656 0.548111
v 2.407451 5.773425 0.548111
v 2.495948 5.728333 0.548111
v 2.594047 5.712796 0.548111
v 2.692146 5.728333 0.548111
v 2.780643 5.773425 0.548111
v 2.850874 5.843656 0.548111
v 2.895965 5.932152 0.548111
v 2.911502 6.030252 0.548111
v 2.845017 6.111797 0.593864
v 2.807535 6.185360 0.593864
v 2.749155 6.243740 0.593864
v 2.675592 6.281223 0.593864
v 2.594047 6.294138 0.593864
v 2.512501 6.281223 0.593864
v 2.438938 6.243740 0.593864
v 2.380558 6.185360 0.593864
v 2.343076 6.111797 0.593864
v 2.330160 6.030252 0.593864
v 2.343076 5.948707 0.593864
v 2.380558 5.875143 0.593864
v 2.438938 5.816763 0.593864
v 2.512501 5.779281 0.593864
v 2.594047 5.766366 0.593864
v 2.675592 5.779281 0.593864
v 2.749155 5.816763 0.593864
v 2.807535 5.875143 0.593864
v 2.845017 5.948707 0.593864
v 2.857933 6.030252 0.593864
v 2.787890 6.093235 0.630673
v 2.758940 6.150054 0.630673
v 2.713849 6.195145 0.630673
v 2.657030 6.224095 0.630673
v 2.594047 6.234071 0.630673
v 2.531063 6.224095 0.630673
v 2.474245 6.195145 0.630673
v 2.429153 6.150054 0.630673
v 2.400203 6.093235 0.630673
v 2.390228 6.030252 0.630673
v 2.400203 5.967268 0.630673
v 2.429153 5.910450 0.630673
v 2.474245 5.865358 0.630673
v 2.531063 5.836408 0.630673
v 2.594047 5.826433 0.630673
v 2.657030 5.836408 0.630673
v 2.713849 5.865358 0.630673
v 2.758940 5.910450 0.630673
v 2.787890 5.967268 0.630673
v 2.797866 6.030252 0.630673
v 2.725990 6.073123 0.657632
v 2.706284 6.111797 0.657632
v 2.675592 6.142489 0.657632
v 2.636918 6.162195 0.657632
v 2.594047 6.168985 0.657632
v 2.551176 6.162195 0.657632
v 2.512501 6.142489 0.657632
v 2.481809 6.111797 0.657632
v 2.462103 6.073123 0.657632
v 2.455313 6.030252 0.657632
v 2.462103 5.987381 0.657632
v 2.481809 5.948707 0.657632
v 2.512501 5.918015 0.657632
v 2.551176 5.898309 0.657632
v 2.594047 5.891518 0.657632
v 2.636918 5.898309 0.657632
v 2.675592 5.918015 0.657632
v 2.706284 5.948707 0.657632
v 2.725990 5.987381 0.657632
v 2.732780 6.030252 0.657632
v 2.660841 6.051955 0.674078
v 2.650865 6.071533 0.674078
v 2.635328 6.087070 0.674078
v 2.615749 6.097046 0.674078
v 2.594047 6.100483 0.674078
v 2.572344 6.097046 0.674078
v 2.552766 6.087070 0.674078
v 2.537229 6.071533 0.674078
v 2.527253 6.051955 0.674078
v 2.523816 6.030252 0.674078
v 2.527253 6.008549 0.674078
v 2.537229 5.988971 0.674078
v 2.552766 5.973433 0.674078
v 2.572344 5.963458 0.674078
v 2.594047 5.960021 0.674078
v 2.615749 5.963458 0.674078
v 2.635328 5.973433 0.674078
v 2.650865 5.988971 0.674078
v 2.660841 6.008549 0.674078
v 2.664278 6.030252 0.674078
v 2.594047 6.030252 0.679605
v 3.021024 6.148946 -8.004032
v 2.957255 6.256021 -8.004032
v 2.857933 6.340997 -8.004032
v 2.732780 6.395555 -8.004032
v 2.594047 6.414354 -8.004032
v 2.455313 6.395555 -8.004032
v 2.330160 6.340997 -8.004032
v 2.230838 6.256021 -8.004032
v 2.167070 6.148946 -8.004032
v 2.145096 6.030252 -8.004032
v 2.167070 5.911558 -8.004032
v 2.230838 5.804482 -8.004032
v 2.330160 5.719507 -8.004032
v 2.455313 5.664949 -8.004032
v 2.594047 5.646150 -8.004032
v 2.732780 5.664949 -8.004032
v 2.857933 5.719507 -8.004032
v 2.957255 5.804482 -8.004032
v 3.021024 5.911558 -8.004032
v 3.042997 6.030252 -8.004032
v 2.594047 6.391750 -8.766332
v 2.594047 6.407871 -8.149074
v 2.594047 5.666480 -8.201768
v 2.594047 5.656536 -8.149074
v 2.153181 6.017058 -8.496366
v 2.155214 6.032043 -8.149074
v 2.329416 6.291320 -8.745805
v 2.348886 6.343782 -8.149074
v 2.335906 6.312666 -8.546894
v 2.594047 6.400982 -8.560578
v 2.454760 6.362085 -8.765284
v 2.458968 6.375893 -8.559880
v 2.342396 6.334012 -8.347984
v 2.594047 6.410215 -8.354826
v 2.463176 6.389701 -8.354477
v 2.467385 6.391932 -8.149074
v 2.153858 6.025912 -8.380602
v 2.231197 6.203575 -8.689466
v 2.236787 6.227565 -8.509336
v 2.170239 6.110069 -8.602156
v 2.173178 6.129662 -8.451128
v 2.247968 6.263970 -8.149074
v 2.242378 6.251555 -8.329205
v 2.154536 6.034766 -8.264838
v 2.176117 6.149254 -8.300101
v 2.179056 6.157270 -8.149074
v 2.232396 5.830617 -8.289272
v 2.247968 5.799997 -8.149074
v 2.237587 5.824269 -8.242539
v 2.175719 5.923849 -8.386718
v 2.176831 5.922018 -8.307503
v 2.242777 5.817921 -8.195807
v 2.177943 5.920187 -8.228289
v 2.179056 5.906779 -8.149074
v 2.594047 5.667024 -8.184203
v 2.324082 5.747952 -8.223728
v 2.332350 5.742566 -8.198844
v 2.449699 5.688970 -8.202067
v 2.455594 5.687275 -8.184402
v 2.348886 5.720217 -8.149074
v 2.340618 5.737179 -8.173959
v 2.594047 5.667568 -8.166638
v 2.461489 5.685580 -8.166739
v 2.467385 5.672308 -8.149074
v 3.034913 6.017058 -8.496366
v 3.032879 6.032043 -8.149074
v 2.864011 5.747952 -8.223728
v 2.839207 5.720217 -8.149074
v 2.855743 5.742566 -8.198844
v 2.738394 5.688970 -8.202067
v 2.732499 5.687275 -8.184402
v 2.847475 5.737179 -8.173959
v 2.726604 5.685580 -8.166739
v 2.720709 5.672308 -8.149074
v 3.034235 6.025912 -8.380602
v 2.955697 5.830617 -8.289272
v 2.950506 5.824269 -8.242539
v 3.012374 5.923849 -8.386718
v 3.011262 5.922018 -8.307503
v 2.940125 5.799997 -8.149074
v 2.945316 5.817921 -8.195807
v 3.033557 6.034766 -8.264838
v 3.010150 5.920187 -8.228289
v 3.009037 5.906779 -8.149074
v 2.956896 6.203575 -8.689466
v 2.940125 6.263970 -8.149074
v 2.951306 6.227565 -8.509336
v 3.017854 6.110069 -8.602156
v 3.014915 6.129662 -8.451128
v 2.945715 6.251555 -8.329205
v 3.011976 6.149254 -8.300101
v 3.009037 6.157270 -8.149074
v 2.858677 6.291320 -8.745805
v 2.852187 6.312666 -8.546894
v 2.733333 6.362085 -8.765284
v 2.729125 6.375893 -8.559880
v 2.839207 6.343782 -8.149074
v 2.845697 6.334012 -8.347984
v 2.724917 6.389701 -8.354477
v 2.720709 6.391932 -8.149074
v 3.025902 5.955505 -8.423291
v 3.025336 5.956744 -8.331841
v 3.024852 5.958152 -8.240488
v 3.024511 5.948174 -8.149074
v 3.035130 5.950954 -8.004032
v 3.035287 5.937875 0.230655
v 3.029855 5.939013 0.300887
v 3.013691 5.942397 0.369389
v 2.987195 5.947944 0.434475
v 2.951018 5.955519 0.494542
v 2.906051 5.964932 0.548111
v 2.853401 5.975955 0.593864
v 2.794365 5.988314 0.630673
v 2.730397 6.001706 0.657632
v 2.663072 6.015801 0.674078
v 2.326409 6.392440 0.110383
v 2.227383 6.292224 0.110384
v 2.164610 6.167151 0.110478
v 2.142998 6.029887 0.110548
v 2.164608 5.892633 0.110509
v 2.227379 5.767578 0.110412
v 2.326409 5.667355 0.110388
v 2.452893 5.602348 0.110487
v 2.594047 5.579798 0.110547
v 2.735201 5.602348 0.110487
v 2.861685 5.667355 0.110388
v 2.960714 5.767578 0.110412
v 3.023485 5.892633 0.110509
v 3.037482 5.938533 0.110540
v 3.045095 6.029887 0.110548
v 3.023484 6.167151 0.110478
v 2.960711 6.292224 0.110384
v 2.861684 6.392440 0.110383
v 2.735204 6.457397 0.110514
v 2.594047 6.479914 0.110590
v 2.452890 6.457397 0.110514
v 2.319434 6.391356 0.005545
v 2.220736 6.289412 0.005552
v 2.159564 6.164246 0.005751
v 2.138532 6.029271 0.005902
v 2.159555 5.894325 0.005817
v 2.220725 5.769208 0.005615
v 2.319433 5.667245 0.005560
v 2.448447 5.599977 0.005761
v 2.594047 5.576387 0.005886
v 2.739647 5.599977 0.005761
v 2.868661 5.667245 0.005560
v 2.967368 5.769208 0.005615
v 3.028538 5.894325 0.005817
v 3.042098 5.939517 0.005882
v 3.049560 6.029271 0.005902
v 3.028530 6.164246 0.005751
v 2.967358 6.289412 0.005552
v 2.868659 6.391356 0.005545
v 2.739655 6.458487 0.005813
v 2.594047 6.481986 0.005972
v 2.448439 6.458487 0.005813
v 2.311672 6.389379 -0.110431
v 2.213547 6.285581 -0.110419
v 2.154388 6.160542 -0.110120
v 2.134086 6.028542 -0.109893
v 2.154373 5.896592 -0.110021
v 2.213528 5.771641 -0.110326
v 2.311669 5.667809 -0.110412
v 2.443443 5.597987 -0.110112
v 2.594047 5.573208 -0.109927
v 2.744651 5.597987 -0.110112
v 2.876425 5.667809 -0.110412
v 2.974565 5.771641 -0.110326
v 3.033720 5.896592 -0.110021
v 3.046738 5.940859 -0.109924
v 3.054007 6.028542 -0.109893
v 3.033707 6.160542 -0.110120
v 2.974547 6.285581 -0.110419
v 2.876421 6.389379 -0.110431
v 2.744665 6.458961 -0.110030
v 2.594047 6.483581 -0.109792
v 2.443429 6.458961 -0.110030
v 2.749017 6.496784 0.131821
v 2.594047 6.521564 0.131923
v 2.439077 6.496784 0.131821
v 2.300529 6.425439 0.131652
v 2.192538 6.315714 0.131663
v 2.124372 6.179207 0.131799
v 2.100915 6.029894 0.131910
v 2.124371 5.880597 0.131848
v 2.192537 5.744118 0.131713
v 2.300533 5.634385 0.131672
v 2.439084 5.562969 0.131800
v 2.594047 5.538143 0.131880
v 2.749010 5.562969 0.131800
v 2.887561 5.634385 0.131672
v 2.995556 5.744118 0.131713
v 3.063722 5.880597 0.131848
v 3.078901 5.930538 0.131899
v 3.087178 6.029894 0.131910
v 3.063722 6.179207 0.131799
v 2.995556 6.315714 0.131663
v 2.887564 6.425439 0.131652
v 2.752701 6.494800 0.023768
v 2.594047 6.520455 0.023953
v 2.435392 6.494800 0.023768
v 2.295094 6.421626 0.023455
v 2.188178 6.310801 0.023463
v 2.122175 6.175108 0.023696
v 2.099488 6.029230 0.023872
v 2.122165 5.883386 0.023772
v 2.188165 5.747753 0.023536
v 2.295092 5.636904 0.023470
v 2.435401 5.563566 0.023705
v 2.594047 5.537801 0.023851
v 2.752692 5.563567 0.023705
v 2.893001 5.636904 0.023470
v 2.999928 5.747753 0.023536
v 3.065928 5.883386 0.023772
v 3.080545 5.932240 0.023848
v 3.088604 6.029230 0.023872
v 3.065920 6.175108 0.023696
v 2.999916 6.310801 0.023463
v 2.892999 6.421626 0.023455
v 2.758165 6.495248 -0.111749
v 2.594047 6.522124 -0.111468
v 2.429928 6.495248 -0.111748
v 2.286633 6.419407 -0.112222
v 2.180350 6.306571 -0.112208
v 2.116550 6.171040 -0.111855
v 2.094662 6.028432 -0.111587
v 2.116533 5.885886 -0.111738
v 2.180328 5.750455 -0.112098
v 2.286629 5.637580 -0.112200
v 2.429944 5.561462 -0.111846
v 2.594047 5.534401 -0.111628
v 2.758150 5.561462 -0.111846
v 2.901465 5.637580 -0.112200
v 3.007765 5.750455 -0.112098
v 3.071560 5.885886 -0.111738
v 3.085582 5.933722 -0.111623
v 3.093431 6.028432 -0.111587
v 3.071544 6.171040 -0.111855
v 3.007744 6.306571 -0.112208
v 2.901461 6.419407 -0.112222
v 2.751528 6.495791 0.055593
v 2.594046 6.521158 0.055758
v 2.436565 6.495791 0.055593
v 2.296779 6.423207 0.055315
v 2.189412 6.312695 0.055325
v 2.122608 6.176631 0.055538
v 2.099636 6.029462 0.055703
v 2.122601 5.882319 0.055611
v 2.189404 5.746305 0.055398
v 2.296780 5.635775 0.055337
v 2.436575 5.563061 0.055547
v 2.594047 5.537606 0.055678
v 2.751519 5.563061 0.055547
v 2.891314 5.635775 0.055337
v 2.998689 5.746305 0.055398
v 3.065492 5.882319 0.055611
v 3.080315 5.931584 0.055682
v 3.088456 6.029462 0.055703
v 3.065486 6.176631 0.055538
v 2.998682 6.312696 0.055326
v 2.891314 6.423207 0.055315
v 2.756826 6.495248 -0.076935
v 2.594047 6.521824 -0.076681
v 2.431267 6.495248 -0.076935
v 2.288694 6.420060 -0.077364
v 2.182229 6.307703 -0.077351
v 2.117861 6.172098 -0.077031
v 2.095767 6.028633 -0.076789
v 2.117845 5.885221 -0.076925
v 2.182209 5.749707 -0.077252
v 2.288691 5.637315 -0.077344
v 2.431282 5.561878 -0.077023
v 2.594047 5.535136 -0.076825
v 2.756812 5.561878 -0.077023
v 2.899402 5.637315 -0.077344
v 3.005884 5.749707 -0.077252
v 3.070248 5.885221 -0.076925
v 3.084423 5.933326 -0.076821
v 3.092326 6.028633 -0.076789
v 3.070234 6.172098 -0.077031
v 3.005865 6.307703 -0.077351
v 2.899399 6.420060 -0.077364
v 2.742904 6.483384 0.176180
v 2.594047 6.507071 0.176248
v 2.445189 6.483384 0.176180
v 2.311505 6.414911 0.176062
v 2.206359 6.308932 0.176060
v 2.139417 6.176234 0.176139
v 2.116362 6.030107 0.176196
v 2.139415 5.883986 0.176163
v 2.206356 5.751300 0.176080
v 2.311504 5.645316 0.176061
v 2.445191 5.576807 0.176150
v 2.594047 5.553096 0.176204
v 2.742903 5.576807 0.176150
v 2.876589 5.645315 0.176061
v 2.981737 5.751301 0.176080
v 3.048678 5.883986 0.176163
v 3.063621 5.932837 0.176189
v 3.071731 6.030107 0.176196
v 3.048677 6.176235 0.176139
v 2.981735 6.308932 0.176060
v 2.876589 6.414911 0.176062
vt 0.103842 0.851340
vt 0.092342 0.851357
vt 0.122640 0.851357
vt 0.152938 0.851357
vt 0.140604 0.851340
vt 0.149795 0.851340
vt 0.158986 0.851340
vt 0.168177 0.851340
vt 0.177367 0.851340
vt 0.186558 0.851340
vt 0.189315 0.855926
vt 0.202853 0.855926
vt 0.216390 0.855926
vt 0.229927 0.855926
vt 0.243465 0.855926
vt 0.257002 0.855926
vt 0.270540 0.855926
vt 0.284077 0.855926
vt 0.297615 0.855926
vt 0.311152 0.855926
vt 0.321773 0.855926
vt 0.103255 0.859767
vt 0.119638 0.861017
vt 0.135172 0.864665
vt 0.147534 0.897306
vt 0.156725 0.897306
vt 0.165168 0.898347
vt 0.173166 0.900454
vt 0.180712 0.903604
vt 0.187813 0.907727
vt 0.257537 0.888667
vt 0.260121 0.882414
vt 0.263259 0.876671
vt 0.267101 0.871508
vt 0.271655 0.867031
vt 0.276879 0.863343
vt 0.282696 0.860544
vt 0.289005 0.858719
vt 0.295703 0.857932
vt 0.302725 0.858214
vt 0.310015 0.859721
vt 0.317241 0.862392
vt 0.102975 0.868208
vt 0.118706 0.869181
vt 0.133105 0.872511
vt 0.147886 0.902019
vt 0.156479 0.901677
vt 0.164403 0.902463
vt 0.171865 0.904336
vt 0.178892 0.907260
vt 0.185519 0.911190
vt 0.260838 0.889860
vt 0.263131 0.883821
vt 0.265985 0.878402
vt 0.269502 0.873593
vt 0.273682 0.869462
vt 0.278483 0.866087
vt 0.283830 0.863557
vt 0.289634 0.861950
vt 0.295803 0.861331
vt 0.302269 0.861757
vt 0.308901 0.863329
vt 0.315669 0.866055
vt 0.103030 0.876656
vt 0.117782 0.877311
vt 0.130998 0.880349
vt 0.148502 0.906631
vt 0.156401 0.905957
vt 0.163733 0.906483
vt 0.170619 0.908121
vt 0.177090 0.910820
vt 0.183177 0.914555
vt 0.264222 0.890872
vt 0.266136 0.885127
vt 0.268666 0.880049
vt 0.271839 0.875596
vt 0.275639 0.871804
vt 0.280015 0.868734
vt 0.284894 0.866466
vt 0.290193 0.865069
vt 0.295824 0.864612
vt 0.301709 0.865162
vt 0.307718 0.866807
vt 0.313891 0.869617
vt 0.103423 0.885103
vt 0.116863 0.885454
vt 0.128864 0.888144
vt 0.149414 0.911172
vt 0.156505 0.910192
vt 0.163154 0.910471
vt 0.169404 0.911872
vt 0.175265 0.914334
vt 0.180734 0.917848
vt 0.267703 0.891670
vt 0.269191 0.886321
vt 0.271357 0.881628
vt 0.274164 0.877546
vt 0.277567 0.874100
vt 0.281508 0.871338
vt 0.285911 0.869329
vt 0.290691 0.868138
vt 0.295763 0.867833
vt 0.301040 0.868488
vt 0.306403 0.870198
vt 0.311862 0.873064
vt 0.104139 0.893545
vt 0.115945 0.893639
vt 0.126597 0.895945
vt 0.150638 0.915630
vt 0.156796 0.914427
vt 0.162664 0.914480
vt 0.168203 0.915643
vt 0.173382 0.917844
vt 0.178148 0.921080
vt 0.271293 0.892225
vt 0.272335 0.887391
vt 0.274110 0.883147
vt 0.276526 0.879474
vt 0.279511 0.876393
vt 0.282993 0.873949
vt 0.286896 0.872202
vt 0.291132 0.871214
vt 0.295611 0.871052
vt 0.300241 0.871789
vt 0.304904 0.873526
vt 0.309544 0.876370
vt 0.105153 0.901976
vt 0.115022 0.901890
vt 0.124156 0.903801
vt 0.152195 0.920008
vt 0.157295 0.918693
vt 0.162269 0.918563
vt 0.166998 0.919485
vt 0.171402 0.921391
vt 0.175380 0.924257
vt 0.274999 0.892499
vt 0.275613 0.888319
vt 0.276981 0.884615
vt 0.278977 0.881405
vt 0.281512 0.878725
vt 0.284503 0.876621
vt 0.287866 0.875147
vt 0.291514 0.874361
vt 0.295354 0.874326
vt 0.299281 0.875109
vt 0.303175 0.876809
vt 0.306912 0.879508
vt 0.106425 0.910398
vt 0.114098 0.910218
vt 0.121535 0.911737
vt 0.154080 0.924298
vt 0.158019 0.923021
vt 0.161970 0.922772
vt 0.165771 0.923455
vt 0.169292 0.925007
vt 0.172401 0.927395
vt 0.278821 0.892455
vt 0.279066 0.889080
vt 0.280029 0.886032
vt 0.281581 0.883372
vt 0.283625 0.881151
vt 0.286072 0.879423
vt 0.288839 0.878240
vt 0.291835 0.877655
vt 0.294963 0.877722
vt 0.298114 0.878497
vt 0.301160 0.880058
vt 0.303940 0.882440
vt 0.107906 0.918816
vt 0.113163 0.918635
vt 0.118733 0.919770
vt 0.156304 0.928495
vt 0.158989 0.927442
vt 0.161780 0.927160
vt 0.164504 0.927610
vt 0.167018 0.928740
vt 0.169175 0.930504
vt 0.282747 0.892052
vt 0.282743 0.889650
vt 0.283333 0.887407
vt 0.284421 0.885415
vt 0.285920 0.883744
vt 0.287752 0.882453
vt 0.289834 0.881593
vt 0.292082 0.881204
vt 0.294398 0.881331
vt 0.296679 0.882008
vt 0.298803 0.883276
vt 0.300610 0.885120
vt 0.109539 0.927245
vt 0.112215 0.927130
vt 0.115823 0.927910
vt 0.158840 0.932566
vt 0.160209 0.931978
vt 0.161696 0.931805
vt 0.163176 0.932022
vt 0.164524 0.932662
vt 0.165676 0.933608
vt 0.286732 0.891294
vt 0.286692 0.890024
vt 0.287013 0.888781
vt 0.287633 0.887638
vt 0.288521 0.886670
vt 0.289628 0.885913
vt 0.290886 0.885431
vt 0.292246 0.885215
vt 0.293597 0.885321
vt 0.294894 0.885746
vt 0.296046 0.886487
vt 0.296964 0.887509
vt 0.111295 0.935675
vt 0.111236 0.935703
vt 0.112877 0.936125
vt 0.161393 0.936596
vt 0.161464 0.936571
vt 0.161807 0.936602
vt 0.161749 0.936557
vt 0.162140 0.936763
vt 0.162129 0.936817
vt 0.290751 0.890556
vt 0.290772 0.890467
vt 0.290924 0.890165
vt 0.291127 0.889949
vt 0.291476 0.889795
vt 0.291743 0.889652
vt 0.292281 0.889671
vt 0.292572 0.889512
vt 0.292902 0.889641
vt 0.293140 0.889769
vt 0.293246 0.889953
vt 0.103842 0.851340
vt 0.092189 0.851458
vt 0.103865 0.851343
vt 0.122485 0.851459
vt 0.103857 0.851348
vt 0.152967 0.851637
vt 0.117246 0.793103
vt 0.140594 0.851420
vt 0.118658 0.791815
vt 0.149960 0.851483
vt 0.133576 0.796759
vt 0.158944 0.851392
vt 0.144305 0.794734
vt 0.168135 0.851392
vt 0.154488 0.791771
vt 0.177323 0.851371
vt 0.163446 0.788489
vt 0.186517 0.851391
vt 0.186558 0.851340
vt 0.189254 0.856002
vt 0.188103 0.853285
vt 0.202784 0.855972
vt 0.190938 0.854791
vt 0.216321 0.855972
vt 0.195320 0.856888
vt 0.230115 0.856142
vt 0.202058 0.859629
vt 0.243411 0.856048
vt 0.211108 0.862410
vt 0.256939 0.856003
vt 0.222167 0.864460
vt 0.270477 0.856002
vt 0.233761 0.865527
vt 0.284016 0.856002
vt 0.245084 0.866019
vt 0.297555 0.855992
vt 0.256382 0.866140
vt 0.308235 0.855926
vt 0.267647 0.865919
vt 0.321773 0.855926
vt 0.111423 0.777448
vt 0.116112 0.789411
vt 0.111783 0.792356
vt 0.103839 0.851343
vt 0.202516 0.851074
vt 0.202461 0.852294
vt 0.196032 0.851891
vt 0.195693 0.850976
vt 0.185679 0.850078
vt 0.186199 0.850934
vt 0.149953 0.781069
vt 0.146961 0.769751
vt 0.127874 0.772054
vt 0.130471 0.786281
vt 0.121060 0.787783
vt 0.118727 0.774338
vt 0.110386 0.745646
vt 0.120908 0.743374
vt 0.124641 0.757764
vt 0.114774 0.760155
vt 0.098896 0.747498
vt 0.105428 0.762863
vt 0.141899 0.747041
vt 0.151576 0.752049
vt 0.185173 0.848936
vt 0.144543 0.758366
vt 0.131624 0.743878
vt 0.134739 0.757206
vt 0.140268 0.784010
vt 0.137455 0.770564
vt 0.188456 0.850343
vt 0.188700 0.851213
vt 0.186869 0.850861
vt 0.186802 0.850036
vt 0.186168 0.848331
vt 0.187915 0.848877
vt 0.188235 0.849570
vt 0.186557 0.849167
vt 0.195109 0.849504
vt 0.202473 0.848983
vt 0.202513 0.850028
vt 0.195420 0.850227
vt 0.190554 0.849457
vt 0.190904 0.850069
vt 0.191614 0.851525
vt 0.191210 0.850739
vt 0.255981 0.841402
vt 0.256065 0.852396
vt 0.243918 0.852681
vt 0.244914 0.845223
vt 0.222340 0.850662
vt 0.221024 0.852947
vt 0.210911 0.852754
vt 0.211614 0.851225
vt 0.212484 0.848558
vt 0.223925 0.846319
vt 0.223148 0.848507
vt 0.212064 0.849902
vt 0.244756 0.830260
vt 0.253556 0.819429
vt 0.254781 0.830437
vt 0.244866 0.837755
vt 0.234897 0.839888
vt 0.234313 0.844232
vt 0.232244 0.852868
vt 0.233684 0.848543
vt 0.103843 0.851334
vt 0.103838 0.851334
vt 0.103839 0.851337
vt 0.266954 0.837699
vt 0.262263 0.809019
vt 0.103849 0.851344
vt 0.103844 0.851340
vt 0.103855 0.851344
vt 0.103842 0.851339
vt 0.095116 0.767633
vt 0.103846 0.851341
vt 0.103844 0.851341
vt 0.103842 0.851328
vt 0.103839 0.851335
vt 0.247879 0.826630
vt 0.248322 0.835312
vt 0.248739 0.843952
vt 0.248085 0.852622
vt 0.297615 0.855926
vt 0.305879 0.854733
vt 0.308176 0.855916
vt 0.305216 0.858561
vt 0.304526 0.862135
vt 0.303758 0.865563
vt 0.302878 0.868911
vt 0.301852 0.872225
vt 0.300642 0.875546
vt 0.299196 0.878907
vt 0.297449 0.882351
vt 0.295321 0.885948
vt 0.168077 0.851384
vt 0.158894 0.851291
vt 0.177267 0.851379
vt 0.168085 0.851292
vt 0.186458 0.851383
vt 0.177265 0.851301
vt 0.189166 0.855989
vt 0.186468 0.851292
vt 0.202701 0.855984
vt 0.189184 0.855855
vt 0.216238 0.855985
vt 0.202705 0.855868
vt 0.229889 0.856252
vt 0.216242 0.855868
vt 0.243304 0.855999
vt 0.229885 0.856087
vt 0.256852 0.855993
vt 0.243343 0.855874
vt 0.270391 0.855992
vt 0.256867 0.855852
vt 0.283930 0.855991
vt 0.270404 0.855853
vt 0.297467 0.855983
vt 0.283942 0.855855
vt 0.308094 0.855959
vt 0.297477 0.855864
vt 0.308089 0.855931
vt 0.321623 0.855977
vt 0.308087 0.855874
vt 0.092003 0.851487
vt 0.321624 0.855876
vt 0.122299 0.851488
vt 0.092011 0.851227
vt 0.152668 0.851658
vt 0.122309 0.851226
vt 0.140515 0.851411
vt 0.152708 0.851363
vt 0.149793 0.851597
vt 0.140530 0.851323
vt 0.158885 0.851385
vt 0.149775 0.851489
vt 0.167961 0.851386
vt 0.158766 0.851295
vt 0.177148 0.851381
vt 0.167957 0.851296
vt 0.186341 0.851385
vt 0.177145 0.851300
vt 0.188994 0.855992
vt 0.186340 0.851296
vt 0.202526 0.855987
vt 0.188995 0.855860
vt 0.216062 0.855988
vt 0.202530 0.855866
vt 0.229526 0.856083
vt 0.216067 0.855865
vt 0.243158 0.855973
vt 0.229808 0.855891
vt 0.256682 0.855995
vt 0.243159 0.855870
vt 0.270220 0.855994
vt 0.256680 0.855859
vt 0.283758 0.855993
vt 0.270217 0.855860
vt 0.297296 0.855986
vt 0.283754 0.855861
vt 0.307917 0.855960
vt 0.297293 0.855868
vt 0.307910 0.855929
vt 0.321448 0.855978
vt 0.307914 0.855877
vt 0.091610 0.851493
vt 0.321450 0.855874
vt 0.121905 0.851495
vt 0.091620 0.851221
vt 0.152175 0.851543
vt 0.121917 0.851219
vt 0.140382 0.851391
vt 0.152358 0.851245
vt 0.149515 0.851462
vt 0.140415 0.851304
vt 0.158769 0.851386
vt 0.149740 0.851307
vt 0.167827 0.851340
vt 0.158636 0.851340
vt 0.177018 0.851340
vt 0.167827 0.851340
vt 0.186208 0.851340
vt 0.177018 0.851340
vt 0.188800 0.855926
vt 0.186208 0.851340
vt 0.202338 0.855926
vt 0.188800 0.855926
vt 0.215875 0.855926
vt 0.202338 0.855926
vt 0.229412 0.855926
vt 0.215875 0.855926
vt 0.242950 0.855926
vt 0.229412 0.855926
vt 0.256487 0.855926
vt 0.242950 0.855926
vt 0.270025 0.855926
vt 0.256487 0.855926
vt 0.283562 0.855926
vt 0.270025 0.855926
vt 0.297100 0.855926
vt 0.283562 0.855926
vt 0.307720 0.855926
vt 0.297100 0.855926
vt 0.307720 0.855926
vt 0.321258 0.855926
vt 0.307720 0.855926
vt 0.091189 0.851357
vt 0.321258 0.855926
vt 0.121487 0.851357
vt 0.091189 0.851357
vt 0.151785 0.851357
vt 0.121487 0.851357
vt 0.140255 0.851340
vt 0.151785 0.851357
vt 0.149446 0.851340
vt 0.140255 0.851340
vt 0.158636 0.851340
vt 0.149446 0.851340
vt 0.140483 0.851413
vt 0.152625 0.851341
vt 0.149718 0.851598
vt 0.140500 0.851316
vt 0.158860 0.851394
vt 0.149786 0.851474
vt 0.168051 0.851393
vt 0.158858 0.851287
vt 0.177236 0.851373
vt 0.168049 0.851288
vt 0.186432 0.851393
vt 0.177234 0.851308
vt 0.189129 0.856004
vt 0.186432 0.851288
vt 0.202656 0.855975
vt 0.189130 0.855848
vt 0.216193 0.855975
vt 0.202659 0.855878
vt 0.229797 0.856239
vt 0.216196 0.855878
vt 0.243266 0.855986
vt 0.229887 0.856068
vt 0.256815 0.856006
vt 0.243292 0.855862
vt 0.270354 0.856005
vt 0.256815 0.855847
vt 0.283892 0.856004
vt 0.270351 0.855848
vt 0.297427 0.855994
vt 0.283889 0.855849
vt 0.308041 0.855981
vt 0.297425 0.855859
vt 0.308047 0.855934
vt 0.321576 0.855971
vt 0.308038 0.855871
vt 0.091902 0.851465
vt 0.321578 0.855882
vt 0.122199 0.851465
vt 0.091909 0.851248
vt 0.152542 0.851656
vt 0.122207 0.851248
vt 0.140351 0.851381
vt 0.152301 0.851171
vt 0.149438 0.851395
vt 0.140395 0.851293
vt 0.158755 0.851390
vt 0.149728 0.851213
vt 0.167945 0.851390
vt 0.158751 0.851291
vt 0.177120 0.851372
vt 0.167941 0.851292
vt 0.186325 0.851389
vt 0.177118 0.851309
vt 0.188970 0.855998
vt 0.186323 0.851292
vt 0.202485 0.855972
vt 0.188971 0.855855
vt 0.216022 0.855972
vt 0.202488 0.855880
vt 0.229424 0.855995
vt 0.216026 0.855880
vt 0.243120 0.855993
vt 0.229795 0.855784
vt 0.256661 0.856001
vt 0.243120 0.855856
vt 0.270199 0.856000
vt 0.256659 0.855852
vt 0.283736 0.855999
vt 0.270194 0.855854
vt 0.297266 0.855989
vt 0.283731 0.855855
vt 0.307869 0.855983
vt 0.297263 0.855865
vt 0.307879 0.855937
vt 0.321405 0.855970
vt 0.307867 0.855869
vt 0.091519 0.851460
vt 0.321406 0.855882
vt 0.121816 0.851460
vt 0.091526 0.851253
vt 0.152061 0.851494
vt 0.121826 0.851253
vt 0.140233 0.851340
vt 0.151712 0.851357
vt 0.140916 0.851344
vt 0.152204 0.851364
vt 0.149500 0.851337
vt 0.140917 0.851337
vt 0.167732 0.851426
vt 0.149500 0.851343
vt 0.176926 0.851423
vt 0.167731 0.851254
vt 0.186151 0.851421
vt 0.176926 0.851257
vt 0.195309 0.851420
vt 0.186152 0.851260
vt 0.202201 0.856049
vt 0.195309 0.851260
vt 0.215786 0.856053
vt 0.202201 0.855804
vt 0.229320 0.856059
vt 0.215786 0.855799
vt 0.230662 0.855934
vt 0.229321 0.855794
vt 0.256125 0.856060
vt 0.230662 0.855919
vt 0.269878 0.856059
vt 0.256125 0.855793
vt 0.283422 0.856053
vt 0.269878 0.855794
vt 0.296964 0.856049
vt 0.283421 0.855800
vt 0.310583 0.856033
vt 0.296964 0.855804
vt 0.310584 0.855951
vt 0.306487 0.855910
vt 0.310584 0.855795
vt 0.105111 0.851353
vt 0.306487 0.855943
vt 0.121287 0.851641
vt 0.105111 0.851328
vt 0.151579 0.851654
vt 0.121289 0.851073
vt 0.140426 0.851404
vt 0.152484 0.851292
vt 0.149614 0.851550
vt 0.140452 0.851312
vt 0.158807 0.851397
vt 0.149773 0.851398
vt 0.167998 0.851395
vt 0.158803 0.851283
vt 0.177196 0.851373
vt 0.167994 0.851284
vt 0.186380 0.851394
vt 0.177194 0.851307
vt 0.189051 0.856007
vt 0.186378 0.851286
vt 0.202598 0.855976
vt 0.189052 0.855846
vt 0.216135 0.855976
vt 0.202601 0.855877
vt 0.229658 0.856184
vt 0.216138 0.855877
vt 0.243216 0.855982
vt 0.229853 0.855989
vt 0.256736 0.856011
vt 0.243226 0.855854
vt 0.270275 0.856009
vt 0.256734 0.855841
vt 0.283814 0.856007
vt 0.270271 0.855841
vt 0.297353 0.855995
vt 0.283809 0.855843
vt 0.307977 0.855977
vt 0.297350 0.855857
vt 0.307970 0.855935
vt 0.321519 0.855972
vt 0.307980 0.855872
vt 0.091772 0.851468
vt 0.321520 0.855882
vt 0.122069 0.851469
vt 0.091779 0.851247
vt 0.152345 0.851629
vt 0.122077 0.851247
vt 0.140289 0.851352
vt 0.152112 0.851009
vt 0.149461 0.851340
vt 0.140270 0.851340
vt 0.158652 0.851340
vt 0.149461 0.851340
vt 0.167842 0.851340
vt 0.158652 0.851340
vt 0.177033 0.851340
vt 0.167842 0.851340
vt 0.186224 0.851340
vt 0.177033 0.851340
vt 0.188823 0.855926
vt 0.186224 0.851340
vt 0.202360 0.855926
vt 0.188823 0.855926
vt 0.215898 0.855926
vt 0.202360 0.855926
vt 0.229435 0.855926
vt 0.215898 0.855926
vt 0.242973 0.855926
vt 0.229435 0.855926
vt 0.256510 0.855926
vt 0.242973 0.855926
vt 0.270047 0.855926
vt 0.256510 0.855926
vt 0.283585 0.855926
vt 0.270047 0.855926
vt 0.297122 0.855926
vt 0.283585 0.855926
vt 0.307743 0.855926
vt 0.297122 0.855926
vt 0.307743 0.855926
vt 0.321281 0.855926
vt 0.307743 0.855926
vt 0.091240 0.851357
vt 0.321281 0.855926
vt 0.121538 0.851357
vt 0.091240 0.851357
vt 0.151836 0.851357
vt 0.121538 0.851357
vt 0.140558 0.851420
vt 0.152830 0.851362
vt 0.149896 0.851551
vt 0.140576 0.851330
vt 0.158911 0.851386
vt 0.149766 0.851427
vt 0.168102 0.851385
vt 0.158947 0.851303
vt 0.177314 0.851370
vt 0.168138 0.851303
vt 0.186483 0.851385
vt 0.177332 0.851311
vt 0.189202 0.855993
vt 0.186520 0.851304
vt 0.202772 0.855970
vt 0.189259 0.855873
vt 0.216309 0.855970
vt 0.202801 0.855884
vt 0.230022 0.856216
vt 0.216339 0.855883
vt 0.243363 0.856031
vt 0.229889 0.856032
vt 0.256889 0.855994
vt 0.243418 0.855895
vt 0.270429 0.855994
vt 0.256946 0.855871
vt 0.283967 0.855993
vt 0.270483 0.855871
vt 0.297514 0.855985
vt 0.284020 0.855871
vt 0.308135 0.855926
vt 0.297556 0.855878
vt 0.308135 0.855919
vt 0.321719 0.855967
vt 0.308164 0.855877
vt 0.092161 0.851454
vt 0.321720 0.855886
vt 0.122458 0.851455
vt 0.092228 0.851261
vt 0.152835 0.851656
vt 0.122526 0.851261
vt 0.308178 0.855892
vt 0.318653 0.858649
vt 0.303038 0.854463
vt 0.295525 0.854345
vt 0.288294 0.855307
vt 0.281465 0.857359
vt 0.275167 0.860443
vt 0.269510 0.864462
vt 0.264580 0.869301
vt 0.260423 0.874837
vt 0.257045 0.880912
vt 0.197182 0.909186
vt 0.190126 0.904136
vt 0.182599 0.899794
vt 0.174550 0.896403
vt 0.166024 0.894062
vt 0.157045 0.892786
vt 0.153337 0.861396
vt 0.137181 0.855201
vt 0.120592 0.852737
vt 0.121719 0.851239
vt 0.151825 0.851320
vt 0.140270 0.851340
vt 0.151836 0.851357
vt 0.091415 0.851239
vt 0.121706 0.851475
vt 0.321351 0.855877
vt 0.091405 0.851475
vt 0.307802 0.855869
vt 0.321349 0.855976
vt 0.307801 0.855930
vt 0.297197 0.855875
vt 0.307785 0.855979
vt 0.283668 0.855871
vt 0.297201 0.855978
vt 0.270134 0.855870
vt 0.283673 0.855982
vt 0.256601 0.855869
vt 0.270139 0.855983
vt 0.243043 0.855860
vt 0.256603 0.855983
vt 0.229670 0.855523
vt 0.243042 0.855993
vt 0.215978 0.855874
vt 0.229250 0.855735
vt 0.202438 0.855874
vt 0.215973 0.855979
vt 0.188905 0.855872
vt 0.202434 0.855979
vt 0.186278 0.851304
vt 0.188904 0.855981
vt 0.177083 0.851305
vt 0.186279 0.851377
vt 0.167899 0.851303
vt 0.177086 0.851376
vt 0.158710 0.851302
vt 0.167902 0.851378
vt 0.149634 0.851009
vt 0.158714 0.851379
vt 0.140339 0.851257
vt 0.149310 0.851194
vt 0.121414 0.851357
vt 0.151712 0.851357
vt 0.152202 0.851350
vt 0.151581 0.851060
vt 0.091116 0.851357
vt 0.121414 0.851357
vt 0.321225 0.855926
vt 0.091116 0.851357
vt 0.307688 0.855926
vt 0.321225 0.855926
vt 0.307688 0.855926
vt 0.297067 0.855926
vt 0.307688 0.855926
vt 0.283529 0.855926
vt 0.297067 0.855926
vt 0.269992 0.855926
vt 0.283529 0.855926
vt 0.256455 0.855926
vt 0.269992 0.855926
vt 0.242917 0.855926
vt 0.256455 0.855926
vt 0.229380 0.855926
vt 0.242917 0.855926
vt 0.215842 0.855926
vt 0.229380 0.855926
vt 0.202305 0.855926
vt 0.215842 0.855926
vt 0.188768 0.855926
vt 0.202305 0.855926
vt 0.186186 0.851340
vt 0.188768 0.855926
vt 0.176996 0.851340
vt 0.186186 0.851340
vt 0.167805 0.851340
vt 0.176996 0.851340
vt 0.158614 0.851340
vt 0.167805 0.851340
vt 0.149423 0.851340
vt 0.158614 0.851340
vt 0.140233 0.851340
vt 0.149423 0.851340
vt 0.103846 0.851328
vt 0.104060 0.781994
vt 0.103847 0.851346
vt 0.086119 0.751671
vt 0.147589 0.892562
vt 0.118203 0.929202
vt 0.123457 0.922239
vt 0.128471 0.915150
vt 0.133171 0.907895
vt 0.137496 0.900477
vt 0.141421 0.892899
vt 0.144939 0.885170
vt 0.148070 0.877306
vt 0.150869 0.869332
vt 0.248852 0.866353
vt 0.256138 0.866271
vt 0.297615 0.855796
vt 0.103842 0.851340
vt 0.308235 0.855926
vt 0.244901 0.866402
vt 0.284077 0.855926
vt 0.233636 0.866216
vt 0.270540 0.855926
vt 0.222354 0.865633
vt 0.257002 0.855926
vt 0.211368 0.864278
vt 0.243465 0.855926
vt 0.201846 0.861906
vt 0.229927 0.855926
vt 0.195006 0.859178
vt 0.216390 0.855926
vt 0.190606 0.856488
vt 0.202853 0.855926
vt 0.187980 0.854461
vt 0.189315 0.855926
vt 0.186299 0.852929
vt 0.186558 0.851340
vt 0.186558 0.851340
vt 0.177367 0.851340
vt 0.154485 0.791594
vt 0.168177 0.851340
vt 0.144992 0.794772
vt 0.158986 0.851340
vt 0.134314 0.797093
vt 0.149795 0.851340
vt 0.123519 0.798398
vt 0.140604 0.851340
vt 0.152938 0.851357
vt 0.115834 0.794392
vt 0.122640 0.851357
vt 0.103835 0.851356
vt 0.092342 0.851357
vt 0.103851 0.851359
vt 0.103842 0.851340
vt 0.159428 0.777842
vt 0.154033 0.760692
vt 0.156360 0.769397
vt 0.184650 0.847753
vt 0.254301 0.887332
vt 0.166494 0.934855
vt 0.170824 0.932837
vt 0.174931 0.930593
vt 0.178803 0.928119
vt 0.182441 0.925414
vt 0.185835 0.922488
vt 0.188977 0.919368
vt 0.191890 0.916094
vt 0.194608 0.912692
vt 0.268204 0.852031
vt 0.103850 0.851339
vt 0.264613 0.823385
vt 0.103845 0.851344
vt 0.103842 0.851328
vt 0.103844 0.851341
vt 0.103839 0.851335
vt 0.103846 0.851341
vt 0.137464 0.856671
vt 0.114803 0.927832
vt 0.118254 0.919967
vt 0.121541 0.912076
vt 0.124626 0.904146
vt 0.127467 0.896158
vt 0.130032 0.888101
vt 0.132291 0.879969
vt 0.134229 0.871768
vt 0.135848 0.863507
vn 0.948125 0.308064 0.078461
vn 0.806523 0.585974 0.078459
vn 0.799334 0.580751 0.154248
vn 0.939675 0.305317 0.154248
vn 0.585973 0.806524 0.078457
vn 0.580750 0.799335 0.154249
vn 0.308066 0.948125 0.078453
vn 0.305318 0.939675 0.154248
vn -0.000000 0.996918 0.078451
vn 0.000000 0.988033 0.154245
vn -0.308067 0.948124 0.078455
vn -0.305319 0.939675 0.154247
vn -0.585974 0.806523 0.078458
vn -0.580751 0.799335 0.154249
vn -0.806523 0.585974 0.078457
vn -0.799335 0.580751 0.154249
vn -0.948125 0.308065 0.078458
vn -0.939675 0.305318 0.154248
vn -0.996917 0.000000 0.078460
vn -0.988032 -0.000000 0.154249
vn -0.948125 -0.308064 0.078460
vn -0.939674 -0.305318 0.154250
vn -0.806522 -0.585974 0.078462
vn -0.799334 -0.580751 0.154251
vn -0.585972 -0.806524 0.078462
vn -0.580750 -0.799335 0.154247
vn -0.308066 -0.948124 0.078457
vn -0.305320 -0.939674 0.154246
vn 0.000000 -0.996918 0.078457
vn -0.000000 -0.988032 0.154248
vn 0.308066 -0.948125 0.078456
vn 0.305320 -0.939674 0.154246
vn 0.585973 -0.806523 0.078458
vn 0.580751 -0.799335 0.154247
vn 0.806522 -0.585974 0.078462
vn 0.799334 -0.580752 0.154250
vn 0.907546 -0.412653 0.077967
vn 0.899511 -0.409014 0.153580
vn 0.984614 -0.156024 0.078686
vn 0.975736 -0.154610 0.155032
vn 0.995049 0.061198 0.078313
vn 0.986177 0.060666 0.154193
vn 0.770524 0.559819 0.304788
vn 0.905806 0.294313 0.304788
vn 0.559818 0.770525 0.304789
vn 0.294314 0.905805 0.304790
vn 0.000000 0.952420 0.304790
vn -0.294315 0.905805 0.304790
vn -0.559819 0.770523 0.304790
vn -0.770523 0.559819 0.304790
vn -0.905805 0.294314 0.304789
vn -0.952420 0.000000 0.304788
vn -0.905805 -0.294313 0.304789
vn -0.770523 -0.559819 0.304790
vn -0.559819 -0.770524 0.304789
vn -0.294315 -0.905805 0.304790
vn -0.000000 -0.952419 0.304792
vn 0.294314 -0.905805 0.304789
vn 0.559818 -0.770525 0.304787
vn 0.770524 -0.559819 0.304788
vn 0.867335 -0.394428 0.303573
vn 0.940224 -0.148970 0.306247
vn 0.950649 0.058518 0.304701
vn 0.723291 0.525502 0.447994
vn 0.850278 0.276272 0.447996
vn 0.525502 0.723292 0.447992
vn 0.276271 0.850279 0.447995
vn 0.000000 0.894035 0.447998
vn -0.276272 0.850279 0.447995
vn -0.525502 0.723292 0.447992
vn -0.723290 0.525502 0.447994
vn -0.850278 0.276273 0.447996
vn -0.894036 0.000000 0.447995
vn -0.850279 -0.276273 0.447994
vn -0.723290 -0.525503 0.447994
vn -0.525501 -0.723291 0.447995
vn -0.276272 -0.850278 0.447996
vn 0.000000 -0.894036 0.447996
vn 0.276272 -0.850280 0.447994
vn 0.525501 -0.723292 0.447992
vn 0.723291 -0.525503 0.447992
vn 0.814507 -0.370477 0.446459
vn 0.882062 -0.139735 0.449935
vn 0.892383 0.054993 0.447915
vn 0.658808 0.478651 0.580401
vn 0.774475 0.251641 0.580401
vn 0.478651 0.658807 0.580403
vn 0.251641 0.774474 0.580402
vn 0.000000 0.814331 0.580401
vn -0.251642 0.774475 0.580401
vn -0.478652 0.658808 0.580400
vn -0.658808 0.478651 0.580401
vn -0.774474 0.251642 0.580402
vn -0.814331 0.000000 0.580401
vn -0.774475 -0.251642 0.580401
vn -0.658808 -0.478652 0.580400
vn -0.478652 -0.658809 0.580399
vn -0.251642 -0.774476 0.580399
vn -0.000000 -0.814332 0.580399
vn 0.251641 -0.774475 0.580401
vn 0.478651 -0.658808 0.580400
vn 0.658808 -0.478652 0.580400
vn 0.742241 -0.337705 0.578821
vn 0.802769 -0.127143 0.582578
vn 0.812804 0.050171 0.580373
vn 0.578713 0.420459 0.698789
vn 0.680318 0.221049 0.698788
vn 0.420460 0.578712 0.698789
vn 0.221049 0.680319 0.698787
vn 0.000000 0.715331 0.698786
vn -0.221048 0.680318 0.698788
vn -0.420460 0.578711 0.698790
vn -0.578714 0.420459 0.698788
vn -0.680319 0.221050 0.698787
vn -0.715330 0.000000 0.698787
vn -0.680318 -0.221049 0.698788
vn -0.578713 -0.420460 0.698789
vn -0.420459 -0.578712 0.698789
vn -0.221049 -0.680318 0.698788
vn -0.000000 -0.715329 0.698788
vn 0.221048 -0.680317 0.698790
vn 0.420460 -0.578712 0.698789
vn 0.578713 -0.420460 0.698788
vn 0.652275 -0.296892 0.697419
vn 0.704448 -0.111535 0.700937
vn 0.713910 0.044166 0.698844
vn 0.485140 0.352475 0.800251
vn 0.570314 0.185306 0.800253
vn 0.352476 0.485140 0.800250
vn 0.185308 0.570314 0.800252
vn 0.000000 0.599663 0.800252
vn -0.185307 0.570314 0.800252
vn -0.352474 0.485139 0.800251
vn -0.485139 0.352475 0.800251
vn -0.570315 0.185306 0.800252
vn -0.599666 -0.000000 0.800251
vn -0.570316 -0.185305 0.800251
vn -0.485137 -0.352474 0.800252
vn -0.352473 -0.485138 0.800252
vn -0.185307 -0.570314 0.800252
vn -0.000000 -0.599665 0.800251
vn 0.185307 -0.570315 0.800251
vn 0.352474 -0.485139 0.800251
vn 0.485139 -0.352473 0.800252
vn 0.546922 -0.249077 0.799273
vn 0.589799 -0.093342 0.802138
vn 0.598317 0.037129 0.800399
vn 0.380847 0.276701 0.882265
vn 0.447711 0.145470 0.882266
vn 0.276701 0.380845 0.882266
vn 0.145471 0.447710 0.882267
vn -0.000000 0.470750 0.882267
vn -0.145471 0.447709 0.882267
vn -0.276700 0.380846 0.882266
vn -0.380846 0.276702 0.882265
vn -0.447711 0.145470 0.882266
vn -0.470752 0.000000 0.882266
vn -0.447712 -0.145470 0.882265
vn -0.380845 -0.276701 0.882266
vn -0.276700 -0.380847 0.882266
vn -0.145471 -0.447712 0.882265
vn -0.000000 -0.470751 0.882266
vn 0.145470 -0.447712 0.882266
vn 0.276700 -0.380845 0.882266
vn 0.380846 -0.276699 0.882266
vn 0.429255 -0.195649 0.881738
vn 0.462270 -0.073113 0.883720
vn 0.469440 0.029263 0.882479
vn 0.269871 0.196073 0.942722
vn 0.317253 0.103082 0.942722
vn 0.196072 0.269868 0.942723
vn 0.103082 0.317250 0.942723
vn -0.000000 0.333578 0.942723
vn -0.103082 0.317251 0.942723
vn -0.196073 0.269869 0.942723
vn -0.269870 0.196073 0.942722
vn -0.317251 0.103083 0.942722
vn -0.333579 0.000000 0.942722
vn -0.317250 -0.103082 0.942723
vn -0.269868 -0.196072 0.942723
vn -0.196074 -0.269870 0.942722
vn -0.103083 -0.317253 0.942722
vn -0.000000 -0.333578 0.942723
vn 0.103082 -0.317253 0.942722
vn 0.196073 -0.269870 0.942722
vn 0.269870 -0.196072 0.942723
vn 0.303868 -0.138685 0.942566
vn 0.326856 -0.051640 0.943662
vn 0.332307 0.020868 0.942940
vn 0.162096 0.117769 0.979722
vn 0.190556 0.061916 0.979722
vn 0.117770 0.162095 0.979722
vn 0.061915 0.190555 0.979722
vn -0.000000 0.200361 0.979722
vn -0.061915 0.190555 0.979722
vn -0.117771 0.162095 0.979722
vn -0.162095 0.117770 0.979722
vn -0.190555 0.061917 0.979722
vn -0.200362 -0.000000 0.979722
vn -0.190555 -0.061917 0.979722
vn -0.162095 -0.117770 0.979722
vn -0.117773 -0.162097 0.979722
vn -0.061916 -0.190556 0.979722
vn -0.000000 -0.200360 0.979722
vn 0.061915 -0.190556 0.979722
vn 0.117771 -0.162095 0.979722
vn 0.162095 -0.117768 0.979722
vn 0.171355 -0.075292 0.982328
vn 0.174084 -0.027442 0.984348
vn 0.193711 0.011058 0.980996
vn -0.000000 0.000000 1.000000
vn 0.792097 0.401678 0.459605
vn 0.792097 0.401678 0.459605
vn 0.892686 0.450614 0.007629
vn 0.892485 0.450569 0.021427
vn 0.630137 0.627573 0.457251
vn 0.630137 0.627573 0.457251
vn 0.709681 0.704521 0.001974
vn 0.709520 0.704435 0.018774
vn 0.405670 0.793617 0.453436
vn 0.405670 0.793617 0.453436
vn 0.455646 0.890155 -0.003403
vn 0.455608 0.890115 0.010830
vn 0.140097 0.881708 0.450515
vn 0.140097 0.881708 0.450515
vn 0.157040 0.987585 -0.003872
vn 0.157040 0.987591 0.001668
vn -0.140098 0.881711 0.450508
vn -0.140098 0.881711 0.450508
vn -0.157041 0.987591 0.001665
vn -0.157041 0.987585 -0.003874
vn -0.405668 0.793615 0.453441
vn -0.405668 0.793615 0.453441
vn -0.455607 0.890115 0.010834
vn -0.455645 0.890155 -0.003400
vn -0.630133 0.627572 0.457258
vn -0.630133 0.627572 0.457258
vn -0.709519 0.704436 0.018779
vn -0.709680 0.704521 0.001977
vn -0.792097 0.401675 0.459609
vn -0.792097 0.401675 0.459609
vn -0.892487 0.450564 0.021427
vn -0.892688 0.450610 0.007629
vn -0.875869 0.138540 0.462234
vn -0.875869 0.138540 0.462234
vn -0.987539 0.155809 0.022164
vn -0.987661 0.155823 0.015641
vn -0.875533 -0.138446 0.462898
vn -0.875533 -0.138446 0.462898
vn -0.987615 -0.155836 0.018195
vn -0.987549 -0.155828 0.021568
vn -0.791265 -0.401277 0.461386
vn -0.791265 -0.401277 0.461386
vn -0.892636 -0.450623 0.011802
vn -0.892450 -0.450573 0.022728
vn -0.629178 -0.626659 0.459820
vn -0.629178 -0.626659 0.459820
vn -0.709682 -0.704484 0.007311
vn -0.709500 -0.704370 0.021770
vn -0.404948 -0.792090 0.456740
vn -0.404947 -0.792090 0.456740
vn -0.455837 -0.890059 0.002852
vn -0.455769 -0.889964 0.015447
vn -0.139833 -0.879741 0.454426
vn -0.139833 -0.879741 0.454426
vn -0.157195 -0.987564 0.002863
vn -0.157189 -0.987538 0.007781
vn 0.139833 -0.879740 0.454427
vn 0.139833 -0.879740 0.454427
vn 0.157190 -0.987538 0.007782
vn 0.157196 -0.987563 0.002864
vn 0.404945 -0.792089 0.456742
vn 0.404945 -0.792090 0.456742
vn 0.455767 -0.889965 0.015453
vn 0.455836 -0.890059 0.002858
vn 0.629180 -0.626657 0.459820
vn 0.629180 -0.626657 0.459820
vn 0.709502 -0.704368 0.021765
vn 0.709684 -0.704482 0.007306
vn 0.791265 -0.401278 0.461384
vn 0.791265 -0.401278 0.461384
vn 0.892449 -0.450574 0.022727
vn 0.892636 -0.450624 0.011801
vn 0.873223 -0.138464 0.467235
vn 0.846398 -0.259765 0.464900
vn 0.956024 -0.292508 0.021401
vn 0.987600 -0.155966 0.017890
vn 0.875869 0.138535 0.462235
vn 0.875869 0.138535 0.462235
vn 0.987662 0.155815 0.015643
vn 0.987540 0.155801 0.022165
vn -0.000000 0.999643 -0.026722
vn -0.000000 0.999999 0.001720
vn 0.269055 0.963097 -0.007363
vn 0.289532 0.956537 -0.034765
vn 0.000001 -0.947256 -0.320477
vn 0.000002 -0.831509 -0.555511
vn -0.194214 -0.828836 -0.524702
vn -0.259744 -0.919022 -0.296532
vn -0.999456 0.032648 0.004571
vn -0.999677 0.025291 0.002538
vn -0.916845 0.399234 -0.002797
vn -0.918923 0.394110 -0.016086
vn -0.530885 0.846214 -0.045647
vn -0.510710 0.859498 -0.020926
vn -0.269055 0.963097 -0.007363
vn -0.289532 0.956537 -0.034765
vn -0.339215 0.938876 -0.058696
vn -0.564235 0.823048 -0.065050
vn -0.562955 0.823796 -0.066640
vn -0.325793 0.943563 -0.059560
vn -0.000000 0.998546 -0.053913
vn -0.000000 0.998538 -0.054055
vn -0.893242 0.447994 -0.037681
vn -0.994540 0.104347 -0.001335
vn -0.999729 0.023064 0.003271
vn -0.921942 0.386140 -0.030300
vn -0.735572 0.674714 -0.060785
vn -0.754908 0.653151 -0.059236
vn -0.730350 0.682789 -0.019710
vn -0.740846 0.670459 -0.040402
vn -0.774989 -0.627350 -0.076315
vn -0.726963 -0.663157 -0.178179
vn -0.932958 -0.356961 -0.046561
vn -0.944786 -0.327490 -0.011401
vn -0.963431 -0.267517 0.015352
vn -0.825967 -0.563664 0.007834
vn -0.787515 -0.616273 0.005182
vn -0.943528 -0.331015 0.013581
vn -0.324398 -0.945856 -0.011078
vn -0.000000 -0.999973 -0.007396
vn 0.000000 -0.999966 -0.008209
vn -0.285181 -0.958386 -0.012924
vn -0.609707 -0.792625 -0.001818
vn -0.558626 -0.829382 -0.007871
vn -0.442602 -0.807461 -0.390013
vn -0.530645 -0.825712 -0.191352
vn 0.983322 -0.181870 -0.001103
vn 0.981389 -0.191456 -0.014872
vn 0.863657 -0.497670 -0.080136
vn 0.876923 -0.479713 -0.029695
vn 0.530644 -0.825713 -0.191351
vn 0.442600 -0.807463 -0.390012
vn 0.194215 -0.828839 -0.524697
vn 0.259743 -0.919025 -0.296525
vn 0.324399 -0.945855 -0.011085
vn 0.609703 -0.792628 -0.001825
vn 0.558625 -0.829383 -0.007873
vn 0.285181 -0.958387 -0.012922
vn 0.898647 -0.438592 0.008394
vn 0.987790 -0.155361 0.011569
vn 0.980998 -0.193734 0.010469
vn 0.880492 -0.473985 0.008502
vn 0.825965 -0.563667 0.007833
vn 0.787514 -0.616275 0.005180
vn 0.726964 -0.663156 -0.178180
vn 0.774990 -0.627349 -0.076316
vn 0.740846 0.670459 -0.040401
vn 0.730350 0.682789 -0.019709
vn 0.916845 0.399234 -0.002797
vn 0.918922 0.394110 -0.016086
vn 0.893241 0.447997 -0.037680
vn 0.735572 0.674714 -0.060785
vn 0.754908 0.653150 -0.059235
vn 0.921942 0.386141 -0.030300
vn 0.990781 0.135437 -0.003084
vn 0.996561 0.082867 -0.000127
vn 0.995796 0.091506 0.004110
vn 0.996134 0.087659 0.005806
vn 0.339216 0.938876 -0.058695
vn 0.325793 0.943563 -0.059559
vn 0.564236 0.823047 -0.065050
vn 0.562956 0.823796 -0.066640
vn 0.510710 0.859498 -0.020925
vn 0.530885 0.846214 -0.045647
vn 0.848337 0.526527 -0.055614
vn 0.848337 0.526527 -0.055614
vn 0.848337 0.526527 -0.055614
vn 0.848337 0.526527 -0.055614
vn 0.980520 0.184167 -0.068292
vn 0.980520 0.184167 -0.068292
vn 0.980520 0.184167 -0.068292
vn 0.980520 0.184167 -0.068292
vn 0.980939 -0.181686 -0.068917
vn 0.937113 -0.343093 -0.064084
vn 0.937113 -0.343093 -0.064084
vn 0.980020 -0.186623 -0.068800
vn 0.847760 -0.525965 -0.068295
vn 0.847760 -0.525965 -0.068295
vn 0.847760 -0.525965 -0.068295
vn 0.847760 -0.525965 -0.068295
vn 0.633882 -0.770407 -0.068320
vn 0.633882 -0.770407 -0.068320
vn 0.633882 -0.770407 -0.068320
vn 0.633882 -0.770407 -0.068320
vn 0.386797 -0.919753 -0.066648
vn 0.386797 -0.919753 -0.066648
vn 0.386797 -0.919753 -0.066648
vn 0.386797 -0.919753 -0.066648
vn 0.128893 -0.989467 -0.065895
vn 0.128893 -0.989467 -0.065895
vn 0.128893 -0.989467 -0.065895
vn 0.128893 -0.989467 -0.065895
vn -0.128893 -0.989467 -0.065897
vn -0.128893 -0.989467 -0.065897
vn -0.128893 -0.989467 -0.065897
vn -0.128893 -0.989467 -0.065897
vn -0.386797 -0.919753 -0.066647
vn -0.386797 -0.919753 -0.066647
vn -0.386797 -0.919753 -0.066647
vn -0.386797 -0.919753 -0.066647
vn -0.633882 -0.770406 -0.068320
vn -0.633882 -0.770406 -0.068320
vn -0.633882 -0.770406 -0.068320
vn -0.633882 -0.770406 -0.068320
vn -0.847760 -0.525965 -0.068294
vn -0.847760 -0.525965 -0.068294
vn -0.847760 -0.525965 -0.068294
vn -0.847760 -0.525965 -0.068294
vn -0.980211 -0.184083 -0.072793
vn -0.980211 -0.184083 -0.072793
vn -0.980211 -0.184083 -0.072793
vn -0.980211 -0.184083 -0.072793
vn -0.980519 0.184171 -0.068290
vn -0.980519 0.184171 -0.068290
vn -0.980519 0.184171 -0.068290
vn -0.980519 0.184171 -0.068290
vn -0.848338 0.526526 -0.055612
vn -0.848338 0.526526 -0.055612
vn -0.848338 0.526526 -0.055612
vn -0.848338 0.526526 -0.055612
vn -0.634649 0.771188 -0.049910
vn -0.634649 0.771188 -0.049910
vn -0.634649 0.771188 -0.049910
vn -0.634649 0.771187 -0.049910
vn -0.388064 0.920588 -0.043855
vn -0.388064 0.920588 -0.043855
vn -0.388064 0.920588 -0.043855
vn -0.388064 0.920588 -0.043855
vn -0.129682 0.990752 -0.039907
vn -0.129682 0.990752 -0.039907
vn -0.129682 0.990752 -0.039907
vn -0.129682 0.990752 -0.039907
vn 0.129681 0.990752 -0.039906
vn 0.129681 0.990752 -0.039906
vn 0.129681 0.990752 -0.039906
vn 0.129681 0.990752 -0.039905
vn 0.388064 0.920588 -0.043858
vn 0.388064 0.920588 -0.043858
vn 0.388064 0.920588 -0.043858
vn 0.388064 0.920588 -0.043858
vn 0.634647 0.771189 -0.049909
vn 0.634647 0.771189 -0.049909
vn 0.634647 0.771189 -0.049909
vn 0.634647 0.771189 -0.049909
vn 0.992602 -0.098770 -0.070617
vn 0.992601 -0.098770 -0.070617
vn 0.881951 -0.073587 0.465562
vn 0.996369 -0.083073 0.018653
vn -0.648551 0.643723 0.406204
vn -0.664068 0.659001 0.353174
vn -0.591348 0.576612 0.563761
vn -0.615369 0.600257 0.510893
vn -0.818610 0.413581 0.398532
vn -0.834206 0.421337 0.355774
vn -0.737125 0.364136 0.569256
vn -0.762183 0.376612 0.526537
vn -0.911816 0.144232 0.384432
vn -0.919771 0.145470 0.364499
vn -0.812244 0.127374 0.569241
vn -0.825940 0.129513 0.548680
vn -0.918025 -0.145040 0.369043
vn -0.912737 -0.144214 0.382247
vn -0.822774 -0.128859 0.553569
vn -0.813584 -0.127420 0.567315
vn -0.832011 -0.420261 0.362132
vn -0.818496 -0.413538 0.398812
vn -0.758187 -0.374756 0.533582
vn -0.736499 -0.363957 0.570179
vn -0.661919 -0.656963 0.360920
vn -0.647642 -0.642917 0.408922
vn -0.611702 -0.596762 0.519322
vn -0.589696 -0.575114 0.567012
vn -0.424371 -0.827477 0.367683
vn -0.416322 -0.811784 0.409490
vn -0.397005 -0.764506 0.507856
vn -0.385233 -0.741589 0.549219
vn -0.145615 -0.912892 0.381345
vn -0.144536 -0.906100 0.397608
vn -0.137076 -0.848746 0.510726
vn -0.135550 -0.839164 0.526716
vn 0.144539 -0.906104 0.397598
vn 0.145618 -0.912896 0.381336
vn 0.135549 -0.839167 0.526712
vn 0.137076 -0.848748 0.510722
vn 0.416317 -0.811781 0.409502
vn 0.424367 -0.827476 0.367691
vn 0.385234 -0.741589 0.549218
vn 0.397007 -0.764506 0.507854
vn 0.647649 -0.642921 0.408905
vn 0.661927 -0.656967 0.360899
vn 0.589691 -0.575107 0.567024
vn 0.611699 -0.596757 0.519332
vn 0.818493 -0.413539 0.398817
vn 0.832007 -0.420261 0.362140
vn 0.736498 -0.363960 0.570179
vn 0.758186 -0.374760 0.533581
vn 0.917444 -0.144210 0.370809
vn 0.903529 -0.276811 0.327125
vn 0.758089 -0.229204 0.610547
vn 0.809817 -0.127930 0.572564
vn 0.928701 -0.077480 0.362646
vn 0.812860 -0.067705 0.578512
vn 0.919774 0.145456 0.364497
vn 0.911820 0.144219 0.384429
vn 0.825940 0.129503 0.548682
vn 0.812247 0.127364 0.569239
vn 0.834198 0.421343 0.355785
vn 0.818601 0.413588 0.398545
vn 0.762181 0.376615 0.526537
vn 0.737123 0.364139 0.569256
vn 0.664067 0.658998 0.353180
vn 0.648549 0.643721 0.406211
vn 0.615363 0.600258 0.510900
vn 0.591342 0.576612 0.563768
vn 0.425874 0.830590 0.358819
vn 0.417292 0.813818 0.404435
vn 0.399262 0.769768 0.498043
vn 0.386613 0.745094 0.543476
vn 0.146100 0.916485 0.372438
vn 0.144950 0.909225 0.390255
vn 0.137706 0.854884 0.500210
vn 0.136066 0.844555 0.517893
vn -0.144952 0.909226 0.390252
vn -0.146102 0.916488 0.372430
vn -0.136066 0.844557 0.517889
vn -0.137707 0.854888 0.500204
vn -0.417292 0.813822 0.404427
vn -0.425874 0.830595 0.358808
vn -0.386613 0.745095 0.543474
vn -0.399262 0.769769 0.498041
vn -0.715646 0.695665 0.062460
vn -0.717101 0.696948 -0.005373
vn -0.659002 0.628771 0.412751
vn -0.671699 0.641051 0.371314
vn -0.896192 0.440514 0.052798
vn -0.897513 0.440986 -0.001435
vn -0.818601 0.392964 0.418893
vn -0.831538 0.399222 0.386221
vn -0.987404 0.154260 0.035160
vn -0.987985 0.154313 0.008566
vn -0.895904 0.139004 0.421940
vn -0.903749 0.140205 0.404450
vn -0.987896 -0.154266 0.016232
vn -0.987532 -0.154223 0.031553
vn -0.901563 -0.139620 0.409500
vn -0.896570 -0.138850 0.420574
vn -0.897399 -0.441118 0.009499
vn -0.896092 -0.440620 0.053607
vn -0.828477 -0.397978 0.394004
vn -0.817624 -0.392728 0.421018
vn -0.717087 -0.696934 0.008344
vn -0.715378 -0.695419 0.068017
vn -0.668744 -0.638326 0.381210
vn -0.657227 -0.627210 0.417923
vn -0.461398 -0.887065 0.015073
vn -0.460406 -0.885074 0.068334
vn -0.433678 -0.822483 0.368028
vn -0.427371 -0.810290 0.400978
vn -0.159525 -0.986709 0.030933
vn -0.159400 -0.985858 0.051734
vn -0.150441 -0.917756 0.367548
vn -0.149633 -0.912703 0.380242
vn 0.159399 -0.985858 0.051736
vn 0.159524 -0.986709 0.030932
vn 0.149632 -0.912701 0.380246
vn 0.150440 -0.917755 0.367552
vn 0.460408 -0.885075 0.068315
vn 0.461400 -0.887065 0.015054
vn 0.427372 -0.810288 0.400982
vn 0.433679 -0.822481 0.368032
vn 0.715381 -0.695418 0.067998
vn 0.717089 -0.696932 0.008326
vn 0.657228 -0.627211 0.417920
vn 0.668745 -0.638327 0.381207
vn 0.896091 -0.440622 0.053611
vn 0.897398 -0.441120 0.009503
vn 0.817624 -0.392726 0.421020
vn 0.828477 -0.397976 0.394006
vn 0.987992 -0.153351 0.018826
vn 0.957397 -0.288197 -0.018272
vn 0.854382 -0.253915 0.453385
vn 0.894879 -0.139687 0.423886
vn 0.996447 -0.082912 0.014802
vn 0.900450 -0.074825 0.428475
vn 0.987987 0.154304 0.008560
vn 0.987406 0.154250 0.035151
vn 0.903749 0.140192 0.404454
vn 0.895907 0.138992 0.421939
vn 0.897511 0.440989 -0.001439
vn 0.896190 0.440517 0.052798
vn 0.831538 0.399223 0.386219
vn 0.818602 0.392965 0.418891
vn 0.717098 0.696951 -0.005367
vn 0.715642 0.695667 0.062474
vn 0.671694 0.641051 0.371322
vn 0.658996 0.628771 0.412761
vn 0.460845 0.887480 -0.000948
vn 0.460132 0.885942 0.058185
vn 0.435046 0.827054 0.355973
vn 0.428262 0.813867 0.392699
vn 0.159057 0.987165 0.014371
vn 0.158982 0.986570 0.037488
vn 0.150529 0.922959 0.354244
vn 0.149662 0.917484 0.368544
vn -0.158982 0.986570 0.037490
vn -0.159056 0.987165 0.014379
vn -0.149662 0.917483 0.368545
vn -0.150529 0.922958 0.354246
vn -0.460133 0.885943 0.058168
vn -0.460846 0.887480 -0.000963
vn -0.428263 0.813868 0.392695
vn -0.435046 0.827055 0.355970
vn -0.723959 0.685129 0.080513
vn -0.726207 0.687255 0.017425
vn -0.693313 0.720617 -0.005280
vn -0.693312 0.720616 -0.005523
vn -0.901280 0.427366 0.071088
vn -0.903396 0.428250 0.021856
vn -0.885098 0.465394 -0.003038
vn -0.885098 0.465394 -0.003182
vn -0.986854 0.152074 0.054710
vn -0.987898 0.152190 0.029913
vn -0.986202 0.165540 -0.001732
vn -0.986201 0.165540 -0.001843
vn -0.987680 -0.152040 0.037046
vn -0.987082 -0.151962 0.050756
vn -0.986206 -0.165514 -0.001902
vn -0.986206 -0.165514 -0.001819
vn -0.903051 -0.428382 0.031420
vn -0.901226 -0.427613 0.070278
vn -0.885024 -0.465533 -0.003368
vn -0.885025 -0.465533 -0.003251
vn -0.726034 -0.687046 0.029016
vn -0.723793 -0.684968 0.083322
vn -0.693352 -0.720576 -0.005813
vn -0.693353 -0.720576 -0.005595
vn -0.467827 -0.883155 0.034286
vn -0.466532 -0.880482 0.084253
vn -0.437643 -0.899113 -0.008046
vn -0.437644 -0.899114 -0.007799
vn -0.162173 -0.985515 0.049604
vn -0.162007 -0.984353 0.069308
vn -0.149721 -0.988685 -0.009285
vn -0.149722 -0.988686 -0.009186
vn 0.162005 -0.984354 0.069296
vn 0.162171 -0.985516 0.049593
vn 0.149721 -0.988686 -0.009186
vn 0.149721 -0.988685 -0.009285
vn 0.466535 -0.880482 0.084239
vn 0.467829 -0.883154 0.034271
vn 0.437645 -0.899114 -0.007799
vn 0.437643 -0.899113 -0.008046
vn 0.723796 -0.684964 0.083333
vn 0.726037 -0.687043 0.029025
vn 0.693355 -0.720575 -0.005595
vn 0.693353 -0.720574 -0.005813
vn 0.901226 -0.427614 0.070271
vn 0.903051 -0.428384 0.031410
vn 0.885024 -0.465535 -0.003251
vn 0.885023 -0.465534 -0.003368
vn 0.987564 -0.151569 0.041760
vn 0.959199 -0.282499 0.011522
vn 0.951746 -0.306882 -0.001680
vn 0.986211 -0.165485 -0.001751
vn 0.995821 -0.082599 0.038955
vn 0.995946 -0.089944 -0.001521
vn 0.987900 0.152177 0.029917
vn 0.986856 0.152060 0.054710
vn 0.986203 0.165529 -0.001843
vn 0.986203 0.165529 -0.001732
vn 0.903394 0.428254 0.021842
vn 0.901278 0.427370 0.071078
vn 0.885096 0.465398 -0.003182
vn 0.885096 0.465398 -0.003038
vn 0.726207 0.687255 0.017418
vn 0.723959 0.685129 0.080511
vn 0.693313 0.720616 -0.005523
vn 0.693314 0.720616 -0.005280
vn 0.466832 0.884093 0.021128
vn 0.465666 0.881540 0.077738
vn 0.436917 0.899469 -0.007672
vn 0.436919 0.899470 -0.007396
vn 0.161263 0.986220 0.036927
vn 0.161125 0.985150 0.059310
vn 0.149122 0.988779 -0.008839
vn 0.149123 0.988780 -0.008725
vn -0.161125 0.985150 0.059319
vn -0.161263 0.986220 0.036929
vn -0.149123 0.988780 -0.008725
vn -0.149123 0.988779 -0.008839
vn -0.465666 0.881540 0.077733
vn -0.466833 0.884093 0.021121
vn -0.436919 0.899470 -0.007396
vn -0.436917 0.899469 -0.007672
vn 0.151791 0.946034 -0.286321
vn 0.152016 0.947429 -0.281547
vn -0.152016 0.947430 -0.281546
vn -0.151791 0.946034 -0.286319
vn -0.442170 0.854531 -0.272512
vn -0.440540 0.851355 -0.284816
vn -0.690626 0.673330 -0.263937
vn -0.687662 0.670322 -0.278908
vn -0.865977 0.426751 -0.260706
vn -0.862884 0.425124 -0.273313
vn -0.954121 0.148900 -0.259773
vn -0.952634 0.148656 -0.265310
vn -0.953464 -0.148911 -0.262169
vn -0.954025 -0.149002 -0.260066
vn -0.864232 -0.425933 -0.267739
vn -0.866502 -0.427128 -0.258332
vn -0.689268 -0.671723 -0.271473
vn -0.691660 -0.674158 -0.259072
vn -0.442378 -0.853300 -0.276008
vn -0.443742 -0.855973 -0.265337
vn -0.152766 -0.948717 -0.276763
vn -0.152956 -0.949907 -0.272545
vn 0.152956 -0.949908 -0.272542
vn 0.152766 -0.948718 -0.276760
vn 0.443744 -0.855973 -0.265333
vn 0.442380 -0.853301 -0.276003
vn 0.691662 -0.674157 -0.259069
vn 0.689270 -0.671722 -0.271470
vn 0.866500 -0.427131 -0.258335
vn 0.864230 -0.425936 -0.267741
vn 0.920721 -0.277373 -0.274477
vn 0.951217 -0.148185 -0.270606
vn 0.959533 -0.079787 -0.270056
vn 0.952635 0.148646 -0.265312
vn 0.954122 0.148890 -0.259774
vn 0.862884 0.425127 -0.273310
vn 0.865976 0.426754 -0.260703
vn 0.687660 0.670325 -0.278906
vn 0.690624 0.673333 -0.263935
vn 0.440540 0.851355 -0.284814
vn 0.442170 0.854532 -0.272509
vn 0.155166 0.956128 -0.248481
vn 0.155380 0.957419 -0.243323
vn -0.155380 0.957419 -0.243322
vn -0.155166 0.956128 -0.248480
vn -0.451598 0.861199 -0.233230
vn -0.450068 0.858297 -0.246506
vn -0.705345 0.672855 -0.223058
vn -0.702514 0.670049 -0.239808
vn -0.880120 0.421134 -0.219169
vn -0.877140 0.419596 -0.233593
vn -0.964346 0.148687 -0.218927
vn -0.963152 0.148489 -0.224253
vn -0.963859 -0.148730 -0.221033
vn -0.964287 -0.148800 -0.219111
vn -0.878301 -0.420384 -0.227737
vn -0.880542 -0.421543 -0.216675
vn -0.704027 -0.671240 -0.231911
vn -0.706314 -0.673519 -0.217929
vn -0.452311 -0.859758 -0.237130
vn -0.453591 -0.862202 -0.225530
vn -0.156524 -0.958501 -0.238278
vn -0.156706 -0.959611 -0.233643
vn 0.156706 -0.959612 -0.233641
vn 0.156523 -0.958502 -0.238274
vn 0.453593 -0.862201 -0.225526
vn 0.452313 -0.859758 -0.237127
vn 0.706314 -0.673518 -0.217930
vn 0.704028 -0.671239 -0.231913
vn 0.880542 -0.421542 -0.216675
vn 0.878301 -0.420383 -0.227738
vn 0.931628 -0.275564 -0.236926
vn 0.961786 -0.147784 -0.230494
vn 0.969723 -0.080390 -0.230597
vn 0.963154 0.148476 -0.224252
vn 0.964349 0.148674 -0.218923
vn 0.877138 0.419597 -0.233595
vn 0.880119 0.421136 -0.219170
vn 0.702513 0.670051 -0.239807
vn 0.705343 0.672857 -0.223058
vn 0.450068 0.858297 -0.246506
vn 0.451597 0.861199 -0.233229
vn 0.149105 0.988733 -0.013235
vn 0.149105 0.988733 -0.013235
vn -0.149106 0.988733 -0.013235
vn -0.149106 0.988733 -0.013235
vn -0.436881 0.899438 -0.012056
vn -0.436881 0.899438 -0.012056
vn -0.693281 0.720598 -0.010017
vn -0.693281 0.720598 -0.010017
vn -0.885076 0.465381 -0.007806
vn -0.885076 0.465381 -0.007806
vn -0.986183 0.165531 -0.006520
vn -0.986183 0.165531 -0.006520
vn -0.986186 -0.165509 -0.006597
vn -0.986186 -0.165509 -0.006597
vn -0.885002 -0.465519 -0.008016
vn -0.885002 -0.465519 -0.008016
vn -0.693321 -0.720555 -0.010337
vn -0.693321 -0.720555 -0.010337
vn -0.437608 -0.899079 -0.012472
vn -0.437608 -0.899079 -0.012472
vn -0.149706 -0.988635 -0.013721
vn -0.149706 -0.988635 -0.013721
vn 0.149705 -0.988636 -0.013721
vn 0.149705 -0.988636 -0.013721
vn 0.437609 -0.899079 -0.012472
vn 0.437609 -0.899079 -0.012472
vn 0.693323 -0.720553 -0.010337
vn 0.693323 -0.720553 -0.010337
vn 0.885001 -0.465521 -0.008016
vn 0.885001 -0.465521 -0.008016
vn 0.951726 -0.306870 -0.006923
vn 0.986194 -0.165457 -0.006665
vn 0.995926 -0.089942 -0.006474
vn 0.986185 0.165521 -0.006520
vn 0.986185 0.165521 -0.006520
vn 0.885074 0.465385 -0.007806
vn 0.885074 0.465385 -0.007806
vn 0.693282 0.720597 -0.010017
vn 0.693282 0.720597 -0.010017
vn 0.436881 0.899438 -0.012056
vn 0.436881 0.899438 -0.012056
s 1
g pSphere2
usemtl initialShadingGroup
f 69/110/113 70/864/114 90/132/115 89/131/116
f 70/864/114 71/863/117 91/1032/118 90/132/115
f 71/1023/117 72/862/119 92/960/120 91/133/118
f 72/951/119 73/861/121 93/135/122 92/134/120
f 73/861/121 74/860/123 94/136/124 93/135/122
f 74/860/123 75/859/125 95/137/126 94/136/124
f 75/859/125 76/858/127 96/138/128 95/137/126
f 76/858/127 77/857/129 97/139/130 96/138/128
f 77/857/129 78/856/131 98/1014/132 97/139/130
f 78/1005/131 79/855/133 99/141/134 98/140/132
f 79/855/133 80/854/135 100/142/136 99/141/134
f 80/854/135 81/853/137 101/143/138 100/142/136
f 81/853/137 82/852/139 102/144/140 101/143/138
f 82/852/139 83/851/141 103/145/142 102/144/140
f 83/851/141 84/850/143 104/146/144 103/145/142
f 84/850/143 85/849/145 105/147/146 104/146/144
f 85/849/145 86/848/147 106/148/148 105/147/146
f 86/848/147 87/847/149 107/149/150 106/148/148
f 87/847/149 375/465/151 376/467/152 107/149/150
f 88/129/153 69/846/113 89/151/116 108/150/154
f 89/131/116 90/132/115 110/153/155 109/152/156
f 90/132/115 91/1032/118 111/1031/157 110/153/155
f 91/133/118 92/960/120 112/959/158 111/154/157
f 92/134/120 93/135/122 113/156/159 112/155/158
f 93/135/122 94/136/124 114/157/160 113/156/159
f 94/136/124 95/137/126 115/158/161 114/157/160
f 95/137/126 96/138/128 116/159/162 115/158/161
f 96/138/128 97/139/130 117/160/163 116/159/162
f 97/139/130 98/1014/132 118/1013/164 117/160/163
f 98/140/132 99/141/134 119/162/165 118/161/164
f 99/141/134 100/142/136 120/163/166 119/162/165
f 100/142/136 101/143/138 121/164/167 120/163/166
f 101/143/138 102/144/140 122/165/168 121/164/167
f 102/144/140 103/145/142 123/166/169 122/165/168
f 103/145/142 104/146/144 124/167/170 123/166/169
f 104/146/144 105/147/146 125/168/171 124/167/170
f 105/147/146 106/148/148 126/169/172 125/168/171
f 106/148/148 107/149/150 127/170/173 126/169/172
f 107/149/150 376/467/152 377/468/174 127/170/173
f 108/150/154 89/151/116 109/172/156 128/171/175
f 109/152/156 110/153/155 130/174/176 129/173/177
f 110/153/155 111/1031/157 131/1030/178 130/174/176
f 111/154/157 112/959/158 132/958/179 131/175/178
f 112/155/158 113/156/159 133/177/180 132/176/179
f 113/156/159 114/157/160 134/178/181 133/177/180
f 114/157/160 115/158/161 135/179/182 134/178/181
f 115/158/161 116/159/162 136/180/183 135/179/182
f 116/159/162 117/160/163 137/181/184 136/180/183
f 117/160/163 118/1013/164 138/1012/185 137/181/184
f 118/161/164 119/162/165 139/183/186 138/182/185
f 119/162/165 120/163/166 140/184/187 139/183/186
f 120/163/166 121/164/167 141/185/188 140/184/187
f 121/164/167 122/165/168 142/186/189 141/185/188
f 122/165/168 123/166/169 143/187/190 142/186/189
f 123/166/169 124/167/170 144/188/191 143/187/190
f 124/167/170 125/168/171 145/189/192 144/188/191
f 125/168/171 126/169/172 146/190/193 145/189/192
f 126/169/172 127/170/173 147/191/194 146/190/193
f 127/170/173 377/468/174 378/469/195 147/191/194
f 128/171/175 109/172/156 129/193/177 148/192/196
f 129/173/177 130/174/176 150/195/197 149/194/198
f 130/174/176 131/1030/178 151/1029/199 150/195/197
f 131/175/178 132/958/179 152/957/200 151/196/199
f 132/176/179 133/177/180 153/198/201 152/197/200
f 133/177/180 134/178/181 154/199/202 153/198/201
f 134/178/181 135/179/182 155/200/203 154/199/202
f 135/179/182 136/180/183 156/201/204 155/200/203
f 136/180/183 137/181/184 157/202/205 156/201/204
f 137/181/184 138/1012/185 158/1011/206 157/202/205
f 138/182/185 139/183/186 159/204/207 158/203/206
f 139/183/186 140/184/187 160/205/208 159/204/207
f 140/184/187 141/185/188 161/206/209 160/205/208
f 141/185/188 142/186/189 162/207/210 161/206/209
f 142/186/189 143/187/190 163/208/211 162/207/210
f 143/187/190 144/188/191 164/209/212 163/208/211
f 144/188/191 145/189/192 165/210/213 164/209/212
f 145/189/192 146/190/193 166/211/214 165/210/213
f 146/190/193 147/191/194 167/212/215 166/211/214
f 147/191/194 378/469/195 379/470/216 167/212/215
f 148/192/196 129/193/177 149/214/198 168/213/217
f 149/194/198 150/195/197 170/216/218 169/215/219
f 150/195/197 151/1029/199 171/1028/220 170/216/218
f 151/196/199 152/957/200 172/956/221 171/217/220
f 152/197/200 153/198/201 173/219/222 172/218/221
f 153/198/201 154/199/202 174/220/223 173/219/222
f 154/199/202 155/200/203 175/221/224 174/220/223
f 155/200/203 156/201/204 176/222/225 175/221/224
f 156/201/204 157/202/205 177/223/226 176/222/225
f 157/202/205 158/1011/206 178/1010/227 177/223/226
f 158/203/206 159/204/207 179/225/228 178/224/227
f 159/204/207 160/205/208 180/226/229 179/225/228
f 160/205/208 161/206/209 181/227/230 180/226/229
f 161/206/209 162/207/210 182/228/231 181/227/230
f 162/207/210 163/208/211 183/229/232 182/228/231
f 163/208/211 164/209/212 184/230/233 183/229/232
f 164/209/212 165/210/213 185/231/234 184/230/233
f 165/210/213 166/211/214 186/232/235 185/231/234
f 166/211/214 167/212/215 187/233/236 186/232/235
f 167/212/215 379/470/216 380/471/237 187/233/236
f 168/213/217 149/214/198 169/235/219 188/234/238
f 169/215/219 170/216/218 190/237/239 189/236/240
f 170/216/218 171/1028/220 191/1027/241 190/237/239
f 171/217/220 172/956/221 192/955/242 191/238/241
f 172/218/221 173/219/222 193/240/243 192/239/242
f 173/219/222 174/220/223 194/241/244 193/240/243
f 174/220/223 175/221/224 195/242/245 194/241/244
f 175/221/224 176/222/225 196/243/246 195/242/245
f 176/222/225 177/223/226 197/244/247 196/243/246
f 177/223/226 178/1010/227 198/1009/248 197/244/247
f 178/224/227 179/225/228 199/246/249 198/245/248
f 179/225/228 180/226/229 200/247/250 199/246/249
f 180/226/229 181/227/230 201/248/251 200/247/250
f 181/227/230 182/228/231 202/249/252 201/248/251
f 182/228/231 183/229/232 203/250/253 202/249/252
f 183/229/232 184/230/233 204/251/254 203/250/253
f 184/230/233 185/231/234 205/252/255 204/251/254
f 185/231/234 186/232/235 206/253/256 205/252/255
f 186/232/235 187/233/236 207/254/257 206/253/256
f 187/233/236 380/471/237 381/472/258 207/254/257
f 188/234/238 169/235/219 189/256/240 208/255/259
f 189/236/240 190/237/239 210/258/260 209/257/261
f 190/237/239 191/1027/241 211/1026/262 210/258/260
f 191/238/241 192/955/242 212/954/263 211/259/262
f 192/239/242 193/240/243 213/261/264 212/260/263
f 193/240/243 194/241/244 214/262/265 213/261/264
f 194/241/244 195/242/245 215/263/266 214/262/265
f 195/242/245 196/243/246 216/264/267 215/263/266
f 196/243/246 197/244/247 217/265/268 216/264/267
f 197/244/247 198/1009/248 218/1008/269 217/265/268
f 198/245/248 199/246/249 219/267/270 218/266/269
f 199/246/249 200/247/250 220/268/271 219/267/270
f 200/247/250 201/248/251 221/269/272 220/268/271
f 201/248/251 202/249/252 222/270/273 221/269/272
f 202/249/252 203/250/253 223/271/274 222/270/273
f 203/250/253 204/251/254 224/272/275 223/271/274
f 204/251/254 205/252/255 225/273/276 224/272/275
f 205/252/255 206/253/256 226/274/277 225/273/276
f 206/253/256 207/254/257 227/275/278 226/274/277
f 207/254/257 381/472/258 382/473/279 227/275/278
f 208/255/259 189/256/240 209/277/261 228/276/280
f 209/257/261 210/258/260 230/279/281 229/278/282
f 210/258/260 211/1026/262 231/1025/283 230/279/281
f 211/259/262 212/954/263 232/953/284 231/280/283
f 212/260/263 213/261/264 233/282/285 232/281/284
f 213/261/264 214/262/265 234/283/286 233/282/285
f 214/262/265 215/263/266 235/284/287 234/283/286
f 215/263/266 216/264/267 236/285/288 235/284/287
f 216/264/267 217/265/268 237/286/289 236/285/288
f 217/265/268 218/1008/269 238/1007/290 237/286/289
f 218/266/269 219/267/270 239/288/291 238/287/290
f 219/267/270 220/268/271 240/289/292 239/288/291
f 220/268/271 221/269/272 241/290/293 240/289/292
f 221/269/272 222/270/273 242/291/294 241/290/293
f 222/270/273 223/271/274 243/292/295 242/291/294
f 223/271/274 224/272/275 244/293/296 243/292/295
f 224/272/275 225/273/276 245/294/297 244/293/296
f 225/273/276 226/274/277 246/295/298 245/294/297
f 226/274/277 227/275/278 247/296/299 246/295/298
f 227/275/278 382/473/279 383/474/300 247/296/299
f 228/276/280 209/277/261 229/298/282 248/297/301
f 229/278/282 230/279/281 250/300/302 249/299/303
f 230/279/281 231/1025/283 251/1024/304 250/300/302
f 231/280/283 232/953/284 252/952/305 251/301/304
f 232/281/284 233/282/285 253/303/306 252/302/305
f 233/282/285 234/283/286 254/304/307 253/303/306
f 234/283/286 235/284/287 255/305/308 254/304/307
f 235/284/287 236/285/288 256/306/309 255/305/308
f 236/285/288 237/286/289 257/307/310 256/306/309
f 237/286/289 238/1007/290 258/1006/311 257/307/310
f 238/287/290 239/288/291 259/309/312 258/308/311
f 239/288/291 240/289/292 260/310/313 259/309/312
f 240/289/292 241/290/293 261/311/314 260/310/313
f 241/290/293 242/291/294 262/312/315 261/311/314
f 242/291/294 243/292/295 263/313/316 262/312/315
f 243/292/295 244/293/296 264/314/317 263/313/316
f 244/293/296 245/294/297 265/315/318 264/314/317
f 245/294/297 246/295/298 266/316/319 265/315/318
f 246/295/298 247/296/299 267/317/320 266/316/319
f 247/296/299 383/474/300 384/475/321 267/317/320
f 248/297/301 229/298/282 249/319/303 268/318/322
f 249/299/303 250/300/302 269/320/323
f 250/300/302 251/1024/304 269/321/323
f 251/301/304 252/952/305 269/322/323
f 252/302/305 253/303/306 269/323/323
f 253/303/306 254/304/307 269/324/323
f 254/304/307 255/305/308 269/325/323
f 255/305/308 256/306/309 269/326/323
f 256/306/309 257/307/310 269/327/323
f 257/307/310 258/1006/311 269/328/323
f 258/308/311 259/309/312 269/329/323
f 259/309/312 260/310/313 269/330/323
f 260/310/313 261/311/314 269/331/323
f 261/311/314 262/312/315 269/332/323
f 262/312/315 263/313/316 269/333/323
f 263/313/316 264/314/317 269/334/323
f 264/314/317 265/315/318 269/335/323
f 265/315/318 266/316/319 269/336/323
f 266/316/319 267/317/320 269/337/323
f 267/317/320 384/475/321 268/318/322 269/338/323
f 268/318/322 249/319/303 269/339/323
s 2
f 70/111/324 69/341/325 571/839/326 572/842/327
s 3
f 71/112/328 70/343/329 572/841/330 573/844/331
s 4
f 72/113/332 71/345/333 573/843/334 553/805/335
s 5
f 73/114/336 72/347/337 553/804/338 554/807/339
s 6
f 74/115/340 73/349/341 554/806/342 555/809/343
s 7
f 75/116/344 74/351/345 555/808/346 556/811/347
s 8
f 76/117/348 75/353/349 556/810/350 557/813/351
s 9
f 77/118/352 76/355/353 557/812/354 558/815/355
s 10
f 78/119/356 77/357/357 558/814/358 559/817/359
s 11
f 79/120/360 78/359/361 559/816/362 560/819/363
s 12
f 80/121/364 79/361/365 560/818/366 561/821/367
s 13
f 81/122/368 80/363/369 561/820/370 562/823/371
s 14
f 82/123/372 81/365/373 562/822/374 563/825/375
s 15
f 83/124/376 82/367/377 563/824/378 564/827/379
s 16
f 84/125/380 83/369/381 564/826/382 565/829/383
s 17
f 85/126/384 84/371/385 565/828/386 566/831/387
s 18
f 86/127/388 85/373/389 566/830/390 567/833/391
s 19
f 87/128/392 86/375/393 567/832/394 568/835/395
s 20
f 375/466/396 87/377/397 568/834/398 569/836/399
s 21
f 69/130/400 88/379/401 570/837/402 571/840/403
s 22
f 303/380/404 291/381/405 369/382/406 368/948/407
f 331/384/408 293/385/409 333/386/410 332/387/411
f 313/1003/412 295/1001/413 315/390/414 314/391/415
f 302/392/416 297/393/417 305/394/418 304/395/419
f 300/396/420 296/397/421 298/398/422 301/399/423
f 290/400/424 300/396/420 301/399/423 299/401/425
f 298/398/422 302/392/416 304/395/419 301/399/423
f 304/395/419 303/380/404 299/401/425 301/399/423
f 305/394/418 291/381/405 303/380/404 304/395/419
f 309/402/426 294/403/427 306/1002/428 310/405/429
f 296/397/421 307/406/430 308/407/431 298/398/422
f 307/406/430 309/402/426 310/405/429 308/407/431
f 311/408/432 297/393/417 302/392/416 312/409/433
f 302/392/416 298/398/422 308/407/431 312/409/433
f 306/1002/428 313/1003/412 314/391/415 310/405/429
f 314/391/415 312/409/433 308/407/431 310/405/429
f 315/390/414 311/408/432 312/409/433 314/391/415
f 321/410/434 317/411/435 323/412/436 322/413/437
f 319/414/438 316/415/439 318/416/440 320/417/441
f 294/1004/427 319/414/438 320/417/441 306/404/428
f 318/416/440 321/410/434 322/413/437 320/417/441
f 322/413/437 313/388/412 306/404/428 320/417/441
f 323/412/436 295/389/413 313/388/412 322/413/437
f 327/418/442 292/419/443 324/420/444 328/421/445
f 316/415/439 325/422/446 326/423/447 318/416/440
f 325/422/446 327/418/442 328/421/445 326/423/447
f 329/424/448 317/411/435 321/410/434 330/425/449
f 321/410/434 318/416/440 326/423/447 330/425/449
f 324/420/444 331/384/408 332/387/411 328/421/445
f 332/387/411 330/425/449 326/423/447 328/421/445
f 333/386/410 329/424/448 330/425/449 332/387/411
f 372/462/450 373/463/451 353/428/452 352/429/453
f 341/430/454 337/431/455 343/432/456 342/433/457
f 339/434/458 336/435/459 338/436/460 340/437/461
f 292/419/443 339/434/458 340/437/461 324/420/444
f 338/436/460 341/430/454 342/433/457 340/437/461
f 342/433/457 331/384/408 324/420/444 340/437/461
f 343/432/456 293/385/409 331/384/408 342/433/457
f 347/438/462 370/460/463 371/461/464 348/441/465
f 336/435/459 345/442/466 346/443/467 338/436/460
f 345/442/466 347/438/462 348/441/465 346/443/467
f 349/444/468 337/431/455 341/430/454 350/445/469
f 341/430/454 338/436/460 346/443/467 350/445/469
f 371/461/464 372/462/450 352/429/453 348/441/465
f 352/429/453 350/445/469 346/443/467 348/441/465
f 353/428/452 349/444/468 350/445/469 352/429/453
f 359/446/470 355/447/471 361/448/472 360/1016/473
f 357/1018/474 354/451/475 356/452/476 358/453/477
f 334/439/478 357/450/474 358/1017/477 344/440/479
f 356/452/476 359/446/470 360/1016/473 358/453/477
f 360/449/473 351/426/480 344/440/479 358/1017/477
f 361/1015/472 335/427/481 351/426/480 360/449/473
f 364/950/482 290/400/424 299/401/425 365/455/483
f 354/451/475 362/456/484 363/1020/485 356/452/476
f 362/1022/484 364/454/482 365/949/483 363/457/485
f 366/1019/486 355/447/471 359/446/470 367/1021/487
f 359/446/470 356/452/476 363/1020/485 367/1021/487
f 299/401/425 303/380/404 368/948/407 365/455/483
f 368/383/407 367/459/487 363/457/485 365/949/483
f 369/947/406 366/458/486 367/459/487 368/383/407
s off
f 271/340/488 270/964/489 361/448/490 355/447/491
f 270/378/492 289/962/493 335/427/494 361/1015/495
s 37
f 374/961/496 288/966/497 353/428/498 373/463/499
s off
f 288/374/500 287/968/501 349/444/502 353/428/503
f 287/372/504 286/970/505 337/431/506 349/444/507
f 286/370/508 285/972/509 343/432/510 337/431/511
f 285/368/512 284/974/513 293/385/514 343/432/515
f 284/366/516 283/976/517 333/386/518 293/385/519
f 283/364/520 282/978/521 329/424/522 333/386/523
f 282/362/524 281/980/525 317/411/526 329/424/527
f 281/360/528 280/982/529 323/412/530 317/411/531
f 280/358/532 279/984/533 295/389/534 323/412/535
f 279/356/536 278/986/537 315/390/538 295/1001/539
f 278/354/540 277/988/541 311/408/542 315/390/543
f 277/352/544 276/990/545 297/393/546 311/408/547
f 276/350/548 275/992/549 305/394/550 297/393/551
f 275/348/552 274/346/553 291/381/554 305/394/555
f 274/346/556 273/995/557 369/382/558 291/381/559
f 273/344/560 272/997/561 366/458/562 369/947/563
f 272/342/564 271/999/565 355/447/566 366/1019/567
s 22
f 370/460/463 334/439/478 344/440/479 371/461/464
f 344/440/479 351/426/480 372/462/450 371/461/464
f 351/426/480 335/427/481 373/463/451 372/462/450
s 37
f 289/376/568 374/961/496 373/463/499 335/427/569
s 20
f 88/845/570 375/466/396 569/836/399 570/838/571
s 1
f 376/467/152 375/465/151 88/129/153 108/150/154
f 377/468/174 376/467/152 108/150/154 128/171/175
f 378/469/195 377/468/174 128/171/175 148/192/196
f 379/470/216 378/469/195 148/192/196 168/213/217
f 380/471/237 379/470/216 168/213/217 188/234/238
f 381/472/258 380/471/237 188/234/238 208/255/259
f 382/473/279 381/472/258 208/255/259 228/276/280
f 383/474/300 382/473/279 228/276/280 248/297/301
f 384/475/321 383/474/300 248/297/301 268/318/322
s 8
f 386/479/572 385/476/573 451/605/574 452/608/575
s 9
f 387/481/576 386/478/577 452/607/578 453/610/579
s 10
f 388/483/580 387/480/581 453/609/582 454/612/583
s 11
f 389/485/584 388/482/585 454/611/586 455/614/587
s 12
f 390/487/588 389/484/589 455/613/590 456/616/591
s 13
f 391/489/592 390/486/593 456/615/594 457/618/595
s 14
f 392/491/596 391/488/597 457/617/598 458/620/599
s 15
f 393/493/600 392/490/601 458/619/602 459/622/603
s 16
f 394/495/604 393/492/605 459/621/606 460/624/607
s 17
f 395/497/608 394/494/609 460/623/610 461/626/611
s 18
f 396/499/612 395/496/613 461/625/614 462/628/615
s 19
f 397/501/616 396/498/617 462/627/618 463/630/619
s 20
f 398/502/620 397/500/621 463/629/622 464/631/623
f 399/504/624 398/502/620 464/631/623 465/633/625
s 21
f 400/506/626 399/503/627 465/632/628 466/635/629
s 2
f 401/508/630 400/505/631 466/634/632 467/637/633
s 3
f 402/510/634 401/507/635 467/636/636 468/639/637
s 4
f 403/512/638 402/509/639 468/638/640 448/600/641
s 5
f 404/514/642 403/511/643 448/599/644 449/602/645
s 6
f 405/516/646 404/513/647 449/601/648 450/604/649
s 7
f 385/477/650 405/515/651 450/603/652 451/606/653
s 8
f 407/520/654 406/517/655 472/646/656 473/649/657
s 9
f 408/522/658 407/519/659 473/648/660 474/651/661
s 10
f 409/524/662 408/521/663 474/650/664 475/653/665
s 11
f 410/526/666 409/523/667 475/652/668 476/655/669
s 12
f 411/528/670 410/525/671 476/654/672 477/657/673
s 13
f 412/530/674 411/527/675 477/656/676 478/659/677
s 14
f 413/532/678 412/529/679 478/658/680 479/661/681
s 15
f 414/534/682 413/531/683 479/660/684 480/663/685
s 16
f 415/536/686 414/533/687 480/662/688 481/665/689
s 17
f 416/538/690 415/535/691 481/664/692 482/667/693
s 18
f 417/540/694 416/537/695 482/666/696 483/669/697
s 19
f 418/542/698 417/539/699 483/668/700 484/671/701
s 20
f 419/543/702 418/541/703 484/670/704 485/672/705
f 420/545/706 419/543/702 485/672/705 486/674/707
s 21
f 421/547/708 420/544/709 486/673/710 487/676/711
s 2
f 422/549/712 421/546/713 487/675/714 488/678/715
s 3
f 423/551/716 422/548/717 488/677/718 489/680/719
s 4
f 424/553/720 423/550/721 489/679/722 469/641/723
s 5
f 425/555/724 424/552/725 469/640/726 470/643/727
s 6
f 426/557/728 425/554/729 470/642/730 471/645/731
s 7
f 406/518/732 426/556/733 471/644/734 472/647/735
s 8
f 428/561/736 427/558/737 493/942/738 494/939/739
s 9
f 429/563/740 428/560/741 494/940/742 495/937/743
s 10
f 430/565/744 429/562/745 495/938/746 496/935/747
s 11
f 431/567/748 430/564/749 496/936/750 497/933/751
s 12
f 432/569/752 431/566/753 497/934/754 498/931/755
s 13
f 433/571/756 432/568/757 498/932/758 499/929/759
s 14
f 434/573/760 433/570/761 499/930/762 500/927/763
s 15
f 435/575/764 434/572/765 500/928/766 501/925/767
s 16
f 436/577/768 435/574/769 501/926/770 502/923/771
s 17
f 437/579/772 436/576/773 502/924/774 503/921/775
s 18
f 438/581/776 437/578/777 503/922/778 504/919/779
s 19
f 439/583/780 438/580/781 504/920/782 505/917/783
s 20
f 440/584/784 439/582/785 505/918/786 506/916/787
f 441/586/788 440/584/784 506/916/787 507/914/789
s 21
f 442/588/790 441/585/791 507/915/792 508/912/793
s 2
f 443/590/794 442/587/795 508/913/796 509/910/797
s 3
f 444/592/798 443/589/799 509/911/800 510/906/801
s 4
f 445/594/802 444/591/803 510/907/804 490/682/805
s 5
f 446/596/806 445/593/807 490/681/808 491/945/809
s 6
f 447/598/810 446/595/811 491/946/812 492/943/813
s 7
f 427/559/814 447/597/815 492/944/816 493/941/817
s 5
f 449/602/645 448/599/644 511/722/818 512/725/819
s 6
f 450/604/649 449/601/648 512/724/820 513/727/821
s 7
f 451/606/653 450/603/652 513/726/822 514/729/823
s 8
f 452/608/575 451/605/574 514/728/824 515/731/825
s 9
f 453/610/579 452/607/578 515/730/826 516/733/827
s 10
f 454/612/583 453/609/582 516/732/828 517/735/829
s 11
f 455/614/587 454/611/586 517/734/830 518/737/831
s 12
f 456/616/591 455/613/590 518/736/832 519/739/833
s 13
f 457/618/595 456/615/594 519/738/834 520/741/835
s 14
f 458/620/599 457/617/598 520/740/836 521/743/837
s 15
f 459/622/603 458/619/602 521/742/838 522/745/839
s 16
f 460/624/607 459/621/606 522/744/840 523/747/841
s 17
f 461/626/611 460/623/610 523/746/842 524/749/843
s 18
f 462/628/615 461/625/614 524/748/844 525/751/845
s 19
f 463/630/619 462/627/618 525/750/846 526/753/847
s 20
f 464/631/623 463/629/622 526/752/848 527/754/849
f 465/633/625 464/631/623 527/754/849 528/756/850
s 21
f 466/635/629 465/632/628 528/755/851 529/758/852
s 2
f 467/637/633 466/634/632 529/757/853 530/760/854
s 3
f 468/639/637 467/636/636 530/759/855 531/762/856
s 4
f 448/600/641 468/638/640 531/761/857 511/723/858
s 5
f 470/643/727 469/640/726 532/763/859 533/904/860
s 6
f 471/645/731 470/642/730 533/905/861 534/902/862
s 7
f 472/647/735 471/644/734 534/903/863 535/900/864
s 8
f 473/649/657 472/646/656 535/901/865 536/898/866
s 9
f 474/651/661 473/648/660 536/899/867 537/896/868
s 10
f 475/653/665 474/650/664 537/897/869 538/894/870
s 11
f 476/655/669 475/652/668 538/895/871 539/892/872
s 12
f 477/657/673 476/654/672 539/893/873 540/890/874
s 13
f 478/659/677 477/656/676 540/891/875 541/888/876
s 14
f 479/661/681 478/658/680 541/889/877 542/886/878
s 15
f 480/663/685 479/660/684 542/887/879 543/884/880
s 16
f 481/665/689 480/662/688 543/885/881 544/882/882
s 17
f 482/667/693 481/664/692 544/883/883 545/880/884
s 18
f 483/669/697 482/666/696 545/881/885 546/878/886
s 19
f 484/671/701 483/668/700 546/879/887 547/876/888
s 20
f 485/672/705 484/670/704 547/877/889 548/875/890
f 486/674/707 485/672/705 548/875/890 549/873/891
s 21
f 487/676/711 486/673/710 549/874/892 550/871/893
s 2
f 488/678/715 487/675/714 550/872/894 551/869/895
s 3
f 489/680/719 488/677/718 551/870/896 552/865/897
s 4
f 469/641/723 489/679/722 552/866/898 532/764/899
s 5
f 491/684/809 490/908/808 273/113/900 274/994/901
s 6
f 492/686/813 491/683/812 274/114/902 275/993/903
s 7
f 493/688/817 492/685/816 275/115/904 276/991/905
s 8
f 494/690/739 493/687/738 276/116/906 277/989/907
s 9
f 495/692/743 494/689/742 277/117/908 278/987/909
s 10
f 496/694/747 495/691/746 278/118/910 279/985/911
s 11
f 497/696/751 496/693/750 279/119/912 280/983/913
s 12
f 498/698/755 497/695/754 280/120/914 281/981/915
s 13
f 499/700/759 498/697/758 281/121/916 282/979/917
s 14
f 500/702/763 499/699/762 282/122/918 283/977/919
s 15
f 501/704/767 500/701/766 283/123/920 284/975/921
s 16
f 502/706/771 501/703/770 284/124/922 285/973/923
s 17
f 503/708/775 502/705/774 285/125/924 286/971/925
s 18
f 504/710/779 503/707/778 286/126/926 287/969/927
s 19
f 505/712/783 504/709/782 287/127/928 288/967/929
s 20
f 506/713/787 505/711/786 288/128/930 374/464/931
f 507/715/789 506/713/787 374/464/931 289/963/932
s 21
f 508/717/793 507/714/792 289/129/933 270/965/934
s 2
f 509/719/797 508/716/796 270/110/935 271/1000/936
s 3
f 510/721/801 509/718/800 271/111/937 272/998/938
s 4
f 490/909/805 510/720/804 272/112/939 273/996/940
s 5
f 512/725/819 511/722/818 424/552/725 425/555/724
s 6
f 513/727/821 512/724/820 425/554/729 426/557/728
s 7
f 514/729/823 513/726/822 426/556/733 406/518/732
s 8
f 515/731/825 514/728/824 406/517/655 407/520/654
s 9
f 516/733/827 515/730/826 407/519/659 408/522/658
s 10
f 517/735/829 516/732/828 408/521/663 409/524/662
s 11
f 518/737/831 517/734/830 409/523/667 410/526/666
s 12
f 519/739/833 518/736/832 410/525/671 411/528/670
s 13
f 520/741/835 519/738/834 411/527/675 412/530/674
s 14
f 521/743/837 520/740/836 412/529/679 413/532/678
s 15
f 522/745/839 521/742/838 413/531/683 414/534/682
s 16
f 523/747/841 522/744/840 414/533/687 415/536/686
s 17
f 524/749/843 523/746/842 415/535/691 416/538/690
s 18
f 525/751/845 524/748/844 416/537/695 417/540/694
s 19
f 526/753/847 525/750/846 417/539/699 418/542/698
s 20
f 527/754/849 526/752/848 418/541/703 419/543/702
f 528/756/850 527/754/849 419/543/702 420/545/706
s 21
f 529/758/852 528/755/851 420/544/709 421/547/708
s 2
f 530/760/854 529/757/853 421/546/713 422/549/712
s 3
f 531/762/856 530/759/855 422/548/717 423/551/716
s 4
f 511/723/858 531/761/857 423/550/721 424/553/720
s 5
f 533/766/860 532/867/859 445/593/807 446/596/806
s 6
f 534/768/862 533/765/861 446/595/811 447/598/810
s 7
f 535/770/864 534/767/863 447/597/815 427/559/814
s 8
f 536/772/866 535/769/865 427/558/737 428/561/736
s 9
f 537/774/868 536/771/867 428/560/741 429/563/740
s 10
f 538/776/870 537/773/869 429/562/745 430/565/744
s 11
f 539/778/872 538/775/871 430/564/749 431/567/748
s 12
f 540/780/874 539/777/873 431/566/753 432/569/752
s 13
f 541/782/876 540/779/875 432/568/757 433/571/756
s 14
f 542/784/878 541/781/877 433/570/761 434/573/760
s 15
f 543/786/880 542/783/879 434/572/765 435/575/764
s 16
f 544/788/882 543/785/881 435/574/769 436/577/768
s 17
f 545/790/884 544/787/883 436/576/773 437/579/772
s 18
f 546/792/886 545/789/885 437/578/777 438/581/776
s 19
f 547/794/888 546/791/887 438/580/781 439/583/780
s 20
f 548/795/890 547/793/889 439/582/785 440/584/784
f 549/797/891 548/795/890 440/584/784 441/586/788
s 21
f 550/799/893 549/796/892 441/585/791 442/588/790
s 2
f 551/801/895 550/798/894 442/587/795 443/590/794
s 3
f 552/803/897 551/800/896 443/589/799 444/592/798
s 4
f 532/868/899 552/802/898 444/591/803 445/594/802
s 5
f 554/807/339 553/804/338 403/511/643 404/514/642
s 6
f 555/809/343 554/806/342 404/513/647 405/516/646
s 7
f 556/811/347 555/808/346 405/515/651 385/477/650
s 8
f 557/813/351 556/810/350 385/476/573 386/479/572
s 9
f 558/815/355 557/812/354 386/478/577 387/481/576
s 10
f 559/817/359 558/814/358 387/480/581 388/483/580
s 11
f 560/819/363 559/816/362 388/482/585 389/485/584
s 12
f 561/821/367 560/818/366 389/484/589 390/487/588
s 13
f 562/823/371 561/820/370 390/486/593 391/489/592
s 14
f 563/825/375 562/822/374 391/488/597 392/491/596
s 15
f 564/827/379 563/824/378 392/490/601 393/493/600
s 16
f 565/829/383 564/826/382 393/492/605 394/495/604
s 17
f 566/831/387 565/828/386 394/494/609 395/497/608
s 18
f 567/833/391 566/830/390 395/496/613 396/499/612
s 19
f 568/835/395 567/832/394 396/498/617 397/501/616
s 20
f 569/836/399 568/834/398 397/500/621 398/502/620
f 570/838/571 569/836/399 398/502/620 399/504/624
s 21
f 571/840/403 570/837/402 399/503/627 400/506/626
s 2
f 572/842/327 571/839/326 400/505/631 401/508/630
s 3
f 573/844/331 572/841/330 401/507/635 402/510/634
s 4
f 553/805/335 573/843/334 402/509/639 403/512/638
g default
v -0.084667 6.076578 4.681849
v 0.211957 6.076567 4.681849
v -0.084667 6.373267 4.681849
v 0.211957 6.373256 4.681849
v -0.084667 6.373174 4.385225
v 0.211957 6.373171 4.385225
v -0.084667 6.076485 4.385225
v 0.211957 6.076483 4.385225
v 0.039260 5.274088 3.264683
v 0.039260 4.784637 4.359015
v 0.039260 5.274088 6.532094
v 0.039260 4.784637 5.437761
v -1.594445 5.274088 4.898388
v -0.500113 4.784637 4.898388
v -1.345849 5.207731 4.898388
v 0.039260 5.207731 3.513279
v -1.115944 5.274088 3.743184
v -0.940160 5.207731 3.918968
v -1.024135 5.241670 3.834992
v 0.039260 5.241669 3.394520
v -0.382841 5.274088 3.321684
v -0.349295 5.241670 3.446991
v -0.365997 5.259378 3.384602
v 0.039260 5.259378 3.329875
v -1.069846 5.259378 3.789282
v -0.777167 5.274088 3.485020
v -0.744588 5.259378 3.541420
v -0.712282 5.241670 3.597346
v -0.318611 5.207731 3.561607
v 0.039260 5.224438 3.455117
v -0.333638 5.224438 3.505474
v -0.981287 5.224438 3.877841
v -0.682000 5.224438 3.649770
v -0.652934 5.207731 3.700088
v -1.464608 5.241670 4.898388
v -1.374108 5.274088 4.081961
v -1.261782 5.241670 4.146845
v -1.317708 5.259378 4.114540
v -1.529253 5.259378 4.898388
v -1.537443 5.274088 4.476287
v -1.474525 5.259378 4.493131
v -1.412137 5.241670 4.509833
v -1.159040 5.207731 4.206194
v -1.209358 5.224438 4.177128
v -1.404011 5.224438 4.898388
v -1.353654 5.224438 4.525489
v -1.297521 5.207731 4.540517
v -0.342134 4.784637 4.516994
v 0.039260 5.118011 3.715639
v -0.797070 5.118011 4.062058
v -0.266327 5.118011 3.756906
v 0.039260 5.177932 3.591063
v -0.298514 5.177932 3.636677
v -0.885158 5.177932 3.973970
v -0.614062 5.177932 3.767381
v -0.551806 5.118011 3.875155
v 0.039260 5.018238 3.903701
v -0.664090 5.018238 4.195038
v -0.217737 5.018238 3.938406
v -0.457824 5.018238 4.037854
v -0.100098 4.784637 4.377834
v 0.039260 4.898171 4.130050
v -0.159255 4.898171 4.156858
v -0.504036 4.898171 4.355091
v -0.344709 4.898171 4.233675
v -0.230286 4.784637 4.431760
v -1.143489 5.118011 4.898388
v -0.983972 5.118011 4.307321
v -1.091746 5.177932 4.245066
v -1.268065 5.177932 4.898388
v -1.222451 5.177932 4.560614
v -1.102222 5.118011 4.592801
v -0.955427 5.018238 4.898388
v -0.821274 5.018238 4.401303
v -0.920721 5.018238 4.641390
v -0.427368 4.784637 4.628842
v -0.625452 4.898171 4.514419
v -0.729077 4.898171 4.898388
v -0.702269 4.898171 4.699872
v -0.481294 4.784637 4.759030
v 0.039260 5.207731 6.283497
v -1.115944 5.274088 6.053592
v -0.940160 5.207731 5.877808
v -1.024135 5.241670 5.961783
v -1.537443 5.274088 5.320489
v -1.412137 5.241670 5.286943
v -1.474525 5.259378 5.303645
v -1.069846 5.259378 6.007494
v -1.374108 5.274088 5.714815
v -1.317708 5.259378 5.682236
v -1.261782 5.241670 5.649930
v -1.297521 5.207731 5.256259
v -1.353654 5.224438 5.271286
v -0.981287 5.224438 5.918935
v -1.209358 5.224438 5.619648
v -1.159040 5.207731 5.590582
v 0.039260 5.241669 6.402256
v -0.777167 5.274088 6.311756
v -0.712282 5.241670 6.199430
v -0.744588 5.259378 6.255356
v 0.039260 5.259378 6.466901
v -0.382841 5.274088 6.475091
v -0.365997 5.259378 6.412174
v -0.349295 5.241670 6.349785
v -0.652934 5.207731 6.096688
v -0.682000 5.224438 6.147006
v 0.039260 5.224438 6.341659
v -0.333638 5.224438 6.291302
v -0.318611 5.207731 6.235169
v -0.342134 4.784637 5.279783
v -0.797070 5.118011 5.734718
v -1.102222 5.118011 5.203975
v -1.222451 5.177932 5.236162
v -0.885158 5.177932 5.822806
v -1.091746 5.177932 5.551710
v -0.983972 5.118011 5.489455
v -0.664090 5.018238 5.601738
v -0.920721 5.018238 5.155386
v -0.821274 5.018238 5.395473
v -0.481294 4.784637 5.037746
v -0.702269 4.898171 5.096904
v -0.504036 4.898171 5.441685
v -0.625452 4.898171 5.282357
v -0.427368 4.784637 5.167934
v 0.039260 5.118011 6.081137
v -0.551806 5.118011 5.921620
v -0.614062 5.177932 6.029395
v 0.039260 5.177932 6.205713
v -0.298514 5.177932 6.160099
v -0.266327 5.118011 6.039870
v 0.039260 5.018238 5.893075
v -0.457824 5.018238 5.758922
v -0.217737 5.018238 5.858370
v -0.230286 4.784637 5.365016
v -0.344709 4.898171 5.563100
v 0.039260 4.898171 5.666726
v -0.159255 4.898171 5.639918
v -0.100098 4.784637 5.418942
v 1.672966 5.274088 4.898388
v 0.578634 4.784637 4.898388
v 1.424370 5.207731 4.898388
v 1.194464 5.274088 6.053592
v 1.018680 5.207731 5.877808
v 1.102656 5.241669 5.961783
v 0.461361 5.274088 6.475091
v 0.427815 5.241669 6.349785
v 0.444518 5.259378 6.412174
v 1.148366 5.259378 6.007494
v 0.855688 5.274088 6.311756
v 0.823108 5.259378 6.255356
v 0.790803 5.241669 6.199430
v 0.397132 5.207731 6.235169
v 0.412159 5.224438 6.291302
v 1.059807 5.224438 5.918935
v 0.760520 5.224438 6.147006
v 0.731454 5.207731 6.096688
v 1.543129 5.241669 4.898388
v 1.452629 5.274088 5.714815
v 1.340303 5.241669 5.649930
v 1.396229 5.259378 5.682236
v 1.607773 5.259378 4.898388
v 1.615964 5.274088 5.320489
v 1.553046 5.259378 5.303645
v 1.490657 5.241669 5.286943
v 1.237561 5.207731 5.590582
v 1.287878 5.224438 5.619648
v 1.482532 5.224438 4.898388
v 1.432174 5.224438 5.271286
v 1.376042 5.207731 5.256259
v 0.420655 4.784637 5.279783
v 0.875590 5.118011 5.734718
v 0.344848 5.118011 6.039870
v 0.377034 5.177932 6.160099
v 0.963679 5.177932 5.822806
v 0.692582 5.177932 6.029395
v 0.630327 5.118011 5.921620
v 0.742610 5.018238 5.601738
v 0.296258 5.018238 5.858370
v 0.536345 5.018238 5.758922
v 0.178618 4.784637 5.418942
v 0.237776 4.898171 5.639918
v 0.582557 4.898171 5.441685
v 0.423229 4.898171 5.563100
v 0.308807 4.784637 5.365016
v 1.222010 5.118011 4.898388
v 1.062493 5.118011 5.489455
v 1.170267 5.177932 5.551710
v 1.346585 5.177932 4.898388
v 1.300971 5.177932 5.236162
v 1.180742 5.118011 5.203975
v 1.033948 5.018238 4.898388
v 0.899795 5.018238 5.395473
v 0.999242 5.018238 5.155386
v 0.505889 4.784637 5.167934
v 0.703973 4.898171 5.282357
v 0.807598 4.898171 4.898388
v 0.780790 4.898171 5.096904
v 0.559814 4.784637 5.037746
v 1.194464 5.274088 3.743184
v 1.018680 5.207731 3.918968
v 1.102656 5.241669 3.834992
v 1.615964 5.274088 4.476287
v 1.490657 5.241669 4.509833
v 1.553046 5.259378 4.493131
v 1.148366 5.259378 3.789282
v 1.452629 5.274088 4.081961
v 1.396229 5.259378 4.114540
v 1.340303 5.241669 4.146845
v 1.376042 5.207731 4.540517
v 1.432174 5.224438 4.525489
v 1.059807 5.224438 3.877841
v 1.287878 5.224438 4.177128
v 1.237561 5.207731 4.206194
v 0.855688 5.274088 3.485020
v 0.790803 5.241669 3.597346
v 0.823108 5.259378 3.541420
v 0.461361 5.274088 3.321684
v 0.444518 5.259378 3.384602
v 0.427815 5.241669 3.446991
v 0.731454 5.207731 3.700088
v 0.760520 5.224438 3.649770
v 0.412159 5.224438 3.505474
v 0.397132 5.207731 3.561607
v 0.420655 4.784637 4.516994
v 0.875590 5.118011 4.062058
v 1.180742 5.118011 4.592801
v 1.300971 5.177932 4.560614
v 0.963679 5.177932 3.973970
v 1.170267 5.177932 4.245066
v 1.062493 5.118011 4.307321
v 0.742610 5.018238 4.195038
v 0.999242 5.018238 4.641390
v 0.899795 5.018238 4.401303
v 0.559814 4.784637 4.759030
v 0.780790 4.898171 4.699872
v 0.582557 4.898171 4.355091
v 0.703973 4.898171 4.514419
v 0.505889 4.784637 4.628842
v 0.630327 5.118011 3.875155
v 0.692582 5.177932 3.767381
v 0.377034 5.177932 3.636677
v 0.344848 5.118011 3.756906
v 0.536345 5.018238 4.037854
v 0.296258 5.018238 3.938406
v 0.308807 4.784637 4.431760
v 0.423229 4.898171 4.233675
v 0.237776 4.898171 4.156858
v 0.178618 4.784637 4.377834
v 0.039260 5.276774 1.241810
v 0.039260 5.276774 8.554966
v -3.617318 5.276774 4.898388
v -2.546331 5.276774 2.312797
v -2.069535 5.275864 2.789593
v 0.039260 5.275864 1.916101
v -0.905491 5.276774 1.369392
v -0.731274 5.275864 2.020156
v -1.788077 5.276774 1.734971
v -1.451107 5.275864 2.318321
v 0.039260 5.274976 2.590392
v -0.557057 5.274977 2.670920
v -1.592739 5.274977 3.266388
v -1.114137 5.274977 2.901670
v -2.943027 5.275864 4.898388
v -3.124157 5.276774 3.071051
v -2.540807 5.275864 3.408021
v -3.489736 5.276774 3.953637
v -2.838972 5.275864 4.127853
v -1.957458 5.274977 3.744991
v -2.268736 5.274977 4.898388
v -2.188207 5.274977 4.302070
v -2.546331 5.276774 7.483979
v -2.069535 5.275864 7.007184
v -3.489736 5.276774 5.843139
v -2.838972 5.275864 5.668922
v -3.124157 5.276774 6.725725
v -2.540807 5.275864 6.388755
v -2.188207 5.274977 5.494706
v -1.592739 5.274977 6.530388
v -1.957458 5.274977 6.051785
v 0.039260 5.275864 7.880675
v -1.788077 5.276774 8.061805
v -1.451107 5.275864 7.478456
v -0.905491 5.276774 8.427384
v -0.731274 5.275864 7.776620
v -1.114137 5.274977 6.895106
v 0.039260 5.274976 7.206384
v -0.557057 5.274977 7.125856
v 3.695838 5.276774 4.898388
v 2.624851 5.276774 7.483979
v 2.148056 5.275864 7.007184
v 0.984012 5.276774 8.427384
v 0.809795 5.275864 7.776620
v 1.866597 5.276774 8.061805
v 1.529627 5.275864 7.478456
v 0.635578 5.274976 7.125856
v 1.671260 5.274976 6.530388
v 1.192657 5.274976 6.895106
v 3.021547 5.275864 4.898388
v 3.202677 5.276774 6.725725
v 2.619328 5.275864 6.388755
v 3.568256 5.276774 5.843139
v 2.917492 5.275864 5.668922
v 2.035978 5.274976 6.051785
v 2.347256 5.274976 4.898388
v 2.266728 5.274976 5.494706
v 2.624851 5.276774 2.312797
v 2.148056 5.275864 2.789593
v 3.568256 5.276774 3.953637
v 2.917492 5.275864 4.127853
v 3.202677 5.276774 3.071051
v 2.619328 5.275864 3.408021
v 2.266728 5.274976 4.302070
v 1.671260 5.274976 3.266388
v 2.035978 5.274976 3.744991
v 1.866597 5.276774 1.734971
v 1.529627 5.275864 2.318321
v 0.984012 5.276774 1.369392
v 0.809795 5.275864 2.020156
v 1.192657 5.274976 2.901670
v 0.635578 5.274976 2.670920
v 0.039260 5.636373 0.986814
v 0.039260 5.636373 8.809962
v -3.872314 5.636373 4.898388
v -2.726640 5.636373 2.132487
v -2.666537 5.516482 2.192590
v 0.039260 5.516482 1.071813
v -0.971375 5.636373 1.123293
v -0.949413 5.516482 1.205326
v -1.915508 5.636373 1.514366
v -1.873031 5.516482 1.587901
v 0.039260 5.396619 1.156811
v -0.927452 5.396621 1.287359
v -2.606434 5.396621 2.252694
v -1.830554 5.396621 1.661436
v -3.787315 5.516482 4.898388
v -3.344762 5.636373 2.943619
v -3.271227 5.516482 2.986097
v -3.735835 5.636373 3.887753
v -3.653802 5.516482 3.909714
v -3.197692 5.396621 3.028574
v -3.702316 5.396621 4.898388
v -3.571769 5.396621 3.931675
v -2.726640 5.636373 7.664289
v -2.666537 5.516482 7.604186
v -3.735835 5.636373 5.909023
v -3.653802 5.516482 5.887062
v -3.344762 5.636373 6.853157
v -3.271227 5.516482 6.810679
v -3.571769 5.396621 5.865100
v -2.606434 5.396621 7.544082
v -3.197692 5.396621 6.768202
v 0.039260 5.516482 8.724963
v -1.915508 5.636373 8.282411
v -1.873031 5.516482 8.208876
v -0.971375 5.636373 8.673483
v -0.949413 5.516482 8.591451
v -1.830554 5.396621 8.135340
v 0.039260 5.396619 8.639965
v -0.927452 5.396621 8.509418
v 3.950835 5.636373 4.898388
v 2.805161 5.636373 7.664289
v 2.745058 5.516482 7.604186
v 1.049895 5.636373 8.673483
v 1.027934 5.516482 8.591451
v 1.994029 5.636373 8.282411
v 1.951552 5.516482 8.208876
v 1.005973 5.396619 8.509418
v 2.684955 5.396619 7.544082
v 1.909075 5.396619 8.135340
v 3.865836 5.516482 4.898388
v 3.423283 5.636373 6.853157
v 3.349747 5.516482 6.810679
v 3.814356 5.636373 5.909023
v 3.732322 5.516482 5.887062
v 3.276212 5.396619 6.768202
v 3.780837 5.396619 4.898388
v 3.650290 5.396619 5.865100
v 2.805161 5.636373 2.132487
v 2.745058 5.516482 2.192590
v 3.814356 5.636373 3.887753
v 3.732322 5.516482 3.909714
v 3.423283 5.636373 2.943619
v 3.349747 5.516482 2.986097
v 3.650290 5.396619 3.931675
v 2.684955 5.396619 2.252694
v 3.276212 5.396619 3.028574
v 1.994029 5.636373 1.514366
v 1.951552 5.516482 1.587901
v 1.049895 5.636373 1.123293
v 1.027934 5.516482 1.205326
v 1.909075 5.396619 1.661436
v 1.005973 5.396619 1.287359
v 0.039260 5.982035 4.133841
v 0.039260 5.982035 5.662935
v -0.725287 5.982035 4.898388
v -2.218006 5.794397 4.898388
v 0.039260 5.794397 2.641122
v -1.556868 5.794397 3.302260
v -2.094143 5.714314 2.764985
v 0.039260 5.714314 1.881300
v -0.740266 5.714314 1.986570
v -0.855775 5.672732 1.555101
v 0.039260 5.672732 1.434233
v -2.410267 5.672732 2.448860
v -1.691915 5.672732 1.901442
v -1.468498 5.714314 2.288213
v -0.543950 5.794397 2.719880
v 0.039260 5.756127 2.292027
v -0.634146 5.756127 2.382966
v -1.803715 5.756127 3.055413
v -1.263242 5.756127 2.643546
v -1.088785 5.794397 2.945558
v -2.977827 5.714314 4.898388
v -2.570914 5.714314 3.390630
v -2.957686 5.672732 3.167212
v -3.424895 5.672732 4.898388
v -3.304027 5.672732 4.003353
v -2.872558 5.714314 4.118862
v -1.913570 5.794397 3.770343
v -2.215582 5.756127 3.595886
v -2.567101 5.756127 4.898388
v -2.476162 5.756127 4.224982
v -2.139248 5.794397 4.315177
v -0.501356 5.982035 4.357772
v 0.039260 5.865949 3.235103
v -1.136860 5.865949 3.722268
v -0.390483 5.865949 3.293137
v 0.039260 5.830229 2.946082
v -0.465158 5.830229 3.014200
v -1.341229 5.830229 3.517899
v -0.936384 5.830229 3.209388
v -0.791949 5.865949 3.459430
v 0.039260 5.903377 3.530653
v -0.927874 5.903377 3.931254
v -0.314122 5.903377 3.578375
v -0.644251 5.903377 3.715119
v -0.158276 5.982035 4.160517
v 0.039260 5.942309 3.832290
v -0.236188 5.942309 3.869487
v -0.714585 5.942309 4.144543
v -0.493511 5.942309 3.976074
v -0.342814 5.982035 4.236955
v -1.624025 5.865949 4.898388
v -1.399698 5.865949 4.067179
v -1.649739 5.830229 3.922743
v -1.913046 5.830229 4.898388
v -1.844928 5.830229 4.393970
v -1.565991 5.865949 4.468645
v -1.328474 5.903377 4.898388
v -1.144009 5.903377 4.214877
v -1.280752 5.903377 4.545006
v -0.622173 5.982035 4.516314
v -0.883054 5.942309 4.365616
v -1.026838 5.942309 4.898388
v -0.989641 5.942309 4.622940
v -0.698611 5.982035 4.700852
v 0.039260 5.794397 7.155654
v -1.556868 5.794397 6.494516
v -2.094143 5.714314 7.031791
v -2.872558 5.714314 5.677914
v -3.304027 5.672732 5.793423
v -2.410267 5.672732 7.347916
v -2.957686 5.672732 6.629564
v -2.570914 5.714314 6.406147
v -2.139248 5.794397 5.481599
v -2.476162 5.756127 5.571795
v -1.803715 5.756127 6.741364
v -2.215582 5.756127 6.200890
v -1.913570 5.794397 6.026433
v 0.039260 5.714314 7.915476
v -1.468498 5.714314 7.508563
v -1.691915 5.672732 7.895334
v 0.039260 5.672732 8.362543
v -0.855775 5.672732 8.241675
v -0.740266 5.714314 7.810206
v -1.088785 5.794397 6.851218
v -1.263242 5.756127 7.153230
v 0.039260 5.756127 7.504749
v -0.634146 5.756127 7.413810
v -0.543950 5.794397 7.076896
v -0.501356 5.982035 5.439004
v -1.136860 5.865949 6.074508
v -1.565991 5.865949 5.328132
v -1.844928 5.830229 5.402806
v -1.341229 5.830229 6.278877
v -1.649739 5.830229 5.874033
v -1.399698 5.865949 5.729598
v -0.927874 5.903377 5.865522
v -1.280752 5.903377 5.251770
v -1.144009 5.903377 5.581899
v -0.698611 5.982035 5.095924
v -0.989641 5.942309 5.173836
v -0.714585 5.942309 5.652234
v -0.883054 5.942309 5.431159
v -0.622173 5.982035 5.280462
v 0.039260 5.865949 6.561673
v -0.791949 5.865949 6.337347
v -0.936384 5.830229 6.587388
v 0.039260 5.830229 6.850694
v -0.465158 5.830229 6.782576
v -0.390483 5.865949 6.503639
v 0.039260 5.903377 6.266122
v -0.644251 5.903377 6.081657
v -0.314122 5.903377 6.218401
v -0.342814 5.982035 5.559821
v -0.493511 5.942309 5.820702
v 0.039260 5.942309 5.964486
v -0.236188 5.942309 5.927289
v -0.158276 5.982035 5.636259
v 0.803807 5.982035 4.898388
v 2.296527 5.794397 4.898388
v 1.635389 5.794397 6.494516
v 2.172663 5.714314 7.031791
v 0.818786 5.714314 7.810206
v 0.934295 5.672732 8.241675
v 2.488788 5.672732 7.347916
v 1.770436 5.672732 7.895334
v 1.547019 5.714314 7.508563
v 0.622471 5.794397 7.076896
v 0.712667 5.756127 7.413810
v 1.882236 5.756127 6.741364
v 1.341762 5.756127 7.153230
v 1.167306 5.794397 6.851218
v 3.056348 5.714314 4.898388
v 2.649435 5.714314 6.406147
v 3.036206 5.672732 6.629564
v 3.503415 5.672732 4.898388
v 3.382547 5.672732 5.793423
v 2.951079 5.714314 5.677914
v 1.992090 5.794397 6.026433
v 2.294103 5.756127 6.200890
v 2.645621 5.756127 4.898388
v 2.554682 5.756127 5.571795
v 2.217768 5.794397 5.481599
v 0.579877 5.982035 5.439004
v 1.215380 5.865949 6.074508
v 0.469004 5.865949 6.503639
v 0.543678 5.830229 6.782576
v 1.419749 5.830229 6.278877
v 1.014905 5.830229 6.587388
v 0.870470 5.865949 6.337347
v 1.006395 5.903377 5.865522
v 0.392642 5.903377 6.218401
v 0.722771 5.903377 6.081657
v 0.236797 5.982035 5.636259
v 0.314709 5.942309 5.927289
v 0.793106 5.942309 5.652234
v 0.572032 5.942309 5.820702
v 0.421335 5.982035 5.559821
v 1.702545 5.865949 4.898388
v 1.478219 5.865949 5.729598
v 1.728260 5.830229 5.874033
v 1.991567 5.830229 4.898388
v 1.923448 5.830229 5.402806
v 1.644511 5.865949 5.328132
v 1.406995 5.903377 4.898388
v 1.222529 5.903377 5.581899
v 1.359273 5.903377 5.251770
v 0.700693 5.982035 5.280462
v 0.961574 5.942309 5.431159
v 1.105359 5.942309 4.898388
v 1.068161 5.942309 5.173836
v 0.777131 5.982035 5.095924
v 1.635389 5.794397 3.302260
v 2.172663 5.714314 2.764985
v 2.951079 5.714314 4.118862
v 3.382547 5.672732 4.003353
v 2.488788 5.672732 2.448860
v 3.036206 5.672732 3.167212
v 2.649435 5.714314 3.390630
v 2.217768 5.794397 4.315177
v 2.554682 5.756127 4.224982
v 1.882236 5.756127 3.055413
v 2.294103 5.756127 3.595886
v 1.992090 5.794397 3.770343
v 1.547019 5.714314 2.288213
v 1.770436 5.672732 1.901442
v 0.934295 5.672732 1.555101
v 0.818786 5.714314 1.986570
v 1.167306 5.794397 2.945558
v 1.341762 5.756127 2.643546
v 0.712667 5.756127 2.382966
v 0.622471 5.794397 2.719880
v 0.579877 5.982035 4.357772
v 1.215380 5.865949 3.722268
v 1.644511 5.865949 4.468645
v 1.923448 5.830229 4.393970
v 1.419749 5.830229 3.517899
v 1.728260 5.830229 3.922743
v 1.478219 5.865949 4.067179
v 1.006395 5.903377 3.931254
v 1.359273 5.903377 4.545006
v 1.222529 5.903377 4.214877
v 0.777131 5.982035 4.700852
v 1.068161 5.942309 4.622940
v 0.793106 5.942309 4.144543
v 0.961574 5.942309 4.365616
v 0.700693 5.982035 4.516314
v 0.870470 5.865949 3.459430
v 1.014905 5.830229 3.209388
v 0.543678 5.830229 3.014200
v 0.469004 5.865949 3.293137
v 0.722771 5.903377 3.715119
v 0.392642 5.903377 3.578375
v 0.421335 5.982035 4.236955
v 0.572032 5.942309 3.976074
v 0.314709 5.942309 3.869487
v 0.236797 5.982035 4.160517
v 0.039260 4.784637 4.359015
v 0.039260 4.778305 4.496739
v 0.039260 4.784637 5.437761
v 0.039260 4.778305 5.300037
v -0.500113 4.784637 4.898388
v -0.362389 4.778305 4.898388
v -0.342134 4.784637 4.516994
v -0.244749 4.778305 4.614379
v -0.309672 4.782524 4.549455
v 0.039260 4.782524 4.404922
v -0.166911 4.784637 4.400646
v -0.149363 4.782524 4.443010
v -0.277210 4.780414 4.581917
v 0.039260 4.780414 4.450831
v -0.131815 4.780414 4.485375
v -0.114267 4.778305 4.527740
v -0.454205 4.782524 4.898388
v -0.458482 4.784637 4.692216
v -0.416117 4.782524 4.709764
v -0.408297 4.780414 4.898388
v -0.373753 4.780414 4.727313
v -0.331388 4.778305 4.744861
v -0.342134 4.784637 5.279783
v -0.244749 4.778305 5.182397
v -0.309672 4.782524 5.247321
v -0.458482 4.784637 5.104559
v -0.416117 4.782524 5.087011
v -0.277210 4.780414 5.214859
v -0.373753 4.780414 5.069464
v -0.331388 4.778305 5.051916
v 0.039260 4.782524 5.391853
v -0.166911 4.784637 5.396130
v -0.149363 4.782524 5.353765
v 0.039260 4.780414 5.345945
v -0.131815 4.780414 5.311401
v -0.114267 4.778305 5.269036
v 0.578634 4.784637 4.898388
v 0.440910 4.778305 4.898388
v 0.420655 4.784637 5.279783
v 0.323269 4.778305 5.182397
v 0.388193 4.782524 5.247321
v 0.245432 4.784637 5.396130
v 0.227884 4.782524 5.353765
v 0.355731 4.780414 5.214859
v 0.210336 4.780414 5.311401
v 0.192788 4.778305 5.269036
v 0.532726 4.782524 4.898388
v 0.537002 4.784637 5.104559
v 0.494638 4.782524 5.087011
v 0.486818 4.780414 4.898388
v 0.452273 4.780414 5.069464
v 0.409908 4.778305 5.051916
v 0.420655 4.784637 4.516994
v 0.323269 4.778305 4.614379
v 0.388193 4.782524 4.549455
v 0.537002 4.784637 4.692216
v 0.494638 4.782524 4.709764
v 0.355731 4.780414 4.581917
v 0.452273 4.780414 4.727313
v 0.409908 4.778305 4.744861
v 0.245432 4.784637 4.400646
v 0.227884 4.782524 4.443010
v 0.210336 4.780414 4.485375
v 0.192788 4.778305 4.527740
v 0.039260 4.778305 4.496739
v 0.039260 4.706302 4.496739
v 0.039260 4.778305 5.300037
v 0.039260 4.706302 5.300037
v -0.362389 4.778305 4.898388
v -0.362389 4.706302 4.898388
v -0.244749 4.778305 4.614379
v -0.244749 4.706302 4.614379
v -0.244749 4.754303 4.614379
v 0.039260 4.754303 4.496739
v -0.114267 4.778305 4.527740
v -0.114267 4.754303 4.527740
v -0.244749 4.730302 4.614379
v 0.039260 4.730302 4.496739
v -0.114267 4.730302 4.527740
v -0.114267 4.706302 4.527740
v -0.362389 4.754303 4.898388
v -0.331388 4.778305 4.744861
v -0.331388 4.754303 4.744861
v -0.362389 4.730302 4.898388
v -0.331388 4.730302 4.744861
v -0.331388 4.706302 4.744861
v -0.244749 4.778305 5.182397
v -0.244749 4.706302 5.182397
v -0.244749 4.754303 5.182397
v -0.331388 4.778305 5.051916
v -0.331388 4.754303 5.051916
v -0.244749 4.730302 5.182397
v -0.331388 4.730302 5.051916
v -0.331388 4.706302 5.051916
v 0.039260 4.754303 5.300037
v -0.114267 4.778305 5.269036
v -0.114267 4.754303 5.269036
v 0.039260 4.730302 5.300037
v -0.114267 4.730302 5.269036
v -0.114267 4.706302 5.269036
v 0.440910 4.778305 4.898388
v 0.440910 4.706302 4.898388
v 0.323269 4.778305 5.182397
v 0.323269 4.706302 5.182397
v 0.323269 4.754303 5.182397
v 0.192788 4.778305 5.269036
v 0.192788 4.754303 5.269036
v 0.323269 4.730302 5.182397
v 0.192788 4.730302 5.269036
v 0.192788 4.706302 5.269036
v 0.440910 4.754303 4.898388
v 0.409908 4.778305 5.051916
v 0.409908 4.754303 5.051916
v 0.440910 4.730302 4.898388
v 0.409908 4.730302 5.051916
v 0.409908 4.706302 5.051916
v 0.323269 4.778305 4.614379
v 0.323269 4.706302 4.614379
v 0.323269 4.754303 4.614379
v 0.409908 4.778305 4.744861
v 0.409908 4.754303 4.744861
v 0.323269 4.730302 4.614379
v 0.409908 4.730302 4.744861
v 0.409908 4.706302 4.744861
v 0.192788 4.778305 4.527740
v 0.192788 4.754303 4.527740
v 0.192788 4.730302 4.527740
v 0.192788 4.706302 4.527740
v 0.039260 4.656949 4.664671
v 0.039260 4.706377 4.494958
v 0.039260 4.656979 5.080387
v 0.039260 4.706350 5.301242
v -0.168578 4.656966 4.872548
v -0.363867 4.706362 4.898419
v -0.107711 4.656956 4.725576
v -0.245961 4.706372 4.613203
v -0.154208 4.673332 4.687656
v 0.039260 4.673326 4.607446
v -0.040195 4.656953 4.680723
v -0.065344 4.673328 4.628585
v -0.200951 4.689850 4.649563
v 0.039260 4.689849 4.550065
v -0.090591 4.689850 4.576285
v -0.114953 4.706376 4.526122
v -0.234184 4.673347 4.881130
v -0.152536 4.656958 4.793103
v -0.213159 4.673342 4.776572
v -0.300450 4.689850 4.889775
v -0.274230 4.689850 4.759923
v -0.332870 4.706367 4.744281
v -0.107704 4.656975 5.019512
v -0.245641 4.706354 5.183317
v -0.153991 4.673360 5.074386
v -0.152536 4.656966 4.951993
v -0.213005 4.673352 4.985624
v -0.200951 4.689854 5.129986
v -0.274230 4.689854 5.019627
v -0.332644 4.706357 5.052465
v 0.039260 4.673366 5.154378
v -0.040184 4.656975 5.064345
v -0.065191 4.673363 5.133302
v 0.039260 4.689855 5.229485
v -0.090591 4.689854 5.203265
v -0.114727 4.706351 5.270173
v 0.247099 4.656966 4.872548
v 0.442387 4.706362 4.898419
v 0.186224 4.656979 5.019512
v 0.324162 4.706354 5.183317
v 0.232511 4.673363 5.074386
v 0.118705 4.656979 5.064345
v 0.143711 4.673365 5.133302
v 0.279472 4.689855 5.129986
v 0.169112 4.689855 5.203265
v 0.193248 4.706351 5.270173
v 0.312705 4.673347 4.881130
v 0.231057 4.656966 4.951993
v 0.291526 4.673352 4.985624
v 0.378971 4.689849 4.889775
v 0.352750 4.689855 5.019627
v 0.411165 4.706357 5.052465
v 0.186232 4.656952 4.725576
v 0.324482 4.706372 4.613203
v 0.232728 4.673330 4.687656
v 0.231057 4.656954 4.793103
v 0.291679 4.673342 4.776572
v 0.279472 4.689849 4.649563
v 0.352750 4.689849 4.759923
v 0.411391 4.706367 4.744281
v 0.118716 4.656950 4.680723
v 0.143865 4.673326 4.628585
v 0.169112 4.689849 4.576285
v 0.193474 4.706376 4.526122
v 0.010955 6.288365 5.059154
v -0.004667 5.954877 5.740251
v 0.070881 5.872364 3.475524
v 0.055259 6.288288 4.573197
v -0.804756 5.954877 4.864615
v -0.207672 6.288315 4.820054
v -0.586062 5.954877 5.468136
v -0.152814 6.288339 4.984788
v -0.004667 6.211224 5.585573
v -0.476688 6.211226 5.358763
v -0.179864 6.211226 5.551977
v -0.050483 6.288357 5.046967
v -0.003422 6.274846 5.374025
v -0.127689 6.274847 5.348080
v -0.004667 6.251886 5.496699
v -0.156901 6.251886 5.466203
v -0.336370 6.274846 5.209517
v -0.106385 6.288346 5.021582
v -0.241323 6.274847 5.291939
v -0.340987 6.211226 5.474555
v -0.296572 6.251886 5.397666
v -0.413843 6.251886 5.295918
v -0.219828 5.954877 5.701258
v -0.004667 6.147169 5.659067
v -0.198852 6.147168 5.622906
v -0.004667 6.058067 5.707243
v -0.211300 6.058067 5.669401
v -0.528656 6.147168 5.410730
v -0.377714 6.147168 5.538137
v -0.418286 5.954877 5.608372
v -0.401790 6.058067 5.579817
v -0.562722 6.058067 5.444797
v -0.650078 6.211226 4.855932
v -0.186269 6.288328 4.938687
v -0.576814 6.211226 5.211125
v -0.405528 6.274847 5.105222
v -0.499925 6.251886 5.166709
v -0.452940 6.274846 4.843270
v -0.204995 6.288316 4.884836
v -0.445935 6.274841 4.986492
v -0.636001 6.211226 5.042448
v -0.550226 6.251886 5.019485
v -0.561202 6.251886 4.849568
v -0.710631 5.954877 5.288423
v -0.640396 6.147168 5.247851
v -0.682075 6.058067 5.271927
v -0.723571 6.147168 4.861070
v -0.706930 6.147168 5.061436
v -0.785282 5.954877 5.082412
v -0.753425 6.058067 5.073883
v -0.771748 6.058067 4.863665
v -0.532641 5.954877 4.110034
v -0.121486 6.288291 4.624811
v -0.423268 6.211226 4.185271
v -0.193548 6.288315 4.749014
v -0.616481 6.211226 4.631487
v -0.427565 6.274830 4.679521
v -0.530707 6.251886 4.648461
v -0.294660 6.274702 4.358356
v -0.164128 6.288299 4.680366
v -0.376069 6.274760 4.507907
v -0.539060 6.211226 4.392423
v -0.462171 6.251877 4.440735
v -0.360423 6.251877 4.264758
v -0.765762 5.954877 4.623357
v -0.687410 6.147171 4.621636
v -0.733906 6.058067 4.619444
v -0.475235 6.147184 4.129940
v -0.602641 6.147171 4.360572
v -0.672877 5.954890 4.354085
v -0.644320 6.058080 4.349029
v -0.509301 6.058080 4.106785
v 0.070881 6.193968 3.825908
v -0.068055 6.288291 4.591597
v -0.275628 6.211233 4.027910
v -0.185358 6.274692 4.270007
v -0.231214 6.251877 4.157866
v 0.070881 6.274689 4.221711
v -0.007724 6.288291 4.575440
v -0.060281 6.274692 4.229536
v -0.106952 6.193879 3.839636
v -0.083989 6.251877 4.091963
v 0.070881 6.251883 4.081557
v -0.352927 5.954877 3.855113
v -0.312356 6.147171 3.888585
v -0.336432 6.058080 3.855920
v 0.070881 6.100674 3.609975
v -0.125940 6.106561 3.643867
v -0.146916 5.914256 3.599702
v -0.138388 6.017448 3.603809
v 0.070881 5.975553 3.480783
v 0.870969 5.954877 4.940162
v 0.273886 6.288328 4.862607
v 0.652275 5.954877 4.161193
v 0.268725 6.288265 4.580645
v 0.542902 6.211224 4.240978
v 0.139040 6.288250 4.477100
v 0.246077 6.193870 3.859155
v 0.199407 6.274689 4.248399
v 0.223115 6.251883 4.096929
v 0.415173 6.274698 4.416365
v 0.209885 6.288250 4.514384
v 0.316930 6.274693 4.307760
v 0.407201 6.211239 4.065664
v 0.362786 6.251883 4.195620
v 0.480057 6.251883 4.322935
v 0.286042 5.914243 3.619221
v 0.265066 6.106551 3.663386
v 0.277514 6.017446 3.623328
v 0.594869 6.147182 4.183359
v 0.443928 6.147182 3.926340
v 0.484500 5.954877 3.892867
v 0.468004 6.058080 3.893674
v 0.628935 6.058088 4.158734
v 0.716292 6.211224 4.932586
v 0.252483 6.288308 4.719775
v 0.643028 6.211224 4.461119
v 0.480186 6.274760 4.580950
v 0.566139 6.251883 4.513259
v 0.519097 6.274846 4.920320
v 0.271209 6.288316 4.792249
v 0.513419 6.274831 4.757926
v 0.702214 6.211224 4.707155
v 0.616440 6.251886 4.727731
v 0.627416 6.251886 4.928340
v 0.776845 5.954877 4.416416
v 0.706609 6.147176 4.425932
v 0.748288 6.058067 4.412356
v 0.789785 6.147169 4.936617
v 0.773143 6.147169 4.694549
v 0.851495 5.954877 4.694302
v 0.819639 6.058067 4.690904
v 0.837962 6.058067 4.938966
v 0.598855 5.954877 5.521557
v 0.187700 6.288345 5.011819
v 0.489481 6.211224 5.412184
v 0.259762 6.288328 4.923107
v 0.682695 6.211224 5.115359
v 0.492756 6.274846 5.055986
v 0.596920 6.251886 5.092396
v 0.350924 6.274846 5.260051
v 0.230342 6.288335 4.971758
v 0.435237 6.274847 5.167034
v 0.605274 6.211224 5.276482
v 0.528385 6.251886 5.232068
v 0.426637 6.251886 5.349339
v 0.831976 5.954877 5.155323
v 0.753624 6.147169 5.134347
v 0.800120 6.058067 5.146795
v 0.541449 6.147169 5.464151
v 0.668855 6.147169 5.313210
v 0.739090 5.954877 5.353781
v 0.710534 6.058067 5.337286
v 0.575515 6.058067 5.498217
v 0.134269 6.288358 5.040686
v 0.341842 6.211224 5.512310
v 0.244341 6.274847 5.327644
v 0.297428 6.251886 5.435420
v 0.073938 6.288358 5.056844
v 0.123404 6.274847 5.366539
v 0.173166 6.211224 5.571496
v 0.150203 6.251886 5.485722
v 0.419141 5.954877 5.646126
v 0.378570 6.147169 5.575891
v 0.402645 6.058067 5.617570
v 0.192154 6.147169 5.642425
v 0.213130 5.954877 5.720777
v 0.204602 6.058067 5.688921
v -0.079365 6.288315 5.143313
v 0.003300 6.288315 5.159712
v -0.217055 6.288291 5.059651
v -0.154583 6.288299 5.109158
v -0.262070 6.288291 4.997620
v -0.290869 6.288281 4.837996
v -0.287266 6.288291 4.925162
v -0.271864 6.288281 4.742410
v -0.174902 6.288265 4.575291
v -0.232279 6.288272 4.650042
v -0.103010 6.288265 4.530601
v 0.062913 6.288265 4.505844
v -0.021832 6.288265 4.508861
v 0.175643 6.288221 4.376542
v 0.350138 6.288233 4.515864
v 0.270967 6.288221 4.426708
v 0.328283 6.288281 4.703068
v 0.357082 6.288288 4.895252
v 0.353480 6.288281 4.800583
v 0.338078 6.288288 4.976657
v 0.241116 6.288305 5.096022
v 0.298492 6.288305 5.042119
v 0.169224 6.288308 5.134863
v 0.088046 6.288308 5.156604
v -0.079365 6.288315 5.143313
v 0.003300 6.288315 5.159712
v -0.217055 6.288291 5.059651
v -0.154583 6.288299 5.109158
v -0.262070 6.288291 4.997620
v -0.290869 6.288281 4.837996
v -0.287266 6.288291 4.925162
v -0.271864 6.288281 4.742410
v -0.174902 6.288265 4.575291
v -0.232279 6.288272 4.650042
v -0.103010 6.288265 4.530601
v 0.062913 6.288265 4.505844
v -0.021832 6.288265 4.508861
v 0.175643 6.288221 4.376542
v 0.350138 6.288233 4.515864
v 0.270967 6.288221 4.426708
v 0.328283 6.288281 4.703068
v 0.357082 6.288288 4.895252
v 0.353480 6.288281 4.800583
v 0.338078 6.288288 4.976657
v 0.241116 6.288305 5.096022
v 0.298492 6.288305 5.042119
v 0.169224 6.288308 5.134863
v 0.088046 6.288308 5.156604
v 0.080286 6.414591 5.065711
v 0.080286 6.261117 5.270920
v 0.047318 6.261103 4.494268
v 0.047318 6.414581 4.699478
v -0.324524 6.261117 4.899078
v -0.119315 6.414602 4.899078
v 0.080286 6.378443 5.196504
v -0.250107 6.378443 4.899078
v -0.146509 6.378443 5.116218
v -0.054025 6.414602 5.023734
v 0.080286 6.403279 5.149148
v -0.113024 6.403277 5.082732
v 0.010841 6.403279 5.144106
v 0.032399 6.414598 5.063581
v 0.080286 6.409387 5.112368
v 0.020344 6.409387 5.108610
v -0.055144 6.403277 5.121436
v -0.013448 6.414602 5.049252
v -0.036764 6.409387 5.089616
v -0.087016 6.409394 5.056725
v -0.001394 6.378443 5.189810
v 0.080286 6.394568 5.171542
v 0.005055 6.394578 5.165720
v -0.078810 6.378443 5.162405
v -0.066336 6.394578 5.140810
v -0.128859 6.394578 5.098567
v -0.202752 6.403277 4.899078
v -0.086380 6.414602 4.988366
v -0.158564 6.403277 5.030063
v -0.126744 6.409394 5.011682
v -0.108667 6.414602 4.945815
v -0.189192 6.403277 4.967373
v -0.153695 6.409387 4.957870
v -0.165971 6.409387 4.899078
v -0.199533 6.378443 5.053728
v -0.177938 6.394578 5.041254
v -0.234896 6.378443 4.979608
v -0.210805 6.394578 4.973159
v -0.225146 6.394578 4.899078
v -0.199130 6.261117 5.168838
v 0.080286 6.319765 5.273175
v -0.200724 6.319765 5.170433
v -0.021204 6.319765 5.263806
v 0.080286 6.351551 5.237573
v -0.012005 6.351544 5.229446
v -0.117126 6.319765 5.228735
v -0.099334 6.351544 5.197935
v -0.175550 6.351561 5.145258
v -0.020621 6.261117 5.261630
v 0.080286 6.289618 5.281003
v -0.023226 6.289625 5.271360
v -0.115999 6.261117 5.226785
v -0.121037 6.289625 5.235507
v -0.206259 6.289625 5.175967
v -0.326779 6.319765 4.899078
v -0.265864 6.319765 5.092044
v -0.235063 6.351561 5.074252
v -0.308892 6.319765 4.999418
v -0.274532 6.351544 4.990219
v -0.291176 6.351544 4.899078
v -0.263913 6.261117 5.090917
v -0.272635 6.289625 5.095955
v -0.306716 6.261117 4.998835
v -0.316446 6.289625 5.001440
v -0.334606 6.289625 4.899078
v 0.047318 6.378423 4.568685
v -0.077337 6.414591 4.764767
v -0.169822 6.378431 4.672283
v -0.136336 6.403266 4.705769
v -0.117185 6.414602 4.851192
v -0.197710 6.403277 4.829634
v -0.162213 6.409387 4.839137
v -0.102856 6.414591 4.805345
v -0.175039 6.403277 4.763648
v -0.143220 6.409387 4.782029
v -0.110328 6.409376 4.731776
v -0.243414 6.378443 4.817399
v -0.219323 6.394578 4.823848
v -0.216008 6.378443 4.739982
v -0.194413 6.394571 4.752457
v -0.152171 6.394571 4.689933
v 0.047318 6.403256 4.616041
v -0.041970 6.414591 4.732412
v -0.083666 6.403266 4.660229
v -0.065286 6.409376 4.692049
v 0.000581 6.414578 4.710125
v -0.020977 6.403266 4.629600
v -0.011474 6.409376 4.665097
v 0.047318 6.409369 4.652821
v -0.107332 6.378431 4.619259
v -0.094858 6.394571 4.640854
v -0.033212 6.378431 4.583897
v -0.026763 6.394560 4.607987
v 0.047318 6.394561 4.593647
v -0.222442 6.261117 4.619663
v -0.224036 6.319756 4.618068
v -0.317410 6.319765 4.797589
v -0.283050 6.351544 4.806787
v -0.282339 6.319756 4.701666
v -0.251538 6.351544 4.719459
v -0.198862 6.351544 4.643243
v -0.315234 6.261117 4.798172
v -0.324964 6.289618 4.795567
v -0.280388 6.261117 4.702794
v -0.289111 6.289618 4.697755
v -0.229571 6.289618 4.612534
v 0.047318 6.319748 4.492013
v -0.145648 6.319756 4.552929
v -0.127856 6.351536 4.583730
v -0.053022 6.319756 4.509900
v -0.043823 6.351536 4.544261
v 0.047318 6.351533 4.527616
v -0.144521 6.261106 4.554880
v -0.149559 6.289618 4.546157
v -0.052439 6.261106 4.512077
v -0.055044 6.289618 4.502346
v 0.047318 6.289603 4.484186
v 0.452128 6.261103 4.866110
v 0.246919 6.414571 4.866110
v 0.377711 6.378423 4.866110
v 0.181629 6.414571 4.741455
v 0.274113 6.378423 4.648971
v 0.240628 6.403256 4.682456
v 0.095205 6.414581 4.701608
v 0.116763 6.403256 4.621082
v 0.107260 6.409369 4.656579
v 0.141052 6.414571 4.715937
v 0.182748 6.403256 4.643753
v 0.164368 6.409369 4.675573
v 0.214620 6.409369 4.708464
v 0.128998 6.378423 4.575378
v 0.122549 6.394561 4.599469
v 0.206414 6.378423 4.602784
v 0.193940 6.394561 4.624379
v 0.256463 6.394549 4.666621
v 0.330355 6.403256 4.866110
v 0.213984 6.414571 4.776823
v 0.286168 6.403256 4.735126
v 0.254348 6.409369 4.753507
v 0.236271 6.414571 4.819374
v 0.316796 6.403256 4.797816
v 0.281299 6.409369 4.807319
v 0.293575 6.409369 4.866110
v 0.327137 6.378423 4.711461
v 0.305542 6.394549 4.723935
v 0.362500 6.378423 4.785581
v 0.338409 6.394549 4.792030
v 0.352750 6.394561 4.866110
v 0.326734 6.261098 4.596351
v 0.328328 6.319748 4.594756
v 0.148808 6.319748 4.501382
v 0.139609 6.351533 4.535743
v 0.244730 6.319748 4.536453
v 0.226938 6.351527 4.567254
v 0.303154 6.351527 4.619931
v 0.148225 6.261103 4.503559
v 0.150830 6.289603 4.493828
v 0.243603 6.261098 4.538404
v 0.248641 6.289603 4.529682
v 0.333863 6.289603 4.589221
v 0.454383 6.319748 4.866110
v 0.393468 6.319748 4.673145
v 0.362667 6.351527 4.690937
v 0.436496 6.319748 4.765771
v 0.402136 6.351527 4.774970
v 0.418780 6.351533 4.866110
v 0.391517 6.261098 4.674272
v 0.400239 6.289603 4.669233
v 0.434320 6.261098 4.766354
v 0.444050 6.289603 4.763749
v 0.462210 6.289603 4.866110
v 0.204941 6.414581 5.000422
v 0.297425 6.378431 5.092906
v 0.263940 6.403265 5.059420
v 0.244789 6.414581 4.913997
v 0.325314 6.403256 4.935555
v 0.289817 6.409369 4.926052
v 0.230460 6.414581 4.959844
v 0.302643 6.403256 5.001541
v 0.270823 6.409369 4.983160
v 0.237932 6.409376 5.033412
v 0.371018 6.378423 4.947790
v 0.346927 6.394561 4.941341
v 0.343612 6.378431 5.025207
v 0.322017 6.394561 5.012732
v 0.279775 6.394561 5.075255
v 0.169574 6.414581 5.032776
v 0.211270 6.403265 5.104960
v 0.192890 6.409376 5.073140
v 0.127023 6.414591 5.055063
v 0.148580 6.403265 5.135589
v 0.139078 6.409376 5.100091
v 0.234936 6.378431 5.145929
v 0.222462 6.394568 5.124334
v 0.160816 6.378431 5.181292
v 0.154367 6.394568 5.157201
v 0.350046 6.261103 5.145526
v 0.351640 6.319754 5.147120
v 0.445014 6.319748 4.967600
v 0.410654 6.351533 4.958401
v 0.409943 6.319754 5.063522
v 0.379142 6.351533 5.045730
v 0.326466 6.351533 5.121946
v 0.442838 6.261103 4.967017
v 0.452568 6.289603 4.969622
v 0.407992 6.261103 5.062395
v 0.416715 6.289603 5.067434
v 0.357175 6.289618 5.152656
v 0.273252 6.319754 5.212260
v 0.255460 6.351551 5.181459
v 0.180625 6.319754 5.255289
v 0.171427 6.351551 5.220928
v 0.272125 6.261117 5.210309
v 0.277163 6.289618 5.219032
v 0.180043 6.261117 5.253112
v 0.182648 6.289618 5.262843
v 0.392366 6.240490 4.774219
v 0.343437 6.240490 4.680348
v 0.267228 6.240505 4.605852
v 0.171199 6.240505 4.558022
v 0.064750 6.240505 4.541541
v -0.041698 6.240505 4.558022
v -0.137727 6.240512 4.605852
v -0.213936 6.240512 4.680348
v -0.262865 6.240512 4.774219
v -0.279725 6.240521 4.878276
v -0.262865 6.240521 4.982333
v -0.213936 6.240521 5.076204
v -0.137727 6.240521 5.150700
v -0.041698 6.240521 5.198530
v 0.064750 6.240521 5.215011
v 0.171199 6.240510 5.198530
v 0.267228 6.240510 5.150700
v 0.343436 6.240505 5.076204
v 0.392365 6.240505 4.982333
v 0.409225 6.240505 4.878276
v 0.371680 6.293031 4.780789
v 0.325840 6.293031 4.692845
v 0.254443 6.293031 4.623053
v 0.164478 6.293031 4.578243
v 0.064750 6.293031 4.562802
v -0.034977 6.293040 4.578243
v -0.124943 6.293040 4.623053
v -0.196339 6.293040 4.692845
v -0.242179 6.293048 4.780789
v -0.257974 6.293048 4.878276
v -0.242179 6.293048 4.975762
v -0.196339 6.293048 5.063706
v -0.124943 6.293048 5.133499
v -0.034977 6.293048 5.178309
v 0.064750 6.293055 5.193749
v 0.164478 6.293055 5.178309
v 0.254443 6.293037 5.133499
v 0.325840 6.293031 5.063706
v 0.371680 6.293031 4.975762
v 0.387475 6.293031 4.878276
v 0.343437 6.341516 4.789760
v 0.301815 6.341516 4.709908
v 0.236988 6.341518 4.646538
v 0.155301 6.341518 4.605852
v 0.064750 6.341518 4.591832
v -0.025800 6.341526 4.605852
v -0.107487 6.341527 4.646538
v -0.172314 6.341527 4.709908
v -0.213936 6.341527 4.789760
v -0.228278 6.341538 4.878276
v -0.213936 6.341538 4.966792
v -0.172314 6.341538 5.046643
v -0.107487 6.341538 5.110014
v -0.025800 6.341538 5.150700
v 0.064750 6.341539 5.164720
v 0.155301 6.341527 5.150700
v 0.236988 6.341527 5.110014
v 0.301815 6.341518 5.046643
v 0.343436 6.341518 4.966792
v 0.357778 6.341518 4.878276
v 0.308331 6.384758 4.800910
v 0.271952 6.384758 4.731117
v 0.215292 6.384765 4.675729
v 0.143895 6.384765 4.640168
v 0.064750 6.384765 4.627915
v -0.014394 6.384768 4.640168
v -0.085791 6.384775 4.675729
v -0.142452 6.384775 4.731117
v -0.178830 6.384786 4.800910
v -0.191365 6.384786 4.878276
v -0.178830 6.384786 4.955642
v -0.142452 6.384794 5.025434
v -0.085791 6.384794 5.080822
v -0.014394 6.384786 5.116384
v 0.064750 6.384788 5.128637
v 0.143894 6.384788 5.116384
v 0.215291 6.384774 5.080822
v 0.271952 6.384765 5.025434
v 0.308331 6.384765 4.955642
v 0.320866 6.384765 4.878276
v 0.267228 6.421706 4.813965
v 0.236988 6.421706 4.755949
v 0.189888 6.421706 4.709908
v 0.130539 6.421706 4.680348
v 0.064750 6.421717 4.670162
v -0.001039 6.421717 4.680348
v -0.060388 6.421717 4.709908
v -0.107487 6.421724 4.755950
v -0.137727 6.421724 4.813965
v -0.148147 6.421737 4.878276
v -0.137727 6.421737 4.942586
v -0.107487 6.421737 5.000602
v -0.060388 6.421737 5.046643
v -0.001039 6.421737 5.076204
v 0.064750 6.421737 5.086390
v 0.130539 6.421727 5.076204
v 0.189888 6.421717 5.046643
v 0.236988 6.421717 5.000602
v 0.267228 6.421706 4.942586
v 0.277648 6.421706 4.878276
v 0.221139 6.451441 4.828604
v 0.197782 6.451441 4.783794
v 0.161404 6.451441 4.748233
v 0.115564 6.451441 4.725401
v 0.064750 6.451441 4.717534
v 0.013937 6.451454 4.725401
v -0.031903 6.451453 4.748233
v -0.068282 6.451460 4.783794
v -0.091638 6.451460 4.828604
v -0.099686 6.451470 4.878276
v -0.091638 6.451470 4.927948
v -0.068282 6.451470 4.972757
v -0.031903 6.451470 5.008319
v 0.013937 6.451477 5.031150
v 0.064750 6.451462 5.039018
v 0.115564 6.451462 5.031150
v 0.161404 6.451454 5.008319
v 0.197782 6.451454 4.972757
v 0.221139 6.451441 4.927948
v 0.229187 6.451441 4.878276
v 0.171199 6.473228 4.844466
v 0.155301 6.473227 4.813965
v 0.130539 6.473228 4.789760
v 0.099338 6.473228 4.774219
v 0.064750 6.473228 4.768864
v 0.030163 6.473238 4.774219
v -0.001039 6.473238 4.789760
v -0.025800 6.473248 4.813965
v -0.041698 6.473248 4.844466
v -0.047176 6.473258 4.878276
v -0.041698 6.473258 4.912086
v -0.025800 6.473258 4.942586
v -0.001039 6.473258 4.966792
v 0.030163 6.473261 4.982333
v 0.064750 6.473256 4.987688
v 0.099338 6.473256 4.982333
v 0.130539 6.473238 4.966792
v 0.155301 6.473238 4.942586
v 0.171199 6.473228 4.912086
v 0.176677 6.473228 4.878276
v 0.118638 6.486530 4.861160
v 0.110590 6.486530 4.845720
v 0.098055 6.486530 4.833466
v 0.082260 6.486535 4.825599
v 0.064750 6.486535 4.822888
v 0.047241 6.486535 4.825599
v 0.031446 6.486547 4.833466
v 0.018911 6.486555 4.845720
v 0.010863 6.486565 4.861160
v 0.008089 6.486564 4.878276
v 0.010863 6.486587 4.895391
v 0.018911 6.486580 4.910832
v 0.031446 6.486580 4.923086
v 0.047241 6.486565 4.930953
v 0.064750 6.486555 4.933664
v 0.082260 6.486555 4.930953
v 0.098055 6.486547 4.923086
v 0.110590 6.486535 4.910832
v 0.118638 6.486535 4.895391
v 0.121411 6.486535 4.878276
v 0.064750 6.491024 4.878276
v 0.067397 4.565365 4.877808
v 0.065482 4.565365 4.874051
v 0.062500 4.565365 4.871069
v 0.058743 4.565365 4.869154
v 0.054578 4.565365 4.868495
v 0.050413 4.565365 4.869154
v 0.046656 4.565365 4.871069
v 0.043674 4.565365 4.874051
v 0.041760 4.565373 4.877808
v 0.041100 4.565373 4.881972
v 0.041760 4.565373 4.886137
v 0.043674 4.565373 4.889894
v 0.046656 4.565373 4.892877
v 0.050413 4.565373 4.894791
v 0.054578 4.565373 4.895451
v 0.058743 4.565373 4.894791
v 0.062500 4.565365 4.892877
v 0.065482 4.565365 4.889894
v 0.067397 4.565365 4.886137
v 0.068056 4.565365 4.881972
v 0.092271 4.572207 4.869725
v 0.086641 4.572207 4.858677
v 0.077873 4.572207 4.849909
v 0.066825 4.572207 4.844280
v 0.054578 4.572207 4.842340
v 0.042331 4.572211 4.844280
v 0.031283 4.572211 4.849909
v 0.022515 4.572220 4.858677
v 0.016885 4.572220 4.869725
v 0.014946 4.572231 4.881972
v 0.016885 4.572239 4.894220
v 0.022515 4.572239 4.905268
v 0.031283 4.572231 4.914036
v 0.042331 4.572231 4.919665
v 0.054578 4.572220 4.921605
v 0.066825 4.572220 4.919665
v 0.077873 4.572220 4.914036
v 0.086641 4.572211 4.905268
v 0.092271 4.572211 4.894220
v 0.094210 4.572211 4.881972
v 0.157957 4.596024 4.848383
v 0.142517 4.596024 4.818081
v 0.118470 4.596024 4.794034
v 0.088168 4.596024 4.778594
v 0.054578 4.596025 4.773274
v 0.020988 4.596025 4.778594
v -0.009313 4.596031 4.794034
v -0.033361 4.596035 4.818081
v -0.048800 4.596035 4.848383
v -0.054121 4.596035 4.881972
v -0.048800 4.596045 4.915562
v -0.033361 4.596045 4.945864
v -0.009313 4.596045 4.969912
v 0.020988 4.596046 4.985351
v 0.054578 4.596043 4.990671
v 0.088168 4.596043 4.985351
v 0.118470 4.596043 4.969912
v 0.142517 4.596025 4.945864
v 0.157957 4.596025 4.915562
v 0.163277 4.596025 4.881972
v 0.218068 4.622272 4.828852
v 0.193651 4.622272 4.780930
v 0.155621 4.622272 4.742899
v 0.107699 4.622272 4.718482
v 0.054578 4.622272 4.710069
v 0.001457 4.622276 4.718482
v -0.046464 4.622279 4.742899
v -0.084495 4.622279 4.780930
v -0.108912 4.622279 4.828852
v -0.117325 4.622290 4.881972
v -0.108912 4.622290 4.935093
v -0.084495 4.622290 4.983015
v -0.046464 4.622290 5.021046
v 0.001457 4.622290 5.045463
v 0.054578 4.622290 5.053876
v 0.107699 4.622287 5.045463
v 0.155620 4.622287 5.021046
v 0.193651 4.622287 4.983015
v 0.218068 4.622272 4.935093
v 0.226482 4.622272 4.881972
v 0.250443 4.641430 4.818332
v 0.221191 4.641430 4.760921
v 0.175630 4.641430 4.715360
v 0.118219 4.641430 4.686108
v 0.054578 4.641430 4.676028
v -0.009062 4.641426 4.686108
v -0.066473 4.641433 4.715360
v -0.112035 4.641433 4.760921
v -0.141287 4.641433 4.818332
v -0.151367 4.641443 4.881972
v -0.141287 4.641443 4.945613
v -0.112035 4.641443 5.003024
v -0.066473 4.641443 5.048586
v -0.009062 4.641443 5.077838
v 0.054578 4.641444 5.087917
v 0.118219 4.641441 5.077838
v 0.175629 4.641441 5.048586
v 0.221191 4.641441 5.003024
v 0.250443 4.641430 4.945613
v 0.260523 4.641430 4.881972
v 0.289720 4.676123 4.805570
v 0.254602 4.676123 4.736647
v 0.199904 4.676123 4.681949
v 0.130980 4.676123 4.646830
v 0.054578 4.676123 4.634730
v -0.021824 4.676123 4.646831
v -0.090748 4.676127 4.681949
v -0.145446 4.676127 4.736647
v -0.180564 4.676127 4.805570
v -0.192665 4.676137 4.881972
v -0.180564 4.676137 4.958375
v -0.145446 4.676137 5.027298
v -0.090748 4.676137 5.081996
v -0.021824 4.676137 5.117115
v 0.054578 4.676138 5.129215
v 0.130980 4.676130 5.117115
v 0.199904 4.676130 5.081996
v 0.254602 4.676130 5.027298
v 0.289720 4.676123 4.958375
v 0.301821 4.676123 4.881972
v 0.301383 4.715043 4.801781
v 0.264523 4.715043 4.729439
v 0.207112 4.715043 4.672028
v 0.134770 4.715043 4.635168
v 0.054578 4.715043 4.622467
v -0.025614 4.715044 4.635168
v -0.097955 4.715048 4.672028
v -0.155366 4.715048 4.729439
v -0.192227 4.715048 4.801781
v -0.204928 4.715048 4.881972
v -0.192227 4.715058 4.962164
v -0.155366 4.715058 5.034506
v -0.097955 4.715058 5.091917
v -0.025614 4.715058 5.128777
v 0.054578 4.715057 5.141478
v 0.134770 4.715049 5.128777
v 0.207112 4.715049 5.091917
v 0.264523 4.715049 5.034506
v 0.301383 4.715043 4.962164
v 0.314084 4.715043 4.881972
v 0.287843 4.747937 4.806180
v 0.253005 4.747937 4.737807
v 0.198744 4.747937 4.683546
v 0.130371 4.747937 4.648707
v 0.054578 4.747937 4.636703
v -0.021214 4.747940 4.648707
v -0.089588 4.747940 4.683546
v -0.143849 4.747946 4.737807
v -0.178687 4.747946 4.806180
v -0.190691 4.747946 4.881972
v -0.178687 4.747953 4.957765
v -0.143849 4.747953 5.026138
v -0.089588 4.747953 5.080400
v -0.021214 4.747953 5.115238
v 0.054578 4.747952 5.127242
v 0.130371 4.747951 5.115238
v 0.198744 4.747951 5.080400
v 0.253005 4.747951 5.026138
v 0.287843 4.747937 4.957765
v 0.299848 4.747937 4.881972
v 0.268380 4.774206 4.812504
v 0.236449 4.774206 4.749836
v 0.186715 4.774206 4.700102
v 0.124047 4.774206 4.668170
v 0.054578 4.774206 4.657168
v -0.014890 4.774209 4.668170
v -0.077559 4.774218 4.700102
v -0.127292 4.774218 4.749836
v -0.159224 4.774218 4.812504
v -0.170226 4.774227 4.881972
v -0.159224 4.774227 4.951441
v -0.127292 4.774227 5.014110
v -0.077559 4.774227 5.063843
v -0.014890 4.774227 5.095775
v 0.054578 4.774224 5.106777
v 0.124046 4.774218 5.095775
v 0.186715 4.774218 5.063843
v 0.236449 4.774218 5.014110
v 0.268380 4.774206 4.951441
v 0.279382 4.774206 4.881972
v 0.262627 4.804580 4.814373
v 0.231555 4.804580 4.753392
v 0.183159 4.804580 4.704996
v 0.122177 4.804580 4.673924
v 0.054578 4.804580 4.663218
v -0.013021 4.804583 4.673924
v -0.074003 4.804586 4.704996
v -0.122399 4.804586 4.753392
v -0.153471 4.804586 4.814373
v -0.164177 4.804595 4.881972
v -0.153471 4.804595 4.949572
v -0.122399 4.804595 5.010554
v -0.074003 4.804595 5.058949
v -0.013021 4.804595 5.090021
v 0.054578 4.804595 5.100728
v 0.122177 4.804594 5.090021
v 0.183159 4.804594 5.058949
v 0.231555 4.804594 5.010554
v 0.262627 4.804580 4.949572
v 0.273333 4.804580 4.881972
v 0.054578 4.569346 4.881972
v 0.064777 4.554671 4.878659
v 0.063254 4.554671 4.875669
v 0.060881 4.554671 4.873297
v 0.057892 4.554671 4.871774
v 0.054578 4.554671 4.871249
v 0.051264 4.554671 4.871774
v 0.048275 4.554680 4.873297
v 0.045903 4.554680 4.875669
v 0.044379 4.554680 4.878659
v 0.043854 4.554680 4.881972
v 0.044379 4.554680 4.885286
v 0.045903 4.554689 4.888276
v 0.048275 4.554689 4.890648
v 0.051264 4.554680 4.892171
v 0.054578 4.554680 4.892696
v 0.057892 4.554680 4.892171
v 0.060881 4.554680 4.890648
v 0.063254 4.554680 4.888276
v 0.064777 4.554680 4.885286
v 0.065302 4.554671 4.881972
v 0.129449 4.778305 4.514951
v 0.139758 4.780414 4.471124
v 0.150066 4.782524 4.427297
v 0.160375 4.784637 4.383471
v 0.141611 4.780796 4.463245
v 0.213490 4.780796 4.477760
v 0.361566 4.780793 4.576082
v 0.459889 4.780796 4.724158
v 0.495070 4.780793 4.898388
v 0.459889 4.780796 5.072618
v 0.361566 4.780793 5.220695
v 0.213490 4.780796 5.319016
v 0.039260 4.780793 5.354198
v -0.134970 4.780796 5.319016
v -0.283046 4.780793 5.220695
v -0.381368 4.780796 5.072618
v -0.416549 4.780793 4.898388
v -0.381368 4.780796 4.724158
v -0.283046 4.780793 4.576082
v -0.134970 4.780796 4.477760
v 0.039260 4.780793 4.442578
v -0.225705 4.706373 4.599739
v -0.183888 4.689850 4.638233
v -0.140468 4.673337 4.678523
v -0.097272 4.656955 4.718641
v 0.211957 6.373191 4.487349
v -0.084667 6.373202 4.487349
v -0.084667 6.076511 4.487349
v 0.211957 6.076502 4.487349
v 3.353365 5.642941 6.812769
v 2.748015 5.642941 7.607142
v 1.953642 5.642941 8.212494
v 1.029014 5.642941 8.595486
v 0.039260 5.642941 8.729145
v -0.950494 5.642941 8.595486
v -1.875121 5.642941 8.212494
v -2.669494 5.642941 7.607142
v -3.274845 5.642941 6.812769
v -3.657838 5.642941 5.888142
v -3.791497 5.642941 4.898388
v -3.657838 5.642941 3.908634
v -3.274845 5.642941 2.984007
v -2.669494 5.642941 2.189634
v -1.875121 5.642941 1.584283
v -0.950494 5.642941 1.201290
v 0.039260 5.642941 1.067631
v 1.029014 5.642941 1.201290
v 1.953642 5.642941 1.584283
v 2.748015 5.642941 2.189634
v 3.353365 5.642941 2.984007
v 3.736359 5.642941 3.908634
v 3.870018 5.642941 4.898388
v 3.736359 5.642941 5.888142
v 1.983812 5.588439 8.264724
v 1.044613 5.588439 8.653751
v 0.039260 5.588440 8.789510
v -0.966092 5.588439 8.653752
v -1.905291 5.588439 8.264724
v -2.712178 5.588439 7.649826
v -3.327074 5.588439 6.842939
v -3.716103 5.588439 5.903740
v -3.851861 5.588440 4.898388
v -3.716103 5.588439 3.893036
v -3.327074 5.588439 2.953836
v -2.712178 5.588440 2.146950
v -1.905291 5.588439 1.532053
v -0.966092 5.588439 1.143025
v 0.039260 5.588440 1.007267
v 1.044613 5.588439 1.143024
v 1.983812 5.588439 1.532053
v 2.790699 5.588440 2.146949
v 3.405595 5.588439 2.953837
v 3.794624 5.588439 3.893036
v 3.930382 5.588440 4.898388
v 3.794624 5.588439 5.903740
v 3.405595 5.588439 6.842939
v 2.790699 5.588440 7.649826
v -1.799322 5.296031 8.081272
v -0.911305 5.296031 8.449101
v 0.039260 5.296026 8.577463
v 0.989826 5.296025 8.449101
v 1.877843 5.296026 8.081272
v 2.640759 5.296026 7.499887
v 3.222145 5.296026 6.736970
v 3.589974 5.296026 5.848953
v 3.718336 5.296026 4.898388
v 3.589974 5.296026 3.947823
v 3.222145 5.296026 3.059806
v 2.640759 5.296026 2.296889
v 1.877843 5.296026 1.715503
v 0.989826 5.296026 1.347674
v 0.039260 5.296026 1.219313
v -0.911305 5.296031 1.347674
v -1.799322 5.296031 1.715503
v -2.562239 5.296031 2.296889
v -3.143625 5.296031 3.059806
v -3.511453 5.296031 3.947823
v -3.639815 5.296031 4.898388
v -3.511453 5.296031 5.848953
v -3.143625 5.296031 6.736970
v -2.562239 5.296031 7.499887
v -2.501897 5.262808 7.439545
v -3.069797 5.262815 6.694324
v -3.429094 5.262815 5.826905
v -3.554479 5.262808 4.898388
v -3.429094 5.262815 3.969871
v -3.069797 5.262815 3.102452
v -2.501897 5.262808 2.357231
v -1.756676 5.262816 1.789331
v -0.889257 5.262816 1.430034
v 0.039260 5.262809 1.304649
v 0.967777 5.262815 1.430034
v 1.835196 5.262815 1.789331
v 2.580418 5.262808 2.357231
v 3.148318 5.262815 3.102452
v 3.507614 5.262815 3.969871
v 3.632999 5.262808 4.898388
v 3.507614 5.262815 5.826905
v 3.148318 5.262815 6.694324
v 2.580418 5.262808 7.439546
v 1.835196 5.262815 8.007444
v 0.967777 5.262815 8.366742
v 0.039260 5.262808 8.492126
v -0.889257 5.262815 8.366743
v -1.756675 5.262815 8.007444
vt 1.272189 0.839487
vt 1.267702 0.864070
vt 1.264377 0.882308
vt 1.259893 0.906897
vt 1.265013 0.878875
vt 1.263609 0.886483
vt 1.264503 0.881644
vt 1.265215 0.877684
vt 1.266857 0.868682
vt 1.267589 0.864737
vt 1.268462 0.859882
vt 1.267085 0.867513
vt 1.834396 0.455421
vt 1.827857 0.441280
vt 1.846076 0.435672
vt 1.850450 0.445081
vt 1.931130 0.393343
vt 1.937449 0.407086
vt 1.919377 0.412786
vt 1.915096 0.403427
vt 1.914079 0.473284
vt 1.900541 0.479599
vt 1.894936 0.461820
vt 1.903999 0.457621
vt 1.945957 0.522619
vt 1.918510 0.535571
vt 1.917004 0.530926
vt 1.943301 0.518530
vt 1.858018 0.538617
vt 1.829305 0.528086
vt 1.831566 0.523728
vt 1.859067 0.533818
vt 1.855757 0.548963
vt 1.824433 0.537472
vt 1.826946 0.532630
vt 1.856925 0.543626
vt 1.797035 0.518312
vt 1.775492 0.492854
vt 1.780097 0.489911
vt 1.800720 0.514289
vt 1.770892 0.495794
vt 1.682478 0.250625
vt 1.821922 0.542306
vt 1.667234 0.286546
vt 1.807495 0.506889
vt 1.804179 0.510511
vt 1.784418 0.487153
vt 1.788560 0.484505
vt 1.951675 0.531418
vt 1.921766 0.545579
vt 1.920085 0.540418
vt 1.948725 0.526880
vt 1.888984 0.551604
vt 1.888718 0.546162
vt 1.653306 0.299683
vt 1.923444 0.550734
vt 1.617941 0.312679
vt 1.888232 0.536172
vt 1.888471 0.541061
vt 1.874954 0.462545
vt 1.870767 0.480889
vt 1.856609 0.475645
vt 1.865425 0.458928
vt 1.860509 0.527241
vt 1.834668 0.517750
vt 1.839772 0.507910
vt 1.862884 0.516399
vt 1.803610 0.474895
vt 1.819539 0.493750
vt 1.812046 0.501925
vt 1.794243 0.480871
vt 1.847521 0.493035
vt 1.866495 0.500017
vt 1.817785 0.465864
vt 1.830889 0.481374
vt 1.857059 0.452974
vt 1.844196 0.466933
vt 1.939657 0.512911
vt 1.914943 0.524554
vt 1.911555 0.514059
vt 1.933672 0.503660
vt 1.887382 0.518419
vt 1.887903 0.529460
vt 1.906454 0.498167
vt 1.924628 0.489655
vt 1.886610 0.501716
vt 1.885022 0.463503
vt 1.885752 0.482204
vt 1.980933 0.361797
vt 1.993654 0.389375
vt 1.989001 0.390836
vt 1.976812 0.364413
vt 1.996426 0.449530
vt 1.986127 0.477946
vt 1.981806 0.475730
vt 1.991673 0.448489
vt 2.006658 0.451772
vt 1.995429 0.482720
vt 1.990630 0.480258
vt 2.001382 0.450616
vt 1.976678 0.509872
vt 1.972673 0.506257
vt 1.599015 0.311562
vt 2.000218 0.485176
vt 1.565003 0.294981
vt 1.965306 0.499612
vt 1.968910 0.502864
vt 1.989808 0.356171
vt 2.003670 0.386220
vt 1.998505 0.387847
vt 1.985229 0.359072
vt 2.009386 0.418847
vt 2.003983 0.419086
vt 1.552359 0.280537
vt 2.008825 0.384597
vt 1.539654 0.244371
vt 1.994051 0.419526
vt 1.998912 0.419310
vt 1.920515 0.433165
vt 1.938955 0.437048
vt 1.933913 0.451208
vt 1.917196 0.442748
vt 1.985146 0.447063
vt 1.975870 0.472686
vt 1.966091 0.467673
vt 1.974388 0.444715
vt 1.952207 0.487784
vt 1.960361 0.495149
vt 1.951275 0.460080
vt 1.958082 0.441170
vt 1.939863 0.476619
vt 1.911567 0.451110
vt 1.925425 0.463567
vt 1.971152 0.368003
vt 1.982615 0.392844
vt 1.972097 0.396160
vt 1.961834 0.373912
vt 1.976376 0.420324
vt 1.987380 0.419827
vt 1.956152 0.401192
vt 1.947702 0.382861
vt 1.959691 0.421086
vt 1.921220 0.422949
vt 1.940117 0.422011
vt 1.851956 0.375126
vt 1.865555 0.368865
vt 1.871128 0.386658
vt 1.862020 0.390906
vt 1.820604 0.325348
vt 1.848245 0.312834
vt 1.849672 0.317485
vt 1.823192 0.329486
vt 1.908222 0.310491
vt 1.936594 0.321041
vt 1.934334 0.325348
vt 1.907149 0.315235
vt 1.910537 0.300278
vt 1.941457 0.311766
vt 1.938949 0.316552
vt 1.909343 0.305545
vt 1.968501 0.330823
vt 1.964837 0.334803
vt 1.540644 0.225046
vt 1.943960 0.306991
vt 1.556589 0.190171
vt 1.958100 0.342119
vt 1.961398 0.338538
vt 1.815034 0.316421
vt 1.845176 0.302823
vt 1.846758 0.307985
vt 1.817907 0.321030
vt 1.877722 0.297327
vt 1.877923 0.302721
vt 1.570610 0.177061
vt 1.843598 0.297673
vt 1.605926 0.163526
vt 1.878291 0.312630
vt 1.878111 0.307778
vt 1.890964 0.385894
vt 1.895190 0.367692
vt 1.909204 0.372987
vt 1.900353 0.389516
vt 1.905673 0.321740
vt 1.931229 0.331262
vt 1.926104 0.340996
vt 1.903234 0.332463
vt 1.946104 0.355141
vt 1.953569 0.347038
vt 1.918335 0.355744
vt 1.899540 0.348699
vt 1.934773 0.367402
vt 1.908582 0.395500
vt 1.921463 0.381741
vt 1.826751 0.335159
vt 1.851631 0.323864
vt 1.854866 0.334376
vt 1.832619 0.344507
vt 1.878956 0.330266
vt 1.878543 0.319291
vt 1.859780 0.350276
vt 1.841523 0.358636
vt 1.879582 0.346895
vt 1.881005 0.384935
vt 1.880315 0.366331
vt 1.771524 0.459340
vt 1.776209 0.457853
vt 1.768763 0.398515
vt 1.779452 0.369773
vt 1.783799 0.372064
vt 1.773568 0.399591
vt 1.758402 0.396193
vt 1.770091 0.364834
vt 1.774923 0.367384
vt 1.763750 0.397392
vt 1.789449 0.337606
vt 1.793435 0.341317
vt 1.624841 0.164180
vt 1.765264 0.362287
vt 1.658916 0.179924
vt 1.800762 0.348135
vt 1.797174 0.344799
vt 1.761427 0.462548
vt 1.766637 0.460892
vt 1.755551 0.429556
vt 1.761020 0.429316
vt 1.671570 0.194151
vt 1.756226 0.464199
vt 1.771065 0.428870
vt 1.766148 0.429090
vt 1.845066 0.415406
vt 1.826603 0.411360
vt 1.831810 0.397186
vt 1.848542 0.405833
vt 1.780161 0.401067
vt 1.789761 0.375199
vt 1.799572 0.380352
vt 1.791014 0.403487
vt 1.813799 0.360221
vt 1.805684 0.352703
vt 1.814432 0.388138
vt 1.807422 0.407123
vt 1.826087 0.371570
vt 1.854338 0.397465
vt 1.840474 0.384812
vt 1.782637 0.455813
vt 1.793212 0.452451
vt 1.788911 0.428079
vt 1.777813 0.428570
vt 1.809217 0.447357
vt 1.805697 0.427328
vt 1.844246 0.425574
vt 1.825307 0.426414
vt 1.715218 0.228195
vt 1.709218 0.201251
vt 1.509271 0.246824
vt 1.514999 0.273347
vt 1.620345 0.342738
vt 1.646756 0.336976
vt 1.691048 0.305977
vt 1.705669 0.282576
vt 1.519340 0.924430
vt 1.487756 0.945974
vt 1.736105 0.343797
vt 1.759273 0.307438
vt 1.549833 0.865362
vt 1.539709 0.896903
vt 1.772300 0.266093
vt 1.774107 0.222930
vt 1.714086 0.255975
vt 1.746104 0.225500
vt 1.744569 0.261284
vt 1.714699 0.325719
vt 1.733787 0.295556
vt 1.401984 0.971601
vt 1.351628 0.973193
vt 1.624767 0.400468
vt 1.666178 0.391682
vt 1.447731 0.961183
vt 1.704207 0.372396
vt 1.670897 0.324458
vt 1.688401 0.349515
vt 1.622695 0.372967
vt 1.656980 0.365603
vt 1.545157 0.317868
vt 1.567743 0.332665
vt 1.246841 0.959627
vt 1.197077 0.942026
vt 1.198429 0.938759
vt 1.542574 0.384564
vt 1.299723 0.969172
vt 1.582628 0.397898
vt 1.593409 0.341173
vt 1.587776 0.370899
vt 1.525362 0.340770
vt 1.554554 0.359880
vt 1.110028 0.890873
vt 1.083161 0.856856
vt 1.451696 0.251470
vt 1.460554 0.292538
vt 1.151114 0.919003
vt 1.479581 0.330100
vt 1.527243 0.297588
vt 1.502227 0.314642
vt 1.479035 0.249270
vt 1.486422 0.283421
vt 1.602964 0.133573
vt 1.576805 0.139773
vt 1.533165 0.170845
vt 1.518813 0.193806
vt 1.068231 0.783032
vt 1.092947 0.747944
vt 1.488818 0.134042
vt 1.466544 0.169548
vt 1.068602 0.820267
vt 1.453896 0.209585
vt 1.510658 0.219724
vt 1.480846 0.214409
vt 1.509877 0.151536
vt 1.491360 0.181077
vt 1.193107 0.701358
vt 1.266216 0.695819
vt 1.597345 0.076381
vt 1.556662 0.086014
vt 1.135242 0.719669
vt 1.519639 0.105657
vt 1.552980 0.152492
vt 1.535472 0.127931
vt 1.600021 0.103586
vt 1.566224 0.111572
vt 1.678406 0.156832
vt 1.655566 0.142495
vt 1.413206 0.725408
vt 1.471822 0.755059
vt 1.715368 0.112226
vt 1.679528 0.090080
vt 1.341544 0.704304
vt 1.639238 0.077851
vt 1.629814 0.134565
vt 1.634769 0.104848
vt 1.697829 0.133503
vt 1.668160 0.115048
vt 1.541920 0.829174
vt 1.764343 0.181044
vt 1.514712 0.790814
vt 1.744224 0.143269
vt 1.696647 0.176899
vt 1.721629 0.159346
vt 1.738151 0.190747
vt 1.627777 0.828635
vt 1.612650 0.758796
vt 1.540820 0.829691
vt 1.548807 0.865364
vt 1.862185 0.697507
vt 1.874399 0.744799
vt 1.110966 0.889822
vt 1.081818 0.856644
vt 1.808695 0.946135
vt 1.776672 0.960964
vt 1.401811 0.970131
vt 1.351892 0.972621
vt 1.708662 0.951278
vt 1.676887 0.924891
vt 1.518619 0.923612
vt 1.487183 0.944890
vt 1.668510 0.932734
vt 1.671824 0.929548
vt 1.705792 0.956403
vt 1.703916 0.959889
vt 1.612151 0.833246
vt 1.618337 0.831329
vt 1.641959 0.887757
vt 1.637201 0.890437
vt 1.540692 0.897479
vt 1.649222 0.883879
vt 1.778830 0.969535
vt 1.777967 0.966078
vt 1.811815 0.950770
vt 1.813881 0.953901
vt 1.741873 0.968320
vt 1.741406 0.971895
vt 1.447853 0.961274
vt 1.742598 0.963044
vt 1.872831 0.841307
vt 1.858473 0.884154
vt 1.247255 0.958046
vt 1.196603 0.941338
vt 1.868371 0.888857
vt 1.864432 0.886959
vt 1.879687 0.842845
vt 1.884218 0.843894
vt 1.841214 0.923722
vt 1.844316 0.926327
vt 1.299762 0.968513
vt 1.836521 0.919865
vt 1.886495 0.742767
vt 1.881687 0.743577
vt 1.869009 0.695040
vt 1.873506 0.693394
vt 1.885462 0.793981
vt 1.890291 0.794098
vt 1.872294 0.793732
vt 1.878151 0.793830
vt 1.683027 0.568407
vt 1.715690 0.564571
vt 1.193453 0.703369
vt 1.265162 0.698112
vt 1.784277 0.590137
vt 1.815613 0.618210
vt 1.069309 0.783398
vt 1.091106 0.748989
vt 1.790025 0.581745
vt 1.823669 0.610802
vt 1.820474 0.613770
vt 1.787751 0.585110
vt 1.848154 0.651071
vt 1.852102 0.648699
vt 1.067007 0.820401
vt 1.842159 0.654626
vt 1.716056 0.555924
vt 1.715925 0.559400
vt 1.681521 0.563638
vt 1.680505 0.560418
vt 1.752088 0.566761
vt 1.753325 0.563234
vt 1.133500 0.721220
vt 1.750180 0.572023
vt 1.614686 0.649709
vt 1.630732 0.611218
vt 1.412446 0.727418
vt 1.472204 0.757174
vt 1.622416 0.605959
vt 1.625731 0.608106
vt 1.607996 0.647847
vt 1.603571 0.646509
vt 1.650875 0.579914
vt 1.648704 0.577141
vt 1.340990 0.706723
vt 1.654138 0.583990
vt 1.596488 0.761248
vt 1.602914 0.760361
vt 1.599867 0.698823
vt 1.594385 0.698483
vt 1.515411 0.792576
vt 1.608158 0.699150
vt 1.303257 0.254562
vt 1.289901 0.256951
vt 1.286825 0.250035
vt 1.298832 0.245421
vt 1.197016 0.260036
vt 1.210832 0.258914
vt 1.212956 0.267680
vt 1.199769 0.272590
vt 1.252968 0.306397
vt 1.252175 0.291213
vt 1.262185 0.289463
vt 1.266517 0.303944
vt 1.257048 0.381942
vt 1.256109 0.364907
vt 1.284188 0.359555
vt 1.289462 0.375731
vt 1.344103 0.340165
vt 1.331540 0.328919
vt 1.347296 0.305627
vt 1.362264 0.313120
vt 1.375196 0.367733
vt 1.358958 0.353372
vt 1.379964 0.321902
vt 1.399310 0.331430
vt 1.413062 0.290192
vt 1.391983 0.286144
vt 1.394224 0.248737
vt 1.415564 0.247095
vt 1.608818 0.834311
vt 1.434209 0.294198
vt 1.430384 0.293477
vt 1.433075 0.245717
vt 1.666726 0.934479
vt 1.391499 0.382097
vt 1.388550 0.379501
vt 1.415223 0.339225
vt 1.356351 0.279161
vt 1.358073 0.251452
vt 1.374655 0.250216
vt 1.372684 0.282387
vt 1.259364 0.423768
vt 1.258157 0.401969
vt 1.295698 0.394751
vt 1.302512 0.415449
vt 1.342077 0.396299
vt 1.330131 0.378142
vt 1.354071 0.414465
vt 1.351901 0.411182
vt 1.779298 0.971421
vt 1.260571 0.445586
vt 1.260353 0.441643
vt 1.308115 0.432423
vt 1.309952 0.347258
vt 1.319199 0.361456
vt 1.279412 0.279804
vt 1.285419 0.272652
vt 1.297377 0.279541
vt 1.289556 0.290059
vt 1.320627 0.319066
vt 1.310363 0.309689
vt 1.322075 0.292768
vt 1.334297 0.299048
vt 1.330100 0.253488
vt 1.343655 0.252515
vt 1.342163 0.276307
vt 1.328830 0.273556
vt 1.299978 0.300036
vt 1.309729 0.286279
vt 1.316472 0.254357
vt 1.315389 0.270654
vt 1.289090 0.264772
vt 1.302032 0.267537
vt 1.255293 0.350008
vt 1.254527 0.335856
vt 1.275292 0.331956
vt 1.279605 0.345402
vt 1.294361 0.323015
vt 1.301920 0.334830
vt 1.253752 0.321332
vt 1.270921 0.318152
vt 1.286707 0.310873
vt 1.271473 0.285547
vt 1.279007 0.298357
vt 1.124292 0.264507
vt 1.140892 0.263580
vt 1.146235 0.290937
vt 1.130395 0.296180
vt 1.165779 0.350164
vt 1.176997 0.337529
vt 1.200585 0.353333
vt 1.192969 0.368497
vt 1.138081 0.381079
vt 1.152536 0.364987
vt 1.183972 0.386309
vt 1.174139 0.405672
vt 1.215566 0.420283
vt 1.220043 0.398962
vt 1.211063 0.441618
vt 1.211878 0.437761
vt 1.870500 0.889895
vt 1.123579 0.397141
vt 1.126201 0.394242
vt 1.166048 0.421532
vt 1.227597 0.362692
vt 1.224135 0.379365
vt 1.083436 0.266676
vt 1.104736 0.265563
vt 1.111728 0.302304
vt 1.091388 0.308921
vt 1.110004 0.347976
vt 1.128018 0.336247
vt 1.091956 0.359664
vt 1.095218 0.357555
vt 1.889092 0.742331
vt 1.062124 0.267759
vt 1.065974 0.267567
vt 1.074706 0.314313
vt 1.158544 0.316184
vt 1.144536 0.325424
vt 1.224113 0.282598
vt 1.232503 0.287618
vt 1.226221 0.301155
vt 1.214819 0.293945
vt 1.186765 0.326456
vt 1.195983 0.315923
vt 1.213463 0.327438
vt 1.207212 0.340057
vt 1.230608 0.348106
vt 1.233448 0.334249
vt 1.205351 0.305095
vt 1.219811 0.314481
vt 1.236331 0.320027
vt 1.242069 0.290559
vt 1.239238 0.305406
vt 1.155366 0.262741
vt 1.169040 0.261913
vt 1.173085 0.281905
vt 1.160042 0.286320
vt 1.182272 0.300346
vt 1.170748 0.308074
vt 1.182949 0.261020
vt 1.186352 0.277338
vt 1.193990 0.292388
vt 1.217481 0.275773
vt 1.205839 0.284171
vt 1.244836 0.209653
vt 1.245068 0.224581
vt 1.235435 0.225715
vt 1.231598 0.211704
vt 1.241201 0.135269
vt 1.242143 0.151980
vt 1.214626 0.157152
vt 1.209507 0.141303
vt 1.155812 0.175741
vt 1.168079 0.186897
vt 1.152362 0.209731
vt 1.137635 0.202176
vt 1.125655 0.148318
vt 1.141370 0.162615
vt 1.120287 0.193277
vt 1.101388 0.183583
vt 1.086990 0.223969
vt 1.107779 0.228409
vt 1.066188 0.219509
vt 1.069947 0.220315
vt 1.825393 0.609192
vt 1.109818 0.133950
vt 1.112787 0.136578
vt 1.085886 0.175633
vt 1.143076 0.235901
vt 1.126870 0.232469
vt 1.238794 0.094434
vt 1.240062 0.115679
vt 1.203465 0.122714
vt 1.196885 0.102546
vt 1.158318 0.120889
vt 1.169811 0.138699
vt 1.148122 0.099928
vt 1.150435 0.103298
vt 1.716122 0.554032
vt 1.243353 0.066489
vt 1.237739 0.077075
vt 1.191496 0.086064
vt 1.189362 0.169056
vt 1.180383 0.155095
vt 1.219494 0.234598
vt 1.214264 0.241756
vt 1.202101 0.235368
vt 1.209460 0.224975
vt 1.178775 0.196645
vt 1.188876 0.205885
vt 1.177329 0.222557
vt 1.165201 0.216322
vt 1.157206 0.238880
vt 1.170555 0.241680
vt 1.199132 0.215334
vt 1.189657 0.228912
vt 1.184131 0.244509
vt 1.211309 0.250066
vt 1.197853 0.247341
vt 1.242934 0.166635
vt 1.243644 0.180581
vt 1.223251 0.184247
vt 1.219074 0.171041
vt 1.204568 0.192879
vt 1.197187 0.181276
vt 1.244301 0.194915
vt 1.227452 0.197800
vt 1.212044 0.204768
vt 1.226721 0.229141
vt 1.219534 0.216934
vt 1.352148 0.224353
vt 1.367841 0.218757
vt 1.331514 0.165809
vt 1.320573 0.178581
vt 1.296947 0.163191
vt 1.304308 0.148074
vt 1.358352 0.134601
vt 1.344371 0.150844
vt 1.312934 0.130354
vt 1.322282 0.111124
vt 1.281487 0.097464
vt 1.277340 0.118382
vt 1.291192 0.071643
vt 1.284854 0.080365
vt 1.620624 0.604776
vt 1.372405 0.118507
vt 1.369810 0.121304
vt 1.329910 0.095390
vt 1.270183 0.154120
vt 1.273490 0.137667
vt 1.386325 0.212200
vt 1.406445 0.205067
vt 1.386893 0.166749
vt 1.369289 0.178829
vt 1.404470 0.154704
vt 1.401298 0.156877
vt 1.593012 0.761695
vt 1.422926 0.199212
vt 1.339331 0.199492
vt 1.353099 0.189972
vt 1.273674 0.235124
vt 1.264777 0.229531
vt 1.271494 0.215673
vt 1.283158 0.223195
vt 1.311004 0.189802
vt 1.301928 0.200524
vt 1.284343 0.189114
vt 1.290490 0.176460
vt 1.267261 0.168555
vt 1.264454 0.182305
vt 1.292641 0.211626
vt 1.278020 0.202164
vt 1.261524 0.196456
vt 1.255043 0.225915
vt 1.258419 0.211049
vt 1.325538 0.234053
vt 1.338466 0.229285
vt 1.315926 0.215917
vt 1.327309 0.207874
vt 1.312366 0.239183
vt 1.304314 0.224326
vt 1.281168 0.242260
vt 1.292524 0.233269
vt 1.267180 0.793495
vt 1.304988 0.825270
vt 1.304640 0.822637
vt 1.274091 0.789679
vt 1.215946 0.814210
vt 1.215383 0.763177
vt 1.219611 0.764348
vt 1.220032 0.778631
vt 1.266843 0.738311
vt 1.292597 0.749868
vt 1.287936 0.756240
vt 1.265298 0.745003
vt 1.314525 0.772888
vt 1.327249 0.804561
vt 1.318309 0.806324
vt 1.307162 0.777527
vt 1.344994 0.800853
vt 1.336138 0.802736
vt 1.321768 0.768137
vt 1.328918 0.763282
vt 1.345906 0.842872
vt 1.270614 0.814295
vt 1.315835 0.772043
vt 1.328850 0.804236
vt 1.275346 0.810111
vt 1.276405 0.809256
vt 1.282513 0.803858
vt 1.301374 0.736724
vt 1.297065 0.743360
vt 1.268137 0.731504
vt 1.269214 0.724593
vt 1.267092 0.737095
vt 1.293412 0.748707
vt 1.224554 0.748098
vt 1.242666 0.738599
vt 1.243938 0.744257
vt 1.227818 0.751758
vt 1.239335 0.727105
vt 1.241120 0.732879
vt 1.221021 0.744431
vt 1.217255 0.740760
vt 1.223935 0.747436
vt 1.242409 0.737575
vt 1.206468 0.760947
vt 1.211013 0.762052
vt 1.211844 0.815599
vt 1.207587 0.817054
vt 1.215210 0.779695
vt 1.214609 0.762968
vt 1.273671 0.833286
vt 1.257723 0.836517
vt 1.257495 0.832048
vt 1.272556 0.829402
vt 1.240472 0.835077
vt 1.225323 0.827388
vt 1.228107 0.824106
vt 1.241697 0.830723
vt 1.219468 0.834093
vt 1.222436 0.830714
vt 1.239234 0.839414
vt 1.238002 0.843753
vt 1.240247 0.835858
vt 1.224811 0.827983
vt 1.258397 0.845118
vt 1.258022 0.840862
vt 1.274892 0.836910
vt 1.276230 0.840323
vt 1.273881 0.833956
vt 1.257775 0.837306
vt 1.296010 0.824448
vt 1.286368 0.828104
vt 1.285239 0.825066
vt 1.295592 0.822114
vt 1.288894 0.833073
vt 1.287585 0.830758
vt 1.296499 0.826743
vt 1.296962 0.828593
vt 1.296102 0.824899
vt 1.286581 0.828608
vt 1.245994 0.788136
vt 1.305150 0.827109
vt 1.260353 0.797531
vt 1.253522 0.801401
vt 1.265930 0.794235
vt 1.305000 0.825602
vt 1.368203 0.662845
vt 1.361630 0.651816
vt 1.363070 0.650409
vt 1.369785 0.662597
vt 1.290544 0.663239
vt 1.294159 0.668832
vt 1.293307 0.669744
vt 1.289613 0.663443
vt 1.327631 0.680062
vt 1.342076 0.680271
vt 1.342294 0.682432
vt 1.327426 0.682260
vt 1.355341 0.677425
vt 1.364898 0.671574
vt 1.366094 0.672588
vt 1.356052 0.679204
vt 1.362944 0.669724
vt 1.363846 0.670621
vt 1.354715 0.675718
vt 1.354181 0.674070
vt 1.365450 0.663312
vt 1.366714 0.663052
vt 1.341737 0.676140
vt 1.341889 0.678177
vt 1.327825 0.677926
vt 1.328007 0.675828
vt 1.302314 0.673655
vt 1.313749 0.677652
vt 1.313231 0.679612
vt 1.301598 0.675171
vt 1.314634 0.673847
vt 1.314216 0.675734
vt 1.302949 0.672167
vt 1.303509 0.670696
vt 1.295553 0.667056
vt 1.294906 0.667939
vt 1.291364 0.663046
vt 1.292074 0.662857
vt 1.320804 0.642723
vt 1.307533 0.646185
vt 1.306832 0.644382
vt 1.320480 0.640551
vt 1.297525 0.651389
vt 1.291563 0.657407
vt 1.290598 0.656875
vt 1.296616 0.650157
vt 1.293159 0.658478
vt 1.292415 0.657942
vt 1.298338 0.652606
vt 1.299060 0.653807
vt 1.308728 0.649674
vt 1.308165 0.647950
vt 1.321090 0.644831
vt 1.321350 0.646878
vt 1.349850 0.645034
vt 1.335473 0.642141
vt 1.335651 0.639873
vt 1.350630 0.642982
vt 1.335149 0.646441
vt 1.335304 0.644328
vt 1.349129 0.646993
vt 1.348473 0.648868
vt 1.359203 0.654568
vt 1.360362 0.653228
vt 1.527225 0.707276
vt 1.522831 0.731303
vt 1.507496 0.692230
vt 1.516759 0.689783
vt 1.420192 0.703675
vt 1.409186 0.707986
vt 1.407391 0.680298
vt 1.419378 0.682520
vt 1.474437 0.650292
vt 1.474433 0.637654
vt 1.503532 0.647941
vt 1.559175 0.708196
vt 1.552260 0.719855
vt 1.557149 0.723800
vt 1.554906 0.725447
vt 1.550507 0.720979
vt 1.542420 0.712441
vt 1.543250 0.711870
vt 1.547616 0.715772
vt 1.546275 0.716569
vt 1.541330 0.696423
vt 1.537300 0.715131
vt 1.538786 0.720469
vt 1.534114 0.701729
vt 1.540401 0.726478
vt 1.541996 0.732715
vt 1.547281 0.705236
vt 1.473044 0.675942
vt 1.474003 0.663263
vt 1.493166 0.670849
vt 1.430135 0.663681
vt 1.420497 0.655923
vt 1.444584 0.640636
vt 1.449901 0.652087
vt 1.458367 0.675230
vt 1.446605 0.679354
vt 1.439139 0.671624
vt 1.454635 0.663784
vt 1.440301 0.687198
vt 1.440228 0.696456
vt 1.431159 0.699568
vt 1.430820 0.684755
vt 1.485085 0.711926
vt 1.491106 0.719365
vt 1.471978 0.732325
vt 1.469426 0.722709
vt 1.451068 0.725539
vt 1.449191 0.735782
vt 1.426500 0.728059
vt 1.433457 0.719194
vt 1.445755 0.703711
vt 1.454243 0.706598
vt 1.452854 0.715586
vt 1.439930 0.710833
vt 1.463751 0.704220
vt 1.472387 0.697231
vt 1.478732 0.704374
vt 1.466672 0.713130
vt 1.514786 0.667101
vt 1.504226 0.664885
vt 1.512989 0.636715
vt 1.495024 0.695398
vt 1.478046 0.687011
vt 1.535762 0.672488
vt 1.525436 0.669519
vt 1.532352 0.651346
vt 1.535942 0.685402
vt 1.526461 0.687331
vt 1.143407 0.534318
vt 1.145190 0.545857
vt 1.128871 0.550724
vt 1.124626 0.542710
vt 1.536914 0.503532
vt 1.530886 0.507585
vt 1.524732 0.494658
vt 1.528149 0.489897
vt 1.089568 0.608320
vt 1.096202 0.608070
vt 1.098019 0.620371
vt 1.091689 0.621792
vt 1.100481 0.566435
vt 1.106688 0.570684
vt 1.100303 0.582763
vt 1.093685 0.580116
vt 1.116822 0.578418
vt 1.121460 0.582346
vt 1.116590 0.590411
vt 1.111378 0.587772
vt 1.137214 0.570188
vt 1.128394 0.575395
vt 1.124672 0.570228
vt 1.134826 0.563951
vt 1.146450 0.598319
vt 1.142872 0.600226
vt 1.132727 0.582142
vt 1.140024 0.578101
vt 1.122665 0.594128
vt 1.126863 0.587643
vt 1.140011 0.602617
vt 1.137917 0.605187
vt 1.116158 0.559701
vt 1.110691 0.553733
vt 1.120702 0.565095
vt 1.132142 0.557612
vt 1.106074 0.585267
vt 1.112014 0.574602
vt 1.109191 0.618387
vt 1.107653 0.607960
vt 1.113213 0.608060
vt 1.114686 0.617632
vt 1.113881 0.599136
vt 1.108379 0.597779
vt 1.136538 0.607992
vt 1.120294 0.601229
vt 1.120989 0.616755
vt 1.119643 0.608555
vt 1.135816 0.611014
vt 1.136020 0.614574
vt 1.096889 0.595395
vt 1.090139 0.594251
vt 1.102842 0.596548
vt 1.103737 0.619244
vt 1.102106 0.607954
vt 1.104063 0.650959
vt 1.109935 0.648729
vt 1.535720 0.549902
vt 1.543717 0.550291
vt 1.520493 0.551929
vt 1.119659 0.643281
vt 1.124111 0.639711
vt 1.511902 0.553471
vt 1.118454 0.628554
vt 1.113315 0.630491
vt 1.137332 0.618382
vt 1.124127 0.625770
vt 1.503116 0.554429
vt 1.128618 0.635108
vt 1.139309 0.622137
vt 1.140571 0.625806
vt 1.102636 0.633965
vt 1.096533 0.635786
vt 1.108150 0.632220
vt 1.528240 0.550449
vt 1.115048 0.646214
vt 1.510006 0.512579
vt 1.517711 0.520026
vt 1.505964 0.531485
vt 1.499182 0.524317
vt 1.510285 0.541363
vt 1.518866 0.536214
vt 1.252991 0.567751
vt 1.502433 0.544806
vt 1.492930 0.530647
vt 1.498521 0.536997
vt 1.252658 0.565640
vt 1.252670 0.563596
vt 1.533909 0.527756
vt 1.541296 0.526886
vt 1.527440 0.529513
vt 1.518749 0.502357
vt 1.526105 0.510732
vt 1.430873 0.504232
vt 1.435129 0.510499
vt 1.420864 0.520258
vt 1.415972 0.514206
vt 1.489748 0.487436
vt 1.490611 0.494105
vt 1.470745 0.496963
vt 1.468437 0.490246
vt 1.471511 0.509626
vt 1.485331 0.508534
vt 1.481303 0.516386
vt 1.470441 0.516490
vt 1.491738 0.518396
vt 1.501085 0.506974
vt 1.250693 0.562015
vt 1.486001 0.526041
vt 1.468923 0.523605
vt 1.478181 0.523339
vt 1.250019 0.561837
vt 1.248467 0.562657
vt 1.510775 0.492253
vt 1.511757 0.486012
vt 1.508777 0.497472
vt 1.471766 0.503258
vt 1.490243 0.500155
vt 1.429661 0.530652
vt 1.441969 0.521789
vt 1.444920 0.527512
vt 1.434042 0.535656
vt 1.457723 0.520624
vt 1.456750 0.514197
vt 1.244243 0.563597
vt 1.458268 0.527824
vt 1.439310 0.541181
vt 1.448003 0.534190
vt 1.242576 0.565727
vt 1.241284 0.567651
vt 1.452777 0.502083
vt 1.449343 0.495599
vt 1.455193 0.508154
vt 1.425341 0.525634
vt 1.438766 0.516247
vt 1.198953 0.549410
vt 1.401097 0.543699
vt 1.179102 0.549681
vt 1.182446 0.541280
vt 1.172903 0.563987
vt 1.185050 0.570976
vt 1.421088 0.554610
vt 1.169597 0.570607
vt 1.426347 0.544403
vt 1.420934 0.540085
vt 1.240144 0.569072
vt 1.433141 0.548734
vt 1.165998 0.578688
vt 1.173711 0.583679
vt 1.238992 0.570200
vt 1.157727 0.598402
vt 1.410201 0.530912
vt 1.404233 0.525588
vt 1.415668 0.535658
vt 1.176016 0.557136
vt 1.189970 0.564533
vt 1.146992 0.560578
vt 1.147574 0.567445
vt 1.158672 0.567505
vt 1.160075 0.560493
vt 1.154336 0.598199
vt 1.157314 0.576170
vt 1.148421 0.576037
vt 1.150637 0.597526
vt 1.162705 0.545253
vt 1.164281 0.535874
vt 1.161387 0.553248
vt 1.146230 0.553540
vt 1.171013 0.624896
vt 1.168181 0.625889
vt 1.165805 0.627384
vt 1.163932 0.629117
vt 1.162705 0.630912
vt 1.162022 0.632872
vt 1.162093 0.635496
vt 1.163313 0.638905
vt 1.165701 0.642520
vt 1.168496 0.646072
vt 1.250825 0.568373
vt 1.250505 0.565720
vt 1.251046 0.563117
vt 1.250211 0.561832
vt 1.250749 0.562293
vt 1.250227 0.563847
vt 1.245851 0.565164
vt 1.244187 0.567657
vt 1.242744 0.569576
vt 1.241614 0.571083
vt 1.240301 0.572440
vt 1.181005 0.625814
vt 1.177507 0.624851
vt 1.174164 0.624497
vt 1.235903 0.605309
vt 1.240059 0.610870
vt 1.246222 0.615950
vt 1.253949 0.620207
vt 1.262773 0.623315
vt 1.272396 0.625128
vt 1.283335 0.625576
vt 1.294821 0.624604
vt 1.305485 0.622318
vt 1.313614 0.618825
vt 1.317713 0.601008
vt 1.318755 0.595704
vt 1.317357 0.590083
vt 1.331453 0.583253
vt 1.323066 0.576630
vt 1.309920 0.570909
vt 1.286316 0.571503
vt 1.273167 0.569473
vt 1.260875 0.568966
vt 1.250852 0.570061
vt 1.243422 0.572580
vt 1.237961 0.589540
vt 1.234831 0.594279
vt 1.234139 0.599661
vt 1.290187 0.936237
vt 1.292947 0.938279
vt 1.301184 0.942200
vt 1.299627 0.945274
vt 1.319670 0.851534
vt 1.318726 0.854964
vt 1.307190 0.853584
vt 1.307164 0.850119
vt 1.355017 0.915653
vt 1.351331 0.914441
vt 1.353317 0.901713
vt 1.357173 0.901827
vt 1.337440 0.910596
vt 1.334414 0.909825
vt 1.335620 0.901950
vt 1.338819 0.901863
vt 1.320691 0.928903
vt 1.319527 0.926188
vt 1.326021 0.922469
vt 1.327988 0.924735
vt 1.318581 0.924060
vt 1.317101 0.920847
vt 1.322040 0.918049
vt 1.324450 0.920704
vt 1.306209 0.921810
vt 1.311624 0.922104
vt 1.312093 0.925536
vt 1.305717 0.925146
vt 1.306729 0.917687
vt 1.310948 0.917888
vt 1.315239 0.916923
vt 1.319086 0.914852
vt 1.305349 0.927316
vt 1.312357 0.927793
vt 1.312637 0.930659
vt 1.304817 0.930039
vt 1.333063 0.902047
vt 1.332003 0.909247
vt 1.328300 0.908430
vt 1.329108 0.902265
vt 1.325883 0.913814
vt 1.329051 0.915630
vt 1.322007 0.911698
vt 1.323722 0.907590
vt 1.324126 0.902717
vt 1.331121 0.916858
vt 1.333723 0.918443
vt 1.327154 0.945491
vt 1.325892 0.941848
vt 1.337078 0.935513
vt 1.339430 0.938575
vt 1.324619 0.938436
vt 1.322654 0.933593
vt 1.331355 0.928645
vt 1.334769 0.932678
vt 1.303760 0.934623
vt 1.313020 0.935585
vt 1.313280 0.940650
vt 1.302383 0.939171
vt 1.313335 0.944197
vt 1.313272 0.947979
vt 1.349626 0.901678
vt 1.347783 0.913382
vt 1.342585 0.911954
vt 1.344213 0.901756
vt 1.338165 0.921196
vt 1.342669 0.924045
vt 1.345731 0.926072
vt 1.348898 0.928289
vt 1.307577 0.866578
vt 1.315469 0.867939
vt 1.314690 0.870757
vt 1.307617 0.869414
vt 1.334581 0.884493
vt 1.331792 0.886109
vt 1.327268 0.879365
vt 1.329528 0.877165
vt 1.326023 0.889438
vt 1.322570 0.883824
vt 1.325445 0.881122
vt 1.329545 0.887410
vt 1.328274 0.895763
vt 1.332165 0.894576
vt 1.323276 0.897381
vt 1.321427 0.892036
vt 1.318761 0.887194
vt 1.334666 0.893840
vt 1.337782 0.892943
vt 1.307631 0.871666
vt 1.314054 0.873006
vt 1.313022 0.876433
vt 1.307624 0.875108
vt 1.318118 0.879395
vt 1.320136 0.876213
vt 1.315404 0.883303
vt 1.311577 0.880632
vt 1.307491 0.879323
vt 1.321404 0.874137
vt 1.322975 0.871527
vt 1.350352 0.875387
vt 1.347012 0.877204
vt 1.339504 0.867148
vt 1.342214 0.864582
vt 1.336964 0.869674
vt 1.343848 0.879013
vt 1.339230 0.881755
vt 1.333264 0.873429
vt 1.343009 0.891450
vt 1.348225 0.889977
vt 1.351791 0.889032
vt 1.355519 0.888134
vt 1.307268 0.856899
vt 1.317887 0.858271
vt 1.316706 0.863123
vt 1.307447 0.861756
vt 1.325548 0.867080
vt 1.328076 0.862590
vt 1.329828 0.859551
vt 1.331715 0.856410
vt 1.264493 0.886023
vt 1.267687 0.886753
vt 1.266755 0.897615
vt 1.263487 0.897699
vt 1.279238 0.896851
vt 1.279984 0.889040
vt 1.282745 0.889522
vt 1.282059 0.896665
vt 1.292769 0.870574
vt 1.294298 0.872857
vt 1.288978 0.877183
vt 1.286879 0.875415
vt 1.297367 0.877406
vt 1.293250 0.880685
vt 1.290660 0.878575
vt 1.295514 0.874662
vt 1.302277 0.875484
vt 1.301308 0.872279
vt 1.303397 0.879408
vt 1.299617 0.880753
vt 1.296461 0.883226
vt 1.300659 0.870179
vt 1.299833 0.867526
vt 1.284339 0.896498
vt 1.284971 0.889889
vt 1.288443 0.890414
vt 1.287921 0.896210
vt 1.290233 0.885124
vt 1.287096 0.883776
vt 1.294179 0.886697
vt 1.292882 0.890951
vt 1.292574 0.895743
vt 1.285076 0.882876
vt 1.282557 0.881722
vt 1.283957 0.857259
vt 1.285741 0.860107
vt 1.277372 0.867325
vt 1.274934 0.865096
vt 1.279764 0.869415
vt 1.287501 0.862798
vt 1.290151 0.866698
vt 1.283323 0.872421
vt 1.298392 0.863022
vt 1.296910 0.858486
vt 1.295940 0.855364
vt 1.294990 0.852098
vt 1.269900 0.897468
vt 1.270785 0.887384
vt 1.275365 0.888218
vt 1.274544 0.897164
vt 1.278327 0.879766
vt 1.274107 0.877787
vt 1.271270 0.876401
vt 1.268345 0.874883
vt 1.298095 0.927460
vt 1.299166 0.925019
vt 1.283133 0.911954
vt 1.285517 0.910604
vt 1.289184 0.916481
vt 1.287235 0.918236
vt 1.290561 0.907812
vt 1.293370 0.912845
vt 1.290788 0.915062
vt 1.287460 0.909512
vt 1.288681 0.902138
vt 1.285231 0.903186
vt 1.293228 0.900753
vt 1.294707 0.905643
vt 1.296853 0.910049
vt 1.283049 0.903848
vt 1.280361 0.904664
vt 1.300005 0.923058
vt 1.301291 0.920017
vt 1.296996 0.916955
vt 1.295038 0.919592
vt 1.299616 0.913637
vt 1.302920 0.916236
vt 1.293812 0.921271
vt 1.292321 0.923335
vt 1.270204 0.919722
vt 1.272891 0.918140
vt 1.279190 0.926012
vt 1.277182 0.928016
vt 1.281146 0.924071
vt 1.275445 0.916573
vt 1.279240 0.914253
vt 1.284102 0.921170
vt 1.275911 0.906048
vt 1.271530 0.907446
vt 1.268544 0.908349
vt 1.265438 0.909244
vt 1.294341 0.935569
vt 1.296254 0.931541
vt 1.289935 0.926685
vt 1.287732 0.929795
vt 1.286323 0.931690
vt 1.284964 0.933449
vt 1.443345 0.847159
vt 1.453477 0.852027
vt 1.450695 0.856799
vt 1.441916 0.854008
vt 1.461317 0.858509
vt 1.457661 0.862046
vt 1.467046 0.866552
vt 1.462647 0.868837
vt 1.470240 0.876045
vt 1.465310 0.876796
vt 1.470052 0.886254
vt 1.465120 0.885218
vt 1.466437 0.895843
vt 1.462019 0.893168
vt 1.459773 0.903883
vt 1.456325 0.899836
vt 1.450847 0.909601
vt 1.448650 0.904594
vt 1.440377 0.912662
vt 1.439685 0.907036
vt 1.429046 0.912423
vt 1.430086 0.906737
vt 1.418278 0.908520
vt 1.420985 0.903482
vt 1.409413 0.901563
vt 1.413460 0.897711
vt 1.403163 0.892274
vt 1.408178 0.889986
vt 1.400513 0.881418
vt 1.405892 0.881066
vt 1.401931 0.870709
vt 1.406908 0.872210
vt 1.406652 0.861490
vt 1.410736 0.864498
vt 1.413730 0.854500
vt 1.416695 0.858557
vt 1.422296 0.849780
vt 1.424120 0.854585
vt 1.432138 0.847256
vt 1.432690 0.852799
vt 1.448308 0.861125
vt 1.440887 0.858666
vt 1.454372 0.865398
vt 1.458691 0.870956
vt 1.460931 0.877420
vt 1.460728 0.884275
vt 1.458095 0.890709
vt 1.453261 0.896117
vt 1.446744 0.899947
vt 1.439107 0.901870
vt 1.431036 0.901546
vt 1.423398 0.898896
vt 1.417042 0.894172
vt 1.412622 0.887895
vt 1.410655 0.880686
vt 1.411357 0.873501
vt 1.414419 0.867166
vt 1.419374 0.862282
vt 1.425718 0.859108
vt 1.433074 0.857786
vt 1.446211 0.865271
vt 1.439927 0.863214
vt 1.451434 0.868609
vt 1.455130 0.872977
vt 1.457002 0.878050
vt 1.456823 0.883344
vt 1.454592 0.888363
vt 1.450535 0.892566
vt 1.445049 0.895545
vt 1.438656 0.896978
vt 1.431909 0.896668
vt 1.425548 0.894565
vt 1.420277 0.890872
vt 1.416598 0.885926
vt 1.414916 0.880268
vt 1.415356 0.874600
vt 1.417739 0.869628
vt 1.421772 0.865797
vt 1.427083 0.863365
vt 1.433307 0.862499
vt 1.148447 0.851014
vt 1.145616 0.855368
vt 1.151925 0.844106
vt 1.159387 0.841774
vt 1.166517 0.842222
vt 1.172558 0.844784
vt 1.177042 0.848697
vt 1.180057 0.853094
vt 1.182068 0.857754
vt 1.183041 0.862835
vt 1.182724 0.868273
vt 1.180789 0.873874
vt 1.176850 0.879082
vt 1.170886 0.882926
vt 1.163537 0.884423
vt 1.155995 0.883047
vt 1.149647 0.878986
vt 1.145528 0.873252
vt 1.143653 0.867008
vt 1.143767 0.860831
vt 1.152375 0.853331
vt 1.150098 0.857209
vt 1.155676 0.849560
vt 1.160458 0.847681
vt 1.165465 0.847691
vt 1.169955 0.849258
vt 1.173530 0.851949
vt 1.176090 0.855282
vt 1.177724 0.859008
vt 1.178384 0.863038
vt 1.177928 0.867226
vt 1.176206 0.871334
vt 1.173099 0.874937
vt 1.168718 0.877466
vt 1.163527 0.878377
vt 1.158253 0.877400
vt 1.153739 0.874666
vt 1.150590 0.870705
vt 1.148992 0.866165
vt 1.148876 0.861536
vt 1.156289 0.856384
vt 1.154686 0.859049
vt 1.158622 0.854222
vt 1.161585 0.853015
vt 1.164749 0.852863
vt 1.167727 0.853730
vt 1.170220 0.855393
vt 1.172092 0.857634
vt 1.173262 0.860251
vt 1.173665 0.863075
vt 1.173241 0.865944
vt 1.171936 0.868631
vt 1.169773 0.870874
vt 1.166900 0.872364
vt 1.163593 0.872858
vt 1.160291 0.872229
vt 1.157398 0.870558
vt 1.155290 0.868081
vt 1.154116 0.865141
vt 1.153939 0.862033
vt 1.160118 0.859597
vt 1.159329 0.860935
vt 1.161291 0.858573
vt 1.162736 0.857969
vt 1.164262 0.857847
vt 1.165751 0.858213
vt 1.167059 0.859002
vt 1.168053 0.860137
vt 1.168670 0.861494
vt 1.168870 0.862981
vt 1.168609 0.864445
vt 1.167883 0.865777
vt 1.166769 0.866844
vt 1.165348 0.867514
vt 1.163753 0.867718
vt 1.162158 0.867407
vt 1.160785 0.866621
vt 1.159714 0.865438
vt 1.159094 0.864000
vt 1.158963 0.862447
vt 1.163961 0.862754
vt 1.744684 0.872939
vt 1.744783 0.872096
vt 1.745743 0.874879
vt 1.744434 0.874973
vt 1.744919 0.871614
vt 1.746988 0.874324
vt 1.745162 0.871231
vt 1.748064 0.873388
vt 1.745367 0.870916
vt 1.748845 0.872161
vt 1.745512 0.870617
vt 1.749257 0.870756
vt 1.745576 0.870334
vt 1.749247 0.869302
vt 1.745569 0.870013
vt 1.748818 0.867934
vt 1.745448 0.869809
vt 1.748024 0.866780
vt 1.745306 0.869607
vt 1.746936 0.865966
vt 1.745101 0.869549
vt 1.745673 0.865569
vt 1.744930 0.869562
vt 1.744341 0.865642
vt 1.744696 0.869704
vt 1.743085 0.866163
vt 1.744583 0.869901
vt 1.742010 0.867090
vt 1.744465 0.870203
vt 1.741245 0.868311
vt 1.744475 0.870486
vt 1.740857 0.869717
vt 1.744527 0.870849
vt 1.740890 0.871168
vt 1.744686 0.871198
vt 1.741335 0.872542
vt 1.744776 0.871595
vt 1.742131 0.873706
vt 1.744828 0.872141
vt 1.743202 0.874551
vt 1.747576 0.883885
vt 1.743304 0.884034
vt 1.751611 0.882372
vt 1.755018 0.879650
vt 1.757463 0.876000
vt 1.758704 0.871792
vt 1.758611 0.867423
vt 1.757183 0.863308
vt 1.754556 0.859841
vt 1.750988 0.857369
vt 1.746835 0.856142
vt 1.742510 0.856288
vt 1.738444 0.857793
vt 1.735043 0.860501
vt 1.732637 0.864131
vt 1.731456 0.868338
vt 1.731605 0.872717
vt 1.733063 0.876845
vt 1.735683 0.880319
vt 1.739209 0.882797
vt 1.749284 0.892762
vt 1.742140 0.892992
vt 1.756034 0.890332
vt 1.761739 0.885919
vt 1.765837 0.879933
vt 1.767917 0.872973
vt 1.767757 0.865705
vt 1.765356 0.858861
vt 1.760942 0.853126
vt 1.754948 0.849029
vt 1.747976 0.847019
vt 1.740729 0.847241
vt 1.733932 0.849702
vt 1.728258 0.854166
vt 1.724249 0.860180
vt 1.722289 0.867179
vt 1.722554 0.874437
vt 1.725002 0.881248
vt 1.729391 0.886949
vt 1.735291 0.890985
vt 1.750310 0.898006
vt 1.741470 0.898270
vt 1.758655 0.895039
vt 1.765701 0.889635
vt 1.770756 0.882283
vt 1.773311 0.873720
vt 1.773099 0.864745
vt 1.770127 0.856274
vt 1.764679 0.849144
vt 1.757286 0.844056
vt 1.748684 0.841557
vt 1.739733 0.841865
vt 1.731320 0.844953
vt 1.724286 0.850509
vt 1.719309 0.857946
vt 1.716872 0.866556
vt 1.717198 0.875460
vt 1.720234 0.883812
vt 1.725676 0.890818
vt 1.732989 0.895784
vt 1.751724 0.905556
vt 1.740482 0.905878
vt 1.762348 0.901787
vt 1.771334 0.894925
vt 1.777797 0.885607
vt 1.781076 0.874737
vt 1.780829 0.863341
vt 1.777052 0.852560
vt 1.770101 0.843463
vt 1.760658 0.836976
vt 1.749669 0.833767
vt 1.738232 0.834161
vt 1.727494 0.838107
vt 1.718528 0.845190
vt 1.712209 0.854672
vt 1.709135 0.865604
vt 1.709578 0.876910
vt 1.713465 0.887507
vt 1.720396 0.896397
vt 1.729697 0.902714
vt 1.752868 0.911692
vt 1.739677 0.912049
vt 1.765346 0.907292
vt 1.775911 0.899254
vt 1.783525 0.888334
vt 1.787410 0.875563
vt 1.787143 0.862185
vt 1.782717 0.849522
vt 1.774534 0.838841
vt 1.763406 0.831233
vt 1.750450 0.827456
vt 1.736976 0.827910
vt 1.724348 0.832530
vt 1.713816 0.840833
vt 1.706417 0.851970
vt 1.702837 0.864815
vt 1.703382 0.878103
vt 1.707964 0.890545
vt 1.716106 0.900955
vt 1.727024 0.908356
vt 1.754024 0.917850
vt 1.738878 0.918244
vt 1.768359 0.912832
vt 1.780501 0.903628
vt 1.789263 0.891103
vt 1.793746 0.876428
vt 1.793455 0.861056
vt 1.788374 0.846489
vt 1.778961 0.834212
vt 1.766150 0.825464
vt 1.751234 0.821126
vt 1.735726 0.821648
vt 1.721201 0.826961
vt 1.709098 0.836497
vt 1.700605 0.849298
vt 1.696510 0.864055
vt 1.697156 0.879320
vt 1.702439 0.893599
vt 1.711803 0.905528
vt 1.724346 0.914008
vt 1.755337 0.924884
vt 1.737966 0.925322
vt 1.771778 0.919150
vt 1.785717 0.908627
vt 1.795780 0.894276
vt 1.800937 0.877454
vt 1.800614 0.859801
vt 1.794786 0.843066
vt 1.783981 0.828942
vt 1.769270 0.818877
vt 1.752135 0.813897
vt 1.734319 0.814515
vt 1.717631 0.820635
vt 1.703737 0.831612
vt 1.693994 0.846311
vt 1.689311 0.863241
vt 1.690076 0.880722
vt 1.696155 0.897074
vt 1.706914 0.910739
vt 1.721303 0.920459
vt 1.756821 0.932968
vt 1.736910 0.933460
vt 1.775675 0.926412
vt 1.791675 0.914365
vt 1.803241 0.897925
vt 1.809181 0.878640
vt 1.808834 0.858366
vt 1.802153 0.839130
vt 1.789758 0.822880
vt 1.772862 0.811285
vt 1.753173 0.805566
vt 1.732703 0.806290
vt 1.713528 0.813357
vt 1.697583 0.826004
vt 1.686414 0.842900
vt 1.681065 0.862326
vt 1.681976 0.882358
vt 1.688969 0.901077
vt 1.701320 0.916735
vt 1.717816 0.927873
vt 1.744963 0.870833
vt 1.744076 0.864886
vt 1.746281 0.861872
vt 1.743322 0.867310
vt 1.743517 0.869025
vt 1.744215 0.869955
vt 1.744910 0.870247
vt 1.745327 0.870231
vt 1.745530 0.870067
vt 1.745522 0.869795
vt 1.745290 0.869643
vt 1.745081 0.869620
vt 1.744890 0.869609
vt 1.744665 0.869713
vt 1.744619 0.869977
vt 1.744788 0.870175
vt 1.745188 0.870303
vt 1.745959 0.870237
vt 1.746922 0.869555
vt 1.747604 0.867963
vt 1.747559 0.865407
vt 1.095125 0.750125
vt 1.136855 0.723123
vt 1.195741 0.705829
vt 1.266127 0.700801
vt 1.340558 0.709261
vt 1.410751 0.729472
vt 1.469565 0.758523
vt 1.867344 0.840120
vt 1.150355 0.918398
vt 1.853704 0.881968
vt 1.832764 0.916855
vt 1.806198 0.942515
vt 1.775643 0.956976
vt 1.743193 0.958942
vt 1.710986 0.947310
vt 1.680980 0.921309
vt 1.195505 0.080110
vt 1.148919 0.106316
vt 1.243534 0.070385
vt 1.290262 0.075300
vt 1.332758 0.093090
vt 1.591423 0.698273
vt 1.426558 0.197920
vt 1.601178 0.645762
vt 1.436938 0.245409
vt 1.647528 0.575625
vt 1.334638 0.089843
vt 1.679951 0.558663
vt 1.753988 0.561316
vt 1.194178 0.076294
vt 1.791249 0.579917
vt 1.854232 0.647409
vt 1.082466 0.173880
vt 1.875934 0.692502
vt 1.892901 0.794162
vt 1.071026 0.315498
vt 1.886667 0.844467
vt 1.845993 0.927747
vt 1.164261 0.425028
vt 1.814997 0.955607
vt 1.741158 0.973847
vt 1.309352 0.436166
vt 1.702910 0.961793
vt 1.634640 0.891914
vt 1.418738 0.340941
vt 1.516509 0.791523
vt 1.539923 0.828322
vt 1.473189 0.755594
vt 1.547821 0.864405
vt 1.341439 0.704471
vt 1.412495 0.725066
vt 1.265218 0.695855
vt 1.132819 0.719655
vt 1.194921 0.701387
vt 1.090172 0.748008
vt 1.065898 0.820591
vt 1.071082 0.782848
vt 1.080765 0.857318
vt 1.149568 0.919708
vt 1.112017 0.890280
vt 1.195997 0.942824
vt 1.299535 0.970116
vt 1.247462 0.958747
vt 1.351864 0.974186
vt 1.448233 0.962580
vt 1.401359 0.970582
vt 1.487756 0.945974
vt 1.541572 0.897938
vt 1.518595 0.924431
vt 1.655087 0.880934
vt 1.635360 0.826358
vt 1.620508 0.757653
vt 1.614788 0.699246
vt 1.620027 0.651054
vt 1.634718 0.613583
vt 1.656727 0.587143
vt 1.684203 0.572130
vt 1.715467 0.568630
vt 1.748618 0.576168
vt 1.781466 0.594103
vt 1.811699 0.621718
vt 1.837340 0.657438
vt 1.856704 0.699463
vt 1.868552 0.745774
vt 1.152866 0.916121
vt 1.507424 0.361525
vt 1.114137 0.887984
vt 1.085556 0.855383
vt 1.071130 0.819854
vt 1.073558 0.783678
vt 1.512210 0.793117
vt 1.537404 0.829431
vt 1.545470 0.864390
vt 1.537657 0.895912
vt 1.516925 0.922665
vt 1.486492 0.943570
vt 1.446882 0.958261
vt 1.400954 0.967328
vt 1.351671 0.969747
vt 1.300203 0.965647
vt 1.248388 0.955276
vt 1.750087 0.429796
vt 1.680142 0.211431
vt 1.683946 0.230621
vt 1.753061 0.394994
vt 1.785474 0.333901
vt 1.642928 0.169771
vt 1.812168 0.311822
vt 1.877519 0.291946
vt 1.587440 0.167973
vt 1.911730 0.295024
vt 1.972159 0.326847
vt 1.546426 0.206552
vt 1.994381 0.353272
vt 2.014777 0.418610
vt 1.543701 0.263263
vt 2.011926 0.452928
vt 1.980678 0.513479
vt 1.580938 0.305503
vt 1.954623 0.535947
vt 1.889253 0.557039
vt 1.636464 0.308578
vt 1.854590 0.554290
vt 1.793357 0.522329
vt 1.677154 0.269836
vt 1.433369 0.867139
vt 1.438985 0.867837
vt 1.428173 0.867541
vt 1.423854 0.869143
vt 1.420700 0.871875
vt 1.418955 0.875563
vt 1.418744 0.879808
vt 1.420166 0.884025
vt 1.423161 0.887683
vt 1.427476 0.890400
vt 1.432713 0.891940
vt 1.438287 0.892225
vt 1.443586 0.891240
vt 1.448129 0.889117
vt 1.451497 0.886084
vt 1.453362 0.882456
vt 1.453537 0.878625
vt 1.451971 0.874984
vt 1.448835 0.871834
vt 1.444370 0.869414
vt 1.251532 0.570840
vt 1.313614 0.605601
vt 1.482165 0.557254
vt 1.118768 0.662363
vt 1.123528 0.658999
vt 1.127542 0.654657
vt 1.131225 0.649276
vt 1.134585 0.643149
vt 1.113077 0.665019
vt 1.162082 0.603296
vt 1.243422 0.585804
vt 1.162753 0.600611
vt 1.194499 0.557363
vt 1.407647 0.547849
vt 1.414238 0.551438
vt 1.179692 0.576916
vt 1.429585 0.557126
vt 1.394314 0.538994
vt 1.150508 0.602581
vt 1.153755 0.603258
vt 1.147632 0.602800
vt 1.157799 0.603876
vt 1.184671 0.626800
vt 1.142575 0.620207
vt 1.140259 0.616167
vt 1.144379 0.624836
vt 1.138978 0.612984
vt 1.139046 0.610636
vt 1.139780 0.608858
vt 1.141010 0.607194
vt 1.142766 0.605520
vt 1.144992 0.603969
vt 1.150707 0.597309
vt 1.155029 0.597433
vt 1.146461 0.598185
vt 1.159152 0.598539
vt 1.450025 0.558882
vt 1.161000 0.597876
vt 1.451234 0.554992
vt 1.453763 0.551374
vt 1.457545 0.548111
vt 1.462086 0.545455
vt 1.467998 0.537706
vt 1.473521 0.537086
vt 1.478137 0.538566
vt 1.477154 0.546565
vt 1.479725 0.549588
vt 1.481508 0.553231
vt 1.142387 0.626027
vt 1.253508 0.569688
vt 1.139400 0.623177
vt 1.137038 0.619474
vt 1.135544 0.615446
vt 1.135041 0.611593
vt 1.135559 0.608196
vt 1.137039 0.605036
vt 1.139440 0.602200
vt 1.142638 0.599864
vt 1.240301 0.572440
vt 1.241614 0.571083
vt 1.242744 0.569576
vt 1.244187 0.567657
vt 1.245851 0.565164
vt 1.250227 0.563847
vt 1.250749 0.562293
vt 1.250211 0.561832
vt 1.251046 0.563117
vt 1.250505 0.565720
vt 1.250825 0.568373
vt 1.251532 0.570840
vt 1.329421 0.839885
vt 1.336853 0.841246
vt 1.327789 0.839583
vt 1.264860 0.819611
vt 1.318699 0.837890
vt 1.498585 0.659249
vt 1.553199 0.706813
vt 1.487519 0.682210
vt 1.565385 0.709318
vt 1.522595 0.643838
vt 1.486532 0.691100
vt 1.541655 0.659103
vt 1.503158 0.699667
vt 1.259611 0.783327
vt 1.253505 0.785560
vt 1.260952 0.782828
vt 1.305433 0.828941
vt 1.268433 0.780098
vt 1.215221 0.814455
vt 1.215962 0.779521
vt 1.211674 0.780518
vt 1.207313 0.781617
vt 1.219862 0.812882
vt 1.527225 0.724924
vt 1.528801 0.719934
vt 1.530021 0.714728
vt 1.520544 0.713433
vn 0.000001 0.000000 1.000000
vn 0.000001 0.000000 1.000000
vn 0.000001 0.000000 1.000000
vn 0.000001 0.000000 1.000000
vn 0.000036 1.000000 -0.000333
vn 0.000036 1.000000 -0.000333
vn 0.000031 1.000000 -0.000298
vn 0.000031 1.000000 -0.000298
vn 0.000000 0.000000 -1.000000
vn 0.000000 0.000000 -1.000000
vn 0.000000 0.000000 -1.000000
vn 0.000000 0.000000 -1.000000
vn -0.000029 -1.000000 0.000298
vn -0.000029 -1.000000 0.000298
vn -0.000035 -1.000000 0.000337
vn -0.000035 -1.000000 0.000337
vn 1.000000 0.000000 0.000000
vn 1.000000 0.000000 0.000000
vn 1.000000 0.000000 0.000000
vn 1.000000 0.000000 0.000000
vn -1.000000 0.000000 0.000000
vn -1.000000 0.000000 0.000000
vn -1.000000 0.000000 0.000000
vn -1.000000 0.000000 0.000000
vn -0.000000 -0.888343 -0.459180
vn 0.119730 -0.888191 -0.443601
vn 0.115892 -0.895745 -0.429198
vn -0.000000 -0.895905 -0.444245
vn -0.000000 -0.888344 0.459179
vn -0.119730 -0.888190 0.443602
vn -0.115890 -0.895745 0.429197
vn 0.000000 -0.895905 0.444245
vn -0.459179 -0.888344 -0.000000
vn -0.443602 -0.888191 -0.119730
vn -0.429197 -0.895745 -0.115891
vn -0.444244 -0.895906 -0.000000
vn -0.274648 -0.961545 0.000000
vn -0.265387 -0.961478 -0.071625
vn -0.308757 -0.947485 -0.083315
vn -0.319417 -0.947614 -0.000000
vn -0.194205 -0.961545 -0.194204
vn -0.137011 -0.961478 -0.238303
vn -0.159412 -0.947485 -0.277238
vn -0.225862 -0.947614 -0.225862
vn -0.169680 -0.970782 -0.169680
vn -0.119746 -0.970714 -0.208267
vn -0.133820 -0.963285 -0.232754
vn -0.189674 -0.963352 -0.189674
vn -0.062593 -0.970713 -0.231943
vn 0.000000 -0.970781 -0.239967
vn -0.000000 -0.963351 -0.268243
vn -0.069956 -0.963285 -0.259209
vn 0.000000 -0.975477 -0.220104
vn -0.057364 -0.975433 -0.212696
vn -0.109836 -0.975433 -0.190961
vn -0.155638 -0.975477 -0.155635
vn -0.083315 -0.947484 -0.308759
vn -0.071624 -0.961478 -0.265389
vn -0.000001 -0.961545 -0.274646
vn 0.000000 -0.947614 -0.319417
vn -0.239964 -0.970782 -0.000000
vn -0.231940 -0.970714 -0.062593
vn -0.259206 -0.963285 -0.069955
vn -0.268240 -0.963352 0.000000
vn -0.208266 -0.970714 -0.119746
vn -0.232752 -0.963285 -0.133820
vn -0.190961 -0.975433 -0.109834
vn -0.212695 -0.975433 -0.057365
vn -0.220105 -0.975476 -0.000001
vn -0.277237 -0.947485 -0.159412
vn -0.238303 -0.961478 -0.137011
vn -0.314128 -0.895906 -0.314128
vn -0.324689 -0.888344 -0.324688
vn -0.229012 -0.888191 -0.398335
vn -0.221540 -0.895745 -0.385436
vn -0.283585 -0.916056 -0.283585
vn -0.200120 -0.915875 -0.348031
vn -0.225704 -0.891611 -0.392540
vn -0.319913 -0.891802 -0.319913
vn -0.000000 -0.891803 -0.452424
vn -0.117970 -0.891611 -0.437164
vn -0.104589 -0.915875 -0.387601
vn -0.000000 -0.916057 -0.401049
vn -0.233751 -0.883216 -0.406559
vn -0.331374 -0.883393 -0.331374
vn -0.000000 -0.883393 -0.468634
vn -0.122193 -0.883216 -0.452767
vn -0.115892 -0.895745 -0.429197
vn -0.119730 -0.888190 -0.443602
vn -0.401050 -0.916056 0.000000
vn -0.387601 -0.915875 -0.104588
vn -0.437165 -0.891611 -0.117971
vn -0.452426 -0.891802 -0.000000
vn -0.392540 -0.891611 -0.225704
vn -0.348031 -0.915875 -0.200120
vn -0.452767 -0.883216 -0.122194
vn -0.468634 -0.883392 -0.000000
vn -0.406559 -0.883216 -0.233750
vn -0.385436 -0.895745 -0.221540
vn -0.398336 -0.888191 -0.229011
vn -0.000001 -0.961546 0.274645
vn -0.071624 -0.961478 0.265387
vn -0.083315 -0.947484 0.308759
vn -0.000000 -0.947614 0.319417
vn -0.194206 -0.961545 0.194204
vn -0.238303 -0.961478 0.137011
vn -0.277237 -0.947485 0.159411
vn -0.225862 -0.947614 0.225862
vn -0.169680 -0.970782 0.169679
vn -0.208266 -0.970714 0.119744
vn -0.232753 -0.963285 0.133820
vn -0.189674 -0.963352 0.189674
vn -0.231940 -0.970714 0.062592
vn -0.259206 -0.963285 0.069956
vn -0.212695 -0.975433 0.057362
vn -0.190961 -0.975434 0.109832
vn -0.155638 -0.975477 0.155635
vn -0.308757 -0.947485 0.083316
vn -0.265387 -0.961478 0.071625
vn 0.000000 -0.970781 0.239968
vn -0.062594 -0.970714 0.231942
vn -0.069957 -0.963285 0.259206
vn -0.000000 -0.963352 0.268242
vn -0.119746 -0.970714 0.208266
vn -0.133820 -0.963285 0.232752
vn -0.109836 -0.975433 0.190961
vn -0.057364 -0.975433 0.212696
vn 0.000000 -0.975477 0.220104
vn -0.159412 -0.947484 0.277238
vn -0.137011 -0.961478 0.238303
vn -0.314129 -0.895906 0.314128
vn -0.324689 -0.888344 0.324688
vn -0.398336 -0.888191 0.229011
vn -0.385437 -0.895745 0.221540
vn -0.283585 -0.916056 0.283585
vn -0.348030 -0.915875 0.200119
vn -0.392539 -0.891611 0.225705
vn -0.319913 -0.891802 0.319913
vn -0.437165 -0.891611 0.117970
vn -0.387601 -0.915875 0.104588
vn -0.406558 -0.883216 0.233751
vn -0.331374 -0.883393 0.331374
vn -0.452767 -0.883216 0.122193
vn -0.429197 -0.895745 0.115892
vn -0.443602 -0.888191 0.119730
vn 0.000000 -0.916057 0.401049
vn -0.104588 -0.915875 0.387601
vn -0.117971 -0.891611 0.437164
vn 0.000000 -0.891803 0.452424
vn -0.225704 -0.891611 0.392539
vn -0.200120 -0.915875 0.348031
vn -0.122194 -0.883216 0.452767
vn -0.000000 -0.883393 0.468633
vn -0.233751 -0.883216 0.406559
vn -0.221541 -0.895745 0.385436
vn -0.229012 -0.888191 0.398336
vn 0.459179 -0.888344 -0.000000
vn 0.443602 -0.888191 0.119730
vn 0.429197 -0.895745 0.115891
vn 0.444244 -0.895906 -0.000000
vn 0.274640 -0.961547 0.000000
vn 0.265380 -0.961480 0.071622
vn 0.308757 -0.947485 0.083315
vn 0.319417 -0.947614 -0.000000
vn 0.194200 -0.961547 0.194200
vn 0.137007 -0.961480 0.238297
vn 0.159412 -0.947484 0.277239
vn 0.225862 -0.947614 0.225861
vn 0.169684 -0.970781 0.169683
vn 0.119749 -0.970713 0.208271
vn 0.133823 -0.963284 0.232758
vn 0.189677 -0.963351 0.189679
vn 0.062595 -0.970713 0.231944
vn 0.069957 -0.963284 0.259211
vn 0.057363 -0.975434 0.212692
vn 0.109832 -0.975435 0.190955
vn 0.155633 -0.975478 0.155631
vn 0.083315 -0.947485 0.308758
vn 0.071622 -0.961479 0.265382
vn 0.239969 -0.970780 0.000000
vn 0.231945 -0.970713 0.062595
vn 0.259211 -0.963284 0.069957
vn 0.268245 -0.963351 -0.000000
vn 0.208271 -0.970713 0.119749
vn 0.232757 -0.963284 0.133823
vn 0.190956 -0.975435 0.109830
vn 0.212689 -0.975435 0.057362
vn 0.220098 -0.975478 0.000000
vn 0.277237 -0.947485 0.159411
vn 0.238296 -0.961480 0.137007
vn 0.314129 -0.895905 0.314129
vn 0.324689 -0.888344 0.324688
vn 0.229012 -0.888191 0.398335
vn 0.221541 -0.895745 0.385436
vn 0.283585 -0.916056 0.283585
vn 0.200120 -0.915874 0.348032
vn 0.225704 -0.891611 0.392540
vn 0.319913 -0.891802 0.319913
vn 0.117971 -0.891611 0.437165
vn 0.104588 -0.915875 0.387602
vn 0.233751 -0.883216 0.406558
vn 0.331374 -0.883393 0.331374
vn 0.122194 -0.883216 0.452766
vn 0.115890 -0.895745 0.429197
vn 0.119730 -0.888191 0.443601
vn 0.401049 -0.916056 -0.000000
vn 0.387601 -0.915875 0.104588
vn 0.437165 -0.891611 0.117970
vn 0.452426 -0.891802 0.000000
vn 0.392539 -0.891611 0.225705
vn 0.348030 -0.915875 0.200120
vn 0.452767 -0.883216 0.122194
vn 0.468634 -0.883392 0.000000
vn 0.406558 -0.883216 0.233751
vn 0.385436 -0.895745 0.221541
vn 0.398336 -0.888190 0.229012
vn 0.071622 -0.961479 -0.265382
vn 0.083315 -0.947485 -0.308757
vn 0.194200 -0.961547 -0.194200
vn 0.238296 -0.961480 -0.137007
vn 0.277237 -0.947485 -0.159412
vn 0.225862 -0.947614 -0.225863
vn 0.169684 -0.970781 -0.169683
vn 0.208271 -0.970713 -0.119748
vn 0.232757 -0.963284 -0.133822
vn 0.189677 -0.963351 -0.189678
vn 0.231945 -0.970713 -0.062595
vn 0.259211 -0.963284 -0.069957
vn 0.212689 -0.975435 -0.057362
vn 0.190955 -0.975435 -0.109830
vn 0.155633 -0.975478 -0.155631
vn 0.308757 -0.947485 -0.083315
vn 0.265379 -0.961480 -0.071621
vn 0.062595 -0.970713 -0.231943
vn 0.069957 -0.963284 -0.259209
vn 0.119749 -0.970713 -0.208270
vn 0.133822 -0.963284 -0.232756
vn 0.109832 -0.975435 -0.190955
vn 0.057363 -0.975434 -0.212692
vn 0.159412 -0.947484 -0.277239
vn 0.137007 -0.961480 -0.238298
vn 0.314128 -0.895906 -0.314129
vn 0.324689 -0.888344 -0.324689
vn 0.398336 -0.888190 -0.229012
vn 0.385436 -0.895745 -0.221541
vn 0.283585 -0.916056 -0.283585
vn 0.348031 -0.915875 -0.200120
vn 0.392540 -0.891611 -0.225705
vn 0.319913 -0.891802 -0.319913
vn 0.437165 -0.891611 -0.117970
vn 0.387601 -0.915875 -0.104588
vn 0.406559 -0.883216 -0.233751
vn 0.331374 -0.883393 -0.331374
vn 0.452767 -0.883216 -0.122194
vn 0.429197 -0.895745 -0.115892
vn 0.443602 -0.888190 -0.119730
vn 0.104589 -0.915875 -0.387600
vn 0.117970 -0.891612 -0.437163
vn 0.225704 -0.891611 -0.392539
vn 0.200120 -0.915875 -0.348031
vn 0.122194 -0.883217 -0.452766
vn 0.233751 -0.883216 -0.406558
vn 0.221540 -0.895745 -0.385436
vn 0.229012 -0.888191 -0.398335
vn 0.000000 0.999999 0.001317
vn 0.000000 0.999999 0.001318
vn -0.000344 0.999999 0.001273
vn -0.000343 0.999999 0.001272
vn 0.000000 0.999999 -0.001317
vn 0.000000 0.999999 -0.001318
vn 0.000344 0.999999 -0.001274
vn 0.000344 0.999999 -0.001273
vn 0.001317 0.999999 0.000000
vn 0.001318 0.999999 0.000000
vn 0.001274 0.999999 0.000344
vn 0.001273 0.999999 0.000344
vn 0.000931 0.999999 0.000931
vn 0.000932 0.999999 0.000932
vn 0.000657 0.999999 0.001143
vn 0.000657 0.999999 0.001142
vn 0.108231 0.976155 0.188167
vn 0.153379 0.976192 0.153378
vn 0.005285 0.999972 0.005285
vn 0.003641 0.999973 0.006350
vn -0.000000 0.976192 0.216908
vn 0.056523 0.976155 0.209586
vn 0.001916 0.999973 0.007065
vn 0.000000 0.999972 0.007474
vn 0.000344 0.999999 0.001274
vn 0.000344 0.999999 0.001272
vn 0.000000 0.999932 -0.011651
vn -0.003029 0.999933 -0.011223
vn -0.008239 0.999932 -0.008239
vn -0.005794 0.999933 -0.010078
vn 0.209589 0.976154 0.056525
vn 0.216914 0.976191 0.000000
vn 0.007474 0.999972 0.000000
vn 0.007065 0.999973 0.001916
vn 0.188172 0.976154 0.108236
vn 0.006350 0.999973 0.003642
vn 0.001144 0.999999 0.000658
vn 0.001143 0.999999 0.000657
vn -0.010078 0.999932 -0.005794
vn -0.011652 0.999932 0.000000
vn -0.011223 0.999932 -0.003029
vn 0.000931 0.999999 -0.000931
vn 0.000932 0.999999 -0.000932
vn 0.001144 0.999999 -0.000657
vn 0.001143 0.999999 -0.000657
vn 0.188173 0.976154 -0.108236
vn 0.153379 0.976191 -0.153383
vn 0.005285 0.999972 -0.005285
vn 0.006350 0.999973 -0.003642
vn 0.209593 0.976153 -0.056525
vn 0.007065 0.999973 -0.001916
vn 0.001274 0.999999 -0.000344
vn 0.001273 0.999999 -0.000343
vn -0.011223 0.999933 0.003030
vn -0.008239 0.999932 0.008239
vn -0.010078 0.999933 0.005794
vn 0.056525 0.976153 -0.209595
vn -0.000000 0.976190 -0.216919
vn -0.000000 0.999972 -0.007474
vn 0.001916 0.999973 -0.007066
vn 0.108233 0.976154 -0.188173
vn 0.003641 0.999973 -0.006351
vn 0.000657 0.999999 -0.001143
vn 0.000657 0.999999 -0.001142
vn -0.005794 0.999933 0.010078
vn 0.000000 0.999932 0.011652
vn -0.003029 0.999932 0.011223
vn -0.001317 0.999999 0.000000
vn -0.001317 0.999999 -0.000000
vn -0.001273 0.999999 -0.000344
vn -0.001273 0.999999 -0.000344
vn -0.000931 0.999999 -0.000931
vn -0.000932 0.999999 -0.000932
vn -0.000657 0.999999 -0.001144
vn -0.000657 0.999999 -0.001143
vn -0.108233 0.976154 -0.188173
vn -0.153380 0.976191 -0.153382
vn -0.005285 0.999972 -0.005285
vn -0.003641 0.999973 -0.006351
vn -0.056524 0.976154 -0.209593
vn -0.001916 0.999973 -0.007065
vn -0.000344 0.999999 -0.001273
vn -0.000343 0.999999 -0.001273
vn 0.003029 0.999932 0.011223
vn 0.008239 0.999932 0.008239
vn 0.005794 0.999933 0.010078
vn -0.209593 0.976154 -0.056525
vn -0.216915 0.976191 0.000000
vn -0.007474 0.999972 0.000000
vn -0.007065 0.999973 -0.001916
vn -0.188173 0.976154 -0.108234
vn -0.006350 0.999973 -0.003641
vn -0.001143 0.999999 -0.000657
vn -0.001143 0.999999 -0.000657
vn 0.010078 0.999932 0.005794
vn 0.011652 0.999932 0.000000
vn 0.011223 0.999933 0.003029
vn -0.000931 0.999999 0.000931
vn -0.000932 0.999999 0.000932
vn -0.001143 0.999999 0.000657
vn -0.001143 0.999999 0.000657
vn -0.188172 0.976154 0.108233
vn -0.153380 0.976191 0.153381
vn -0.005285 0.999972 0.005285
vn -0.006350 0.999973 0.003641
vn -0.209590 0.976154 0.056526
vn -0.007065 0.999973 0.001916
vn -0.001273 0.999999 0.000344
vn -0.001273 0.999999 0.000344
vn 0.011223 0.999932 -0.003029
vn 0.008239 0.999932 -0.008239
vn 0.010078 0.999933 -0.005793
vn -0.056524 0.976154 0.209589
vn -0.001916 0.999973 0.007065
vn -0.108233 0.976154 0.188173
vn -0.003641 0.999973 0.006351
vn -0.000657 0.999999 0.001143
vn -0.000657 0.999999 0.001143
vn 0.005794 0.999932 -0.010078
vn 0.003029 0.999933 -0.011223
vn 0.000000 -0.557490 -0.830184
vn 0.216390 -0.557092 -0.801763
vn 0.213473 -0.573581 -0.790844
vn -0.000001 -0.573773 -0.819015
vn 0.000000 -0.557490 0.830184
vn -0.216388 -0.557098 0.801759
vn -0.213475 -0.573578 0.790846
vn -0.000001 -0.573774 0.819014
vn -0.830180 -0.557496 0.000000
vn -0.801758 -0.557100 -0.216388
vn -0.790848 -0.573576 -0.213473
vn -0.819018 -0.573768 0.000000
vn -0.587026 -0.557496 -0.587025
vn -0.413919 -0.557100 -0.719938
vn -0.408265 -0.573576 -0.710162
vn -0.579132 -0.573769 -0.579133
vn -0.408932 -0.571839 -0.711179
vn -0.392201 -0.617165 -0.682118
vn -0.556137 -0.617593 -0.556138
vn -0.580022 -0.571967 -0.580024
vn -0.000000 -0.571968 -0.820276
vn 0.000000 -0.617591 -0.786500
vn -0.205002 -0.617164 -0.759659
vn -0.213721 -0.571840 -0.792037
vn -0.213474 -0.573577 -0.790846
vn -0.216388 -0.557097 -0.801760
vn -0.792037 -0.571839 -0.213721
vn -0.759659 -0.617165 -0.205002
vn -0.786497 -0.617594 0.000000
vn -0.820277 -0.571967 -0.000000
vn -0.682118 -0.617165 -0.392202
vn -0.711178 -0.571840 -0.408931
vn -0.710162 -0.573577 -0.408265
vn -0.719938 -0.557100 -0.413920
vn -0.587026 -0.557496 0.587026
vn -0.719938 -0.557100 0.413919
vn -0.710162 -0.573576 0.408264
vn -0.579132 -0.573769 0.579133
vn -0.711179 -0.571839 0.408932
vn -0.682119 -0.617165 0.392201
vn -0.556138 -0.617594 0.556137
vn -0.580023 -0.571967 0.580023
vn -0.759659 -0.617165 0.205002
vn -0.792038 -0.571839 0.213720
vn -0.790848 -0.573576 0.213474
vn -0.801758 -0.557100 0.216388
vn -0.213721 -0.571838 0.792038
vn -0.205002 -0.617166 0.759658
vn 0.000000 -0.617591 0.786500
vn 0.000000 -0.571965 0.820278
vn -0.392201 -0.617168 0.682116
vn -0.408932 -0.571838 0.711179
vn -0.408264 -0.573575 0.710163
vn -0.413918 -0.557101 0.719938
vn 0.830186 -0.557487 0.000000
vn 0.801763 -0.557092 0.216389
vn 0.790844 -0.573581 0.213472
vn 0.819014 -0.573774 0.000000
vn 0.587030 -0.557488 0.587029
vn 0.413921 -0.557093 0.719942
vn 0.408264 -0.573581 0.710159
vn 0.579131 -0.573773 0.579131
vn 0.580023 -0.571967 0.580024
vn 0.408932 -0.571838 0.711180
vn 0.392202 -0.617162 0.682120
vn 0.556139 -0.617590 0.556140
vn 0.205003 -0.617161 0.759662
vn 0.213721 -0.571837 0.792039
vn 0.213473 -0.573582 0.790843
vn 0.216390 -0.557092 0.801763
vn 0.792037 -0.571840 0.213720
vn 0.759662 -0.617161 0.205003
vn 0.786501 -0.617589 0.000000
vn 0.820275 -0.571969 -0.000000
vn 0.682121 -0.617161 0.392204
vn 0.711178 -0.571839 0.408932
vn 0.710160 -0.573580 0.408263
vn 0.719943 -0.557092 0.413921
vn 0.587030 -0.557488 -0.587029
vn 0.719943 -0.557092 -0.413921
vn 0.710159 -0.573582 -0.408263
vn 0.579131 -0.573775 -0.579129
vn 0.711178 -0.571840 -0.408932
vn 0.682121 -0.617161 -0.392203
vn 0.556139 -0.617589 -0.556141
vn 0.580022 -0.571968 -0.580024
vn 0.759662 -0.617161 -0.205003
vn 0.792037 -0.571840 -0.213720
vn 0.790844 -0.573581 -0.213473
vn 0.801763 -0.557092 -0.216389
vn 0.213720 -0.571839 -0.792038
vn 0.205003 -0.617161 -0.759662
vn 0.392202 -0.617160 -0.682122
vn 0.408931 -0.571838 -0.711180
vn 0.408264 -0.573581 -0.710158
vn 0.413922 -0.557092 -0.719943
vn 0.000000 0.991642 -0.129018
vn 0.000000 0.991434 -0.130612
vn 0.034080 0.991418 -0.126207
vn 0.033650 0.991627 -0.124676
vn 0.000000 0.991642 0.129019
vn 0.000000 0.991434 0.130612
vn -0.034080 0.991418 0.126208
vn -0.033650 0.991627 0.124678
vn -0.129019 0.991642 -0.000000
vn -0.130611 0.991434 0.000000
vn -0.126207 0.991418 -0.034080
vn -0.124677 0.991627 -0.033651
vn -0.104225 0.994554 -0.000000
vn -0.111982 0.993710 -0.000000
vn -0.108221 0.993698 -0.029209
vn -0.100726 0.994543 -0.027186
vn -0.073698 0.994554 -0.073698
vn -0.079183 0.993710 -0.079182
vn -0.055871 0.993698 -0.097177
vn -0.052001 0.994543 -0.090447
vn -0.061197 0.996248 -0.061197
vn -0.067952 0.995372 -0.067952
vn -0.047948 0.995362 -0.083397
vn -0.043187 0.996239 -0.075112
vn -0.022574 0.996240 -0.083650
vn -0.025066 0.995362 -0.092875
vn 0.000000 0.995372 -0.096098
vn 0.000000 0.996248 -0.086546
vn 0.000000 0.715771 -0.698336
vn -0.181736 0.716401 -0.673604
vn -0.021115 0.996708 -0.078272
vn -0.000000 0.996714 -0.080997
vn -0.347802 0.716400 -0.604818
vn -0.493798 0.715770 -0.493799
vn -0.057273 0.996714 -0.057273
vn -0.040415 0.996709 -0.070277
vn -0.029209 0.993698 -0.108222
vn -0.000000 0.993710 -0.111982
vn 0.000000 0.994554 -0.104225
vn -0.027186 0.994543 -0.100726
vn -0.086546 0.996248 -0.000000
vn -0.096099 0.995372 -0.000000
vn -0.092875 0.995362 -0.025066
vn -0.083650 0.996239 -0.022574
vn -0.075112 0.996239 -0.043188
vn -0.083397 0.995362 -0.047948
vn -0.604817 0.716401 -0.347802
vn -0.070277 0.996708 -0.040416
vn -0.673603 0.716401 -0.181737
vn -0.698337 0.715769 0.000000
vn -0.080996 0.996714 0.000000
vn -0.078271 0.996709 -0.021115
vn -0.097178 0.993698 -0.055871
vn -0.090448 0.994543 -0.052001
vn -0.092356 0.991434 -0.092356
vn -0.065144 0.991418 -0.113340
vn -0.064365 0.991627 -0.111954
vn -0.091230 0.991642 -0.091230
vn -0.084233 0.992879 -0.084233
vn -0.087615 0.992294 -0.087616
vn -0.061817 0.992279 -0.107519
vn -0.059433 0.992866 -0.103373
vn 0.000000 0.992294 -0.123907
vn 0.000000 0.992879 -0.119123
vn -0.031070 0.992866 -0.115120
vn -0.032316 0.992279 -0.119738
vn -0.089523 0.991953 -0.089523
vn -0.063161 0.991939 -0.109858
vn -0.000000 0.991953 -0.126604
vn -0.033020 0.991938 -0.122343
vn -0.034080 0.991418 -0.126207
vn -0.033650 0.991627 -0.124676
vn -0.119124 0.992879 -0.000000
vn -0.123907 0.992294 -0.000000
vn -0.119738 0.992279 -0.032316
vn -0.115120 0.992866 -0.031071
vn -0.107518 0.992280 -0.061817
vn -0.103372 0.992866 -0.059433
vn -0.126604 0.991953 0.000000
vn -0.122344 0.991938 -0.033020
vn -0.109859 0.991938 -0.063161
vn -0.113340 0.991418 -0.065144
vn -0.111954 0.991627 -0.064365
vn 0.000000 0.994554 0.104226
vn 0.000000 0.993710 0.111982
vn -0.029209 0.993698 0.108222
vn -0.027186 0.994543 0.100727
vn -0.073698 0.994554 0.073698
vn -0.079183 0.993710 0.079182
vn -0.097178 0.993698 0.055871
vn -0.090448 0.994543 0.052001
vn -0.061197 0.996248 0.061197
vn -0.067952 0.995372 0.067952
vn -0.083397 0.995362 0.047948
vn -0.075112 0.996240 0.043187
vn -0.083650 0.996239 0.022574
vn -0.092875 0.995362 0.025066
vn -0.673603 0.716401 0.181738
vn -0.078271 0.996709 0.021116
vn -0.604816 0.716401 0.347804
vn -0.493799 0.715766 0.493802
vn -0.057273 0.996714 0.057273
vn -0.070277 0.996709 0.040416
vn -0.108221 0.993698 0.029209
vn -0.100726 0.994543 0.027186
vn -0.000000 0.996248 0.086546
vn -0.000000 0.995372 0.096098
vn -0.025066 0.995362 0.092875
vn -0.022574 0.996240 0.083650
vn -0.043187 0.996240 0.075112
vn -0.047948 0.995362 0.083397
vn -0.347803 0.716401 0.604816
vn -0.040415 0.996709 0.070276
vn -0.181736 0.716406 0.673598
vn 0.000000 0.715773 0.698334
vn 0.000000 0.996714 0.080996
vn -0.021115 0.996709 0.078271
vn -0.055871 0.993698 0.097177
vn -0.052001 0.994543 0.090447
vn -0.092356 0.991434 0.092356
vn -0.113340 0.991418 0.065144
vn -0.111955 0.991627 0.064366
vn -0.091230 0.991642 0.091230
vn -0.084233 0.992879 0.084233
vn -0.087615 0.992294 0.087616
vn -0.107518 0.992280 0.061817
vn -0.103372 0.992866 0.059432
vn -0.115120 0.992866 0.031070
vn -0.119738 0.992280 0.032316
vn -0.089523 0.991953 0.089523
vn -0.109859 0.991938 0.063162
vn -0.122344 0.991938 0.033020
vn -0.126207 0.991418 0.034081
vn -0.124677 0.991627 0.033651
vn 0.000000 0.992879 0.119123
vn 0.000000 0.992294 0.123907
vn -0.032316 0.992280 0.119737
vn -0.031070 0.992866 0.115120
vn -0.061816 0.992280 0.107519
vn -0.059432 0.992866 0.103373
vn 0.000000 0.991953 0.126605
vn -0.033020 0.991938 0.122344
vn -0.063161 0.991939 0.109858
vn -0.065144 0.991418 0.113340
vn -0.064365 0.991627 0.111955
vn 0.129019 0.991642 0.000000
vn 0.130611 0.991434 -0.000000
vn 0.126207 0.991418 0.034080
vn 0.124677 0.991627 0.033651
vn 0.104225 0.994554 -0.000000
vn 0.111982 0.993710 -0.000000
vn 0.108221 0.993698 0.029209
vn 0.100726 0.994543 0.027186
vn 0.073698 0.994554 0.073698
vn 0.079183 0.993710 0.079183
vn 0.055871 0.993698 0.097177
vn 0.052001 0.994543 0.090448
vn 0.061197 0.996248 0.061197
vn 0.067952 0.995372 0.067952
vn 0.047948 0.995362 0.083397
vn 0.043187 0.996239 0.075112
vn 0.022574 0.996240 0.083650
vn 0.025066 0.995362 0.092875
vn 0.181737 0.716401 0.673603
vn 0.021115 0.996709 0.078271
vn 0.347803 0.716401 0.604817
vn 0.493799 0.715769 0.493798
vn 0.057273 0.996714 0.057273
vn 0.040415 0.996709 0.070277
vn 0.029209 0.993698 0.108222
vn 0.027186 0.994543 0.100726
vn 0.086546 0.996248 0.000000
vn 0.096099 0.995372 -0.000000
vn 0.092875 0.995362 0.025066
vn 0.083650 0.996240 0.022574
vn 0.075112 0.996240 0.043188
vn 0.083397 0.995362 0.047948
vn 0.604819 0.716399 0.347802
vn 0.070277 0.996709 0.040415
vn 0.673605 0.716399 0.181737
vn 0.698339 0.715767 0.000000
vn 0.080996 0.996714 0.000000
vn 0.078271 0.996708 0.021116
vn 0.097178 0.993698 0.055871
vn 0.090448 0.994543 0.052001
vn 0.092356 0.991434 0.092356
vn 0.065144 0.991418 0.113340
vn 0.064365 0.991627 0.111955
vn 0.091230 0.991642 0.091230
vn 0.084233 0.992879 0.084233
vn 0.087615 0.992294 0.087615
vn 0.061816 0.992280 0.107518
vn 0.059432 0.992866 0.103372
vn 0.031070 0.992866 0.115120
vn 0.032316 0.992279 0.119738
vn 0.089523 0.991953 0.089523
vn 0.063161 0.991938 0.109859
vn 0.033020 0.991938 0.122344
vn 0.034080 0.991418 0.126208
vn 0.033650 0.991627 0.124677
vn 0.119124 0.992879 0.000000
vn 0.123907 0.992294 0.000000
vn 0.119738 0.992280 0.032316
vn 0.115120 0.992866 0.031070
vn 0.107518 0.992279 0.061816
vn 0.103372 0.992866 0.059432
vn 0.126604 0.991953 -0.000000
vn 0.122344 0.991938 0.033020
vn 0.109859 0.991938 0.063161
vn 0.113340 0.991418 0.065144
vn 0.111954 0.991627 0.064365
vn 0.029209 0.993698 -0.108222
vn 0.027186 0.994543 -0.100726
vn 0.073698 0.994554 -0.073698
vn 0.079183 0.993710 -0.079182
vn 0.097178 0.993698 -0.055871
vn 0.090448 0.994543 -0.052001
vn 0.061197 0.996248 -0.061198
vn 0.067952 0.995372 -0.067952
vn 0.083397 0.995362 -0.047948
vn 0.075112 0.996240 -0.043187
vn 0.083650 0.996240 -0.022574
vn 0.092875 0.995362 -0.025066
vn 0.673604 0.716400 -0.181737
vn 0.078271 0.996708 -0.021115
vn 0.604817 0.716401 -0.347801
vn 0.493800 0.715769 -0.493799
vn 0.057273 0.996714 -0.057274
vn 0.070277 0.996708 -0.040415
vn 0.108221 0.993698 -0.029209
vn 0.100726 0.994543 -0.027186
vn 0.025066 0.995362 -0.092875
vn 0.022574 0.996239 -0.083651
vn 0.043187 0.996239 -0.075112
vn 0.047948 0.995362 -0.083397
vn 0.347803 0.716400 -0.604817
vn 0.040415 0.996708 -0.070278
vn 0.181738 0.716402 -0.673602
vn 0.021115 0.996709 -0.078271
vn 0.055871 0.993698 -0.097177
vn 0.052001 0.994543 -0.090448
vn 0.092356 0.991434 -0.092356
vn 0.113340 0.991418 -0.065144
vn 0.111954 0.991627 -0.064366
vn 0.091230 0.991642 -0.091230
vn 0.084233 0.992880 -0.084233
vn 0.087615 0.992294 -0.087615
vn 0.107518 0.992279 -0.061816
vn 0.103372 0.992866 -0.059432
vn 0.115120 0.992866 -0.031070
vn 0.119738 0.992279 -0.032316
vn 0.089523 0.991953 -0.089523
vn 0.109859 0.991938 -0.063162
vn 0.122344 0.991938 -0.033020
vn 0.126207 0.991418 -0.034081
vn 0.124677 0.991627 -0.033651
vn 0.032316 0.992279 -0.119739
vn 0.031070 0.992866 -0.115121
vn 0.061817 0.992279 -0.107519
vn 0.059433 0.992866 -0.103373
vn 0.033020 0.991938 -0.122344
vn 0.063161 0.991938 -0.109859
vn 0.065144 0.991418 -0.113340
vn 0.064365 0.991627 -0.111954
vn 0.009275 -0.998902 -0.045930
vn 0.021057 -0.998935 -0.041059
vn 0.021041 -0.998937 -0.041017
vn 0.009266 -0.998904 -0.045890
vn -0.000000 -0.998945 0.045930
vn -0.017595 -0.998943 0.042473
vn -0.017582 -0.998944 0.042441
vn -0.000000 -0.998947 0.045889
vn -0.045925 -0.998945 -0.000001
vn -0.042479 -0.998942 -0.017594
vn -0.042448 -0.998944 -0.017584
vn -0.045892 -0.998946 -0.000000
vn -0.032474 -0.998945 -0.032468
vn -0.017595 -0.998943 -0.042474
vn -0.017582 -0.998944 -0.042443
vn -0.032451 -0.998946 -0.032450
vn -0.017614 -0.998940 -0.042523
vn -0.017603 -0.998942 -0.042497
vn -0.032488 -0.998944 -0.032488
vn -0.032509 -0.998943 -0.032507
vn -0.002413 -0.998940 -0.045975
vn -0.002411 -0.998941 -0.045943
vn -0.032467 -0.998945 -0.032468
vn -0.017592 -0.998943 -0.042473
vn -0.002409 -0.998942 -0.045914
vn -0.002410 -0.998942 -0.045925
vn -0.002408 -0.998944 -0.045887
vn -0.042524 -0.998940 -0.017615
vn -0.042497 -0.998941 -0.017605
vn -0.045944 -0.998944 0.000000
vn -0.045975 -0.998943 0.000000
vn -0.045915 -0.998945 -0.000000
vn -0.042472 -0.998943 -0.017594
vn -0.032474 -0.998945 0.032467
vn -0.042479 -0.998942 0.017594
vn -0.042448 -0.998944 0.017584
vn -0.032451 -0.998946 0.032448
vn -0.042524 -0.998940 0.017615
vn -0.042497 -0.998942 0.017605
vn -0.032488 -0.998944 0.032488
vn -0.032509 -0.998943 0.032507
vn -0.032467 -0.998945 0.032469
vn -0.042472 -0.998943 0.017594
vn -0.017614 -0.998940 0.042523
vn -0.017603 -0.998942 0.042497
vn 0.000000 -0.998944 0.045943
vn 0.000000 -0.998943 0.045976
vn -0.000000 -0.998945 0.045916
vn -0.017592 -0.998943 0.042473
vn 0.045925 -0.998945 0.000000
vn 0.042479 -0.998942 0.017597
vn 0.042448 -0.998944 0.017584
vn 0.045892 -0.998946 -0.000000
vn 0.032474 -0.998945 0.032475
vn 0.017595 -0.998942 0.042482
vn 0.017582 -0.998944 0.042447
vn 0.032451 -0.998946 0.032450
vn 0.017614 -0.998940 0.042523
vn 0.017603 -0.998942 0.042495
vn 0.032488 -0.998944 0.032485
vn 0.032509 -0.998943 0.032507
vn 0.032467 -0.998945 0.032465
vn 0.017592 -0.998943 0.042472
vn 0.042524 -0.998940 0.017612
vn 0.042497 -0.998942 0.017601
vn 0.045944 -0.998944 -0.000001
vn 0.045975 -0.998943 -0.000001
vn 0.045915 -0.998945 0.000000
vn 0.042472 -0.998943 0.017592
vn 0.032474 -0.998945 -0.032477
vn 0.042479 -0.998942 -0.017597
vn 0.042448 -0.998944 -0.017584
vn 0.032451 -0.998946 -0.032452
vn 0.042524 -0.998940 -0.017613
vn 0.042497 -0.998942 -0.017601
vn 0.032488 -0.998944 -0.032485
vn 0.032509 -0.998943 -0.032507
vn 0.032467 -0.998945 -0.032465
vn 0.042472 -0.998943 -0.017592
vn 0.021079 -0.998933 -0.041088
vn 0.021062 -0.998935 -0.041058
vn 0.009278 -0.998902 -0.045926
vn 0.009283 -0.998900 -0.045968
vn 0.009280 -0.998902 -0.045919
vn 0.021047 -0.998936 -0.041038
vn 0.000000 0.000000 -1.000000
vn 0.382681 0.000000 -0.923881
vn 0.382680 0.000000 -0.923881
vn 0.000000 0.000000 -1.000000
vn 0.000000 0.000000 1.000000
vn -0.382684 0.000000 0.923879
vn -0.382684 0.000000 0.923879
vn 0.000000 0.000000 1.000000
vn -1.000000 0.000000 0.000000
vn -0.923880 0.000000 -0.382683
vn -0.923880 0.000000 -0.382683
vn -1.000000 0.000000 -0.000000
vn -0.707108 0.000000 -0.707106
vn -0.382682 0.000000 -0.923880
vn -0.382683 0.000000 -0.923880
vn -0.707108 0.000000 -0.707106
vn -0.382684 0.000000 -0.923879
vn -0.382683 0.000000 -0.923880
vn -0.707108 0.000000 -0.707105
vn -0.707108 0.000000 -0.707105
vn 0.000000 0.000000 -1.000000
vn 0.000000 0.000000 -1.000000
vn -0.923880 0.000000 -0.382682
vn -0.923880 0.000000 -0.382682
vn -1.000000 0.000000 0.000000
vn -1.000000 0.000000 0.000000
vn -0.707108 0.000000 0.707105
vn -0.923880 0.000000 0.382683
vn -0.923880 0.000000 0.382683
vn -0.707108 0.000000 0.707106
vn -0.923880 0.000000 0.382682
vn -0.923880 0.000000 0.382682
vn -0.707109 0.000000 0.707105
vn -0.707109 0.000000 0.707105
vn -0.382686 0.000000 0.923879
vn -0.382684 0.000000 0.923879
vn 0.000000 0.000000 1.000000
vn 0.000000 0.000000 1.000000
vn 1.000000 0.000000 0.000000
vn 0.923880 0.000000 0.382683
vn 0.923880 0.000000 0.382683
vn 1.000000 0.000000 -0.000000
vn 0.707106 0.000000 0.707107
vn 0.382682 0.000000 0.923880
vn 0.382682 0.000000 0.923880
vn 0.707104 0.000000 0.707110
vn 0.382686 0.000000 0.923879
vn 0.382684 0.000000 0.923879
vn 0.707109 0.000000 0.707105
vn 0.707109 0.000000 0.707105
vn 0.923880 0.000000 0.382682
vn 0.923880 0.000000 0.382682
vn 1.000000 0.000000 0.000000
vn 1.000000 0.000000 0.000000
vn 0.707106 0.000000 -0.707108
vn 0.923880 0.000000 -0.382683
vn 0.923880 0.000000 -0.382683
vn 0.707104 0.000000 -0.707110
vn 0.923880 0.000000 -0.382682
vn 0.923880 0.000000 -0.382682
vn 0.707108 0.000000 -0.707105
vn 0.707108 0.000000 -0.707105
vn 0.382684 0.000000 -0.923879
vn 0.382683 0.000000 -0.923880
vn -0.000002 -0.959107 -0.283044
vn -0.000001 -0.957834 -0.287321
vn 0.111022 -0.958663 -0.261990
vn 0.107124 -0.959893 -0.259094
vn 0.000003 -0.975460 0.220176
vn 0.000001 -0.974587 0.224009
vn -0.085165 -0.974107 0.209435
vn -0.085167 -0.974984 0.205310
vn -0.247862 -0.968795 -0.000380
vn -0.251342 -0.967886 0.004877
vn -0.245920 -0.964459 -0.096660
vn -0.240584 -0.965457 -0.100061
vn -0.217048 -0.962750 -0.161251
vn -0.221905 -0.961439 -0.162459
vn -0.158616 -0.958036 -0.238765
vn -0.156145 -0.959362 -0.235040
vn -0.152069 -0.961534 -0.228751
vn -0.210945 -0.964619 -0.158155
vn -0.211945 -0.964517 -0.157435
vn -0.152412 -0.961337 -0.229352
vn -0.000012 -0.961405 -0.275137
vn -0.098912 -0.962008 -0.254476
vn -0.100458 -0.961797 -0.254664
vn -0.000008 -0.961135 -0.276081
vn -0.102965 -0.959811 -0.261077
vn -0.106784 -0.958596 -0.263989
vn -0.233932 -0.967049 -0.100460
vn -0.242675 -0.970102 -0.003350
vn -0.241960 -0.970286 -0.000350
vn -0.234800 -0.967128 -0.097630
vn -0.161140 -0.973742 0.160811
vn -0.161495 -0.972875 0.165633
vn -0.220490 -0.970689 0.095646
vn -0.218843 -0.971571 0.090316
vn -0.215527 -0.972677 0.086305
vn -0.159407 -0.974716 0.156585
vn -0.157392 -0.974959 0.157111
vn -0.213720 -0.972902 0.088237
vn -0.084456 -0.975888 0.201270
vn 0.000015 -0.976343 0.216226
vn 0.000009 -0.976586 0.215130
vn -0.083201 -0.976131 0.200613
vn 0.247864 -0.968795 -0.000377
vn 0.251347 -0.967885 0.004880
vn 0.220483 -0.970690 0.095644
vn 0.218837 -0.971572 0.090319
vn 0.161131 -0.973745 0.160803
vn 0.161486 -0.972878 0.165620
vn 0.085162 -0.974110 0.209421
vn 0.085166 -0.974987 0.205299
vn 0.084465 -0.975891 0.201253
vn 0.159387 -0.974719 0.156584
vn 0.157378 -0.974961 0.157110
vn 0.083205 -0.976133 0.200603
vn 0.215514 -0.972679 0.086311
vn 0.242689 -0.970098 -0.003342
vn 0.241960 -0.970286 -0.000347
vn 0.213711 -0.972903 0.088244
vn 0.191966 -0.962353 -0.192422
vn 0.197840 -0.961250 -0.191983
vn 0.245933 -0.964455 -0.096664
vn 0.240590 -0.965455 -0.100063
vn 0.233963 -0.967041 -0.100460
vn 0.185342 -0.964269 -0.189297
vn 0.187296 -0.964201 -0.187714
vn 0.234809 -0.967127 -0.097627
vn 0.102926 -0.962086 -0.252581
vn 0.104505 -0.961873 -0.252743
vn 0.206726 0.304146 0.929924
vn 0.198651 0.383389 0.901971
vn -0.043209 0.383550 0.922509
vn -0.042620 0.304379 0.951597
vn -0.651560 0.087262 -0.753561
vn -0.574144 0.317561 -0.754662
vn 0.041107 0.324942 -0.944840
vn 0.045919 0.070523 -0.996453
vn -0.929917 0.304326 0.206493
vn -0.901900 0.383878 0.198025
vn -0.924000 0.380369 -0.039283
vn -0.953265 0.299576 -0.039252
vn -0.511377 0.304142 0.803736
vn -0.497321 0.383387 0.778258
vn -0.682866 0.383549 0.621759
vn -0.703017 0.304374 0.642747
vn -0.304635 0.829591 0.467950
vn -0.171685 0.950080 0.260525
vn -0.236650 0.948718 0.209597
vn -0.416064 0.829583 0.372402
vn -0.019529 0.951439 0.307218
vn -0.098915 0.951022 0.292870
vn -0.175099 0.829535 0.530295
vn -0.030871 0.829581 0.557533
vn -0.003346 0.999077 0.042816
vn -0.014150 0.999048 0.041262
vn -0.033381 0.994736 0.096882
vn -0.007368 0.994865 0.100942
vn -0.082800 0.993898 0.072873
vn -0.058381 0.994413 0.087945
vn -0.024677 0.998988 0.037613
vn -0.035222 0.998892 0.031207
vn -0.282109 0.383333 0.879472
vn -0.289115 0.304103 0.907708
vn -0.244732 0.608152 0.755154
vn -0.039511 0.608252 0.792760
vn -0.588508 0.608249 0.532627
vn -0.429416 0.608224 0.667582
vn -0.557832 0.829515 -0.026989
vn -0.545386 0.830578 0.112671
vn -0.316534 0.946547 0.062096
vn -0.323951 0.945910 -0.017613
vn -0.286811 0.947336 0.142459
vn -0.498789 0.829535 0.251160
vn -0.044837 0.998760 0.021637
vn -0.103490 0.993331 0.050818
vn -0.123146 0.992360 -0.007549
vn -0.118969 0.992657 0.021880
vn -0.052206 0.998600 0.008483
vn -0.055007 0.998477 -0.004335
vn -0.821362 0.383334 0.422398
vn -0.846282 0.304105 0.437410
vn -0.707029 0.608149 0.360922
vn -0.793753 0.607234 -0.034978
vn -0.775135 0.609415 0.166669
vn -0.892550 0.229433 -0.388220
vn -0.864216 0.324470 -0.384513
vn -0.810265 0.287160 -0.510891
vn -0.834424 0.173820 -0.522994
vn -0.418126 0.860343 -0.291516
vn -0.511509 0.829829 -0.223031
vn -0.296444 0.946291 -0.129049
vn -0.239336 0.953186 -0.184807
vn -0.316668 0.945439 -0.076599
vn -0.546352 0.827016 -0.132452
vn -0.052998 0.998501 -0.013690
vn -0.118659 0.992524 -0.028555
vn -0.086809 0.993754 -0.070126
vn -0.108768 0.992957 -0.046974
vn -0.046523 0.998692 -0.021203
vn -0.034114 0.998993 -0.029153
vn -0.905212 0.359589 -0.226468
vn -0.933464 0.274965 -0.230304
vn -0.779278 0.597058 -0.190387
vn -0.661227 0.619135 -0.423616
vn -0.741681 0.586974 -0.324607
vn 0.015663 0.947406 -0.319651
vn -0.132689 0.938087 -0.319979
vn -0.061430 0.976512 -0.206519
vn 0.007923 0.978921 -0.204087
vn -0.145905 0.967218 -0.207850
vn -0.271289 0.916672 -0.293453
vn -0.018525 0.999190 -0.035720
vn -0.049507 0.995056 -0.086092
vn -0.001518 0.995690 -0.092734
vn -0.018746 0.995877 -0.088751
vn -0.006712 0.999243 -0.038326
vn -0.005596 0.999124 -0.041469
vn -0.764947 0.261970 -0.588411
vn -0.790720 0.128984 -0.598435
vn -0.529054 0.709129 -0.466089
vn 0.030771 0.806742 -0.590102
vn -0.326275 0.751106 -0.573920
vn 0.945911 0.281704 -0.160921
vn 0.917057 0.365950 -0.158389
vn 0.922877 0.383028 0.039843
vn 0.952394 0.302206 0.040213
vn 0.821096 0.134288 -0.554768
vn 0.796275 0.261832 -0.545335
vn 0.838817 0.294146 -0.458109
vn 0.863429 0.184410 -0.469557
vn 0.447813 0.855755 -0.259127
vn 0.313998 0.907094 -0.280330
vn 0.180519 0.964221 -0.194144
vn 0.265708 0.950332 -0.162079
vn 0.090873 0.974489 -0.205217
vn 0.169093 0.933516 -0.316157
vn -0.000582 0.998752 -0.049950
vn 0.029173 0.994852 -0.097048
vn 0.114085 0.991456 -0.063241
vn 0.078065 0.992580 -0.093225
vn 0.037601 0.998231 -0.046062
vn 0.058187 0.998099 -0.020325
vn 0.623604 0.311624 -0.716944
vn 0.695973 0.088989 -0.712533
vn 0.375470 0.742463 -0.554771
vn 0.690417 0.616814 -0.377975
vn 0.567478 0.696953 -0.438436
vn 0.556014 0.830754 0.026368
vn 0.553018 0.828599 -0.087148
vn 0.323951 0.944901 -0.047087
vn 0.323052 0.946218 0.017596
vn 0.312325 0.944425 -0.102539
vn 0.527304 0.830116 -0.181266
vn 0.056722 0.998328 -0.011132
vn 0.122984 0.991889 -0.032104
vn 0.121975 0.992499 0.008193
vn 0.121960 0.992416 -0.015383
vn 0.054232 0.998504 -0.007018
vn 0.053908 0.998540 0.003457
vn 0.885556 0.333839 -0.323020
vn 0.914192 0.240212 -0.326422
vn 0.760048 0.591449 -0.269287
vn 0.791970 0.609535 0.035365
vn 0.788339 0.601275 -0.130343
vn 0.803734 0.304145 0.511378
vn 0.778257 0.383387 0.497323
vn 0.621761 0.383547 0.682865
vn 0.642748 0.304374 0.703016
vn 0.372401 0.829584 0.416062
vn 0.467950 0.829591 0.304632
vn 0.264624 0.948031 0.176669
vn 0.206739 0.949388 0.236479
vn 0.304721 0.947104 0.100699
vn 0.529611 0.830767 0.171287
vn 0.048255 0.998696 0.016643
vn 0.111684 0.993004 0.038346
vn 0.069217 0.994213 0.082161
vn 0.092105 0.993692 0.063971
vn 0.038980 0.998846 0.028052
vn 0.028678 0.998958 0.035513
vn 0.879419 0.384195 0.281099
vn 0.907690 0.304571 0.288680
vn 0.754671 0.609763 0.242201
vn 0.532627 0.608252 0.588505
vn 0.667581 0.608226 0.429413
vn 0.115483 0.829590 0.546300
vn 0.060847 0.951339 0.302079
vn 0.136570 0.950593 0.278785
vn 0.251158 0.829536 0.498788
vn 0.017933 0.999031 0.040206
vn 0.043971 0.994630 0.093691
vn 0.018718 0.994849 0.099627
vn 0.007411 0.999070 0.042489
vn 0.422399 0.383332 0.821362
vn 0.437413 0.304101 0.846282
vn 0.360920 0.608155 0.707025
vn 0.168410 0.608228 0.775691
vn 0.000143 -1.000000 -0.000430
vn 0.000143 -1.000000 -0.000430
vn 0.000143 -1.000000 -0.000430
vn 0.000143 -1.000000 -0.000430
vn 0.000391 -1.000000 -0.000313
vn 0.000391 -1.000000 -0.000313
vn 0.000391 -1.000000 -0.000313
vn 0.000391 -1.000000 -0.000313
vn 0.000361 -1.000000 -0.000328
vn 0.000361 -1.000000 -0.000328
vn 0.000361 -1.000000 -0.000328
vn 0.000361 -1.000000 -0.000328
vn 0.000417 -1.000000 -0.000195
vn 0.000417 -1.000000 -0.000195
vn 0.000417 -1.000000 -0.000195
vn 0.000417 -1.000000 -0.000195
vn 0.000378 -1.000000 0.000047
vn 0.000378 -1.000000 0.000047
vn 0.000378 -1.000000 0.000047
vn 0.000378 -1.000000 0.000047
vn 0.000374 -1.000000 -0.000039
vn 0.000374 -1.000000 -0.000039
vn 0.000374 -1.000000 -0.000039
vn 0.000374 -1.000000 -0.000039
vn 0.000425 -1.000000 0.000081
vn 0.000425 -1.000000 0.000081
vn 0.000425 -1.000000 0.000081
vn 0.000425 -1.000000 0.000081
vn 0.000236 -1.000000 0.000300
vn 0.000236 -1.000000 0.000300
vn 0.000236 -1.000000 0.000300
vn 0.000236 -1.000000 0.000300
vn 0.000336 -1.000000 0.000315
vn 0.000336 -1.000000 0.000315
vn 0.000336 -1.000000 0.000315
vn 0.000336 -1.000000 0.000315
vn 0.000193 -1.000000 0.000310
vn 0.000193 -1.000000 0.000310
vn 0.000193 -1.000000 0.000310
vn 0.000193 -1.000000 0.000310
vn -0.000006 -1.000000 0.000363
vn -0.000006 -1.000000 0.000363
vn -0.000006 -1.000000 0.000363
vn -0.000006 -1.000000 0.000363
vn 0.000098 -1.000000 0.000365
vn 0.000098 -1.000000 0.000365
vn 0.000098 -1.000000 0.000365
vn 0.000098 -1.000000 0.000365
vn -0.000079 -1.000000 0.000280
vn -0.000079 -1.000000 0.000280
vn -0.000079 -1.000000 0.000280
vn -0.000079 -1.000000 0.000280
vn -0.000129 -1.000000 0.000287
vn -0.000129 -1.000000 0.000287
vn -0.000129 -1.000000 0.000287
vn -0.000129 -1.000000 0.000287
vn -0.000128 -1.000000 0.000242
vn -0.000128 -1.000000 0.000242
vn -0.000128 -1.000000 0.000242
vn -0.000128 -1.000000 0.000242
vn -0.000243 -1.000000 0.000242
vn -0.000243 -1.000000 0.000242
vn -0.000243 -1.000000 0.000242
vn -0.000243 -1.000000 0.000242
vn -0.000491 -1.000000 0.000141
vn -0.000491 -1.000000 0.000141
vn -0.000491 -1.000000 0.000141
vn -0.000491 -1.000000 0.000141
vn -0.000384 -1.000000 0.000149
vn -0.000384 -1.000000 0.000149
vn -0.000384 -1.000000 0.000149
vn -0.000384 -1.000000 0.000149
vn -0.000446 -1.000000 -0.000102
vn -0.000446 -1.000000 -0.000102
vn -0.000446 -1.000000 -0.000102
vn -0.000446 -1.000000 -0.000102
vn -0.000298 -1.000000 -0.000222
vn -0.000298 -1.000000 -0.000222
vn -0.000298 -1.000000 -0.000222
vn -0.000298 -1.000000 -0.000222
vn -0.000440 -1.000000 -0.000052
vn -0.000440 -1.000000 -0.000052
vn -0.000440 -1.000000 -0.000052
vn -0.000440 -1.000000 -0.000052
vn -0.000314 -1.000000 -0.000355
vn -0.000314 -1.000000 -0.000355
vn -0.000314 -1.000000 -0.000355
vn -0.000314 -1.000000 -0.000355
vn -0.000115 -1.000000 -0.000502
vn -0.000115 -1.000000 -0.000502
vn -0.000115 -1.000000 -0.000502
vn -0.000115 -1.000000 -0.000502
vn -0.000131 -1.000000 -0.000486
vn -0.000131 -1.000000 -0.000486
vn -0.000131 -1.000000 -0.000486
vn -0.000131 -1.000000 -0.000486
vn 0.000000 0.000000 0.000000
vn 0.000000 0.000000 0.000000
vn 0.000000 0.000000 0.000000
vn 0.000000 0.000000 0.000000
vn 0.000000 -0.107766 -0.994176
vn 0.000000 -0.000000 -0.000000
vn 0.000000 -0.000000 -0.000000
vn 0.000000 -0.107766 -0.994176
vn 0.000000 0.000000 0.000000
vn 0.000000 0.000000 0.000000
vn 0.000000 0.000000 0.000000
vn 0.000000 0.000000 0.000000
vn 0.000000 0.000000 -1.000000
vn 0.000000 0.000000 -1.000000
vn 0.000000 0.000000 -1.000000
vn 0.000000 0.000000 -1.000000
vn 0.000000 0.922389 0.386262
vn 0.000000 0.000000 0.000000
vn 0.000000 0.000000 0.000000
vn 0.000000 0.922389 0.386262
vn 0.000000 0.000000 -0.000000
vn 0.000000 0.124035 -0.992278
vn 0.000000 0.124035 -0.992278
vn 0.000000 0.000000 -0.000000
vn 0.000000 0.000000 0.000000
vn 0.000000 1.000000 0.000000
vn 0.000000 1.000000 0.000000
vn 0.000000 0.000000 0.000000
vn 0.000000 0.000000 0.000000
vn 0.000000 0.000000 0.000000
vn 0.000000 0.000000 0.000000
vn 0.000000 0.000000 0.000000
vn 0.000000 0.000000 0.000000
vn 0.000000 0.000000 0.000000
vn 0.000000 0.000000 0.000000
vn 0.000000 0.000000 0.000000
vn 0.000000 -0.054973 0.998488
vn 0.000000 -0.000000 0.000000
vn 0.000000 -0.000000 0.000000
vn 0.000000 -0.054973 0.998488
vn 0.000000 0.000000 0.000000
vn 0.000000 0.000000 0.000000
vn 0.000000 0.000000 0.000000
vn 0.000000 0.000000 0.000000
vn 0.000000 -0.000000 -0.000000
vn 0.000000 -0.001953 -0.999998
vn 0.000000 -0.001953 -0.999998
vn 0.000000 -0.000000 -0.000000
vn 0.000000 0.000000 0.000000
vn 0.000000 0.000000 0.000000
vn 0.000000 0.000000 0.000000
vn 0.000000 0.000000 0.000000
vn 0.000000 0.000000 0.000000
vn 0.000000 0.000000 0.000000
vn 0.000000 0.000000 0.000000
vn 0.000000 0.000000 0.000000
vn 0.000000 0.000000 0.000000
vn 0.000000 0.000000 0.000000
vn 0.000000 0.000000 0.000000
vn 0.000000 0.000000 0.000000
vn 0.000000 0.000000 0.000000
vn 0.000000 0.000000 0.000000
vn 0.000000 0.000000 0.000000
vn 0.000000 0.000000 0.000000
vn 0.000000 0.000000 -1.000000
vn 0.000000 0.000000 -0.000000
vn 0.000000 0.000000 -0.000000
vn 0.000000 0.000000 -1.000000
vn 0.000000 0.000000 0.000000
vn 0.000000 0.000000 0.000000
vn 0.000000 0.000000 0.000000
vn 0.000000 0.000000 0.000000
vn 0.000000 0.000000 0.000000
vn 0.000000 0.000000 0.000000
vn 0.000000 0.000000 0.000000
vn 0.000000 0.000000 0.000000
vn 0.000000 0.000000 0.000000
vn 0.000000 0.000000 0.000000
vn 0.000000 0.000000 0.000000
vn 0.000000 0.000000 0.000000
vn 0.000000 0.000000 0.000000
vn 0.000000 0.000000 0.000000
vn 0.000000 0.000000 0.000000
vn 0.000000 0.000000 0.000000
vn 0.000000 0.000000 0.000000
vn 0.000000 0.000000 0.000000
vn 0.000000 0.000000 0.000000
vn 0.000000 0.000000 0.000000
vn 0.000000 0.000000 -0.000000
vn 0.000000 0.000000 -0.000000
vn 0.000000 0.000000 -0.000000
vn 0.000000 0.000000 -0.000000
vn 0.000000 0.000000 0.000000
vn 0.000000 0.000000 0.000000
vn 0.000000 0.000000 0.000000
vn 0.000000 0.000000 0.000000
vn 0.284651 -0.332963 0.898949
vn 0.299476 -0.036870 0.953391
vn 0.040722 -0.036864 0.998490
vn 0.040565 -0.333233 0.941972
vn -0.284689 -0.332870 -0.898971
vn -0.299488 -0.036851 -0.953388
vn -0.040730 -0.036870 -0.998490
vn -0.040608 -0.333222 -0.941973
vn -0.898978 -0.332883 0.284654
vn -0.953391 -0.036862 0.299477
vn -0.998491 -0.036849 0.040728
vn -0.941985 -0.333193 0.040593
vn -0.520106 0.837049 0.169819
vn -0.451132 0.879776 0.149912
vn -0.474480 0.879847 0.027181
vn -0.546051 0.837269 0.028452
vn -0.247631 0.837046 0.487886
vn -0.212998 0.879772 0.425009
vn -0.316289 0.879844 0.354734
vn -0.365889 0.837347 0.406171
vn -0.113757 0.966482 0.230157
vn -0.060609 0.990215 0.125705
vn -0.091247 0.990220 0.105543
vn -0.169859 0.966456 0.192639
vn 0.010167 0.990232 0.139059
vn -0.026504 0.990227 0.136921
vn -0.051214 0.966493 0.251533
vn 0.016184 0.966449 0.256350
vn 0.009730 0.993786 0.110881
vn -0.019603 0.993773 0.109683
vn -0.046960 0.993764 0.101130
vn -0.071575 0.993784 0.085267
vn 0.027245 0.879846 0.474478
vn -0.097407 0.879822 0.465216
vn -0.114914 0.837095 0.534852
vn 0.028466 0.837348 0.545928
vn -0.256259 0.966474 0.016097
vn -0.243183 0.966483 0.082290
vn -0.131777 0.990213 0.045982
vn -0.139135 0.990222 0.010081
vn -0.115645 0.990217 0.078083
vn -0.214104 0.966489 0.141625
vn -0.091442 0.993776 0.063623
vn -0.104751 0.993764 0.038225
vn -0.111011 0.993772 0.009652
vn -0.397853 0.879819 0.260060
vn -0.459393 0.837152 0.296877
vn -0.434388 -0.332879 0.836958
vn -0.462387 -0.036861 0.885912
vn -0.677241 -0.036854 0.734838
vn -0.637394 -0.333171 0.694785
vn -0.383484 0.556564 0.737005
vn -0.281688 0.788066 0.547361
vn -0.414428 0.788245 0.454884
vn -0.562304 0.556490 0.611665
vn 0.028585 0.788247 0.614694
vn -0.132630 0.788121 0.601061
vn -0.182522 0.556632 0.810461
vn 0.034906 0.556507 0.830110
vn -0.220762 -0.036860 0.974631
vn -0.206382 -0.332941 0.920085
vn -0.830084 0.556547 0.034886
vn -0.792313 0.556564 0.249955
vn -0.586248 0.788065 0.187794
vn -0.614686 0.788254 0.028574
vn -0.518816 0.788115 0.331217
vn -0.702180 0.556583 0.444026
vn -0.845269 -0.036867 0.533068
vn -0.796530 -0.332926 0.504678
vn -0.028423 0.837313 -0.545985
vn -0.169818 0.837060 -0.520088
vn -0.149858 0.879779 -0.451144
vn -0.027154 0.879851 -0.474473
vn -0.487846 0.837055 -0.247680
vn -0.424969 0.879782 -0.213035
vn -0.354713 0.879844 -0.316313
vn -0.406167 0.837303 -0.365994
vn -0.125603 0.990223 -0.060684
vn -0.105451 0.990225 -0.091299
vn -0.192541 0.966478 -0.169848
vn -0.230128 0.966481 -0.113821
vn -0.136940 0.990224 -0.026541
vn -0.251507 0.966498 -0.051237
vn -0.109696 0.993770 -0.019683
vn -0.101002 0.993773 -0.047059
vn -0.085247 0.993778 -0.071688
vn -0.465201 0.879824 -0.097453
vn -0.534878 0.837079 -0.114913
vn -0.016053 0.966468 -0.256284
vn -0.082238 0.966481 -0.243210
vn -0.045920 0.990223 -0.131718
vn -0.010031 0.990225 -0.139120
vn -0.078056 0.990224 -0.115604
vn -0.141575 0.966512 -0.214037
vn -0.063634 0.993771 -0.091493
vn -0.038149 0.993776 -0.104663
vn -0.009619 0.993786 -0.110896
vn -0.260040 0.879817 -0.397871
vn -0.296931 0.837095 -0.459461
vn -0.836933 -0.332958 -0.434376
vn -0.885912 -0.036867 -0.462385
vn -0.734835 -0.036859 -0.677244
vn -0.694763 -0.333214 -0.637396
vn -0.611632 0.556533 -0.562296
vn -0.737007 0.556541 -0.383513
vn -0.547356 0.788048 -0.281748
vn -0.454847 0.788242 -0.414474
vn -0.601071 0.788113 -0.132632
vn -0.810461 0.556625 -0.182542
vn -0.974632 -0.036874 -0.220757
vn -0.920077 -0.332985 -0.206351
vn -0.034872 0.556509 -0.830109
vn -0.249945 0.556587 -0.792300
vn -0.187798 0.788083 -0.586222
vn -0.028552 0.788258 -0.614682
vn -0.331222 0.788127 -0.518795
vn -0.444009 0.556647 -0.702140
vn -0.533069 -0.036869 -0.845268
vn -0.504677 -0.332909 -0.796538
vn 0.898963 -0.332920 -0.284658
vn 0.953390 -0.036861 -0.299481
vn 0.998490 -0.036856 -0.040727
vn 0.941970 -0.333235 -0.040581
vn 0.545973 0.837319 -0.028469
vn 0.520046 0.837079 -0.169858
vn 0.451088 0.879795 -0.149933
vn 0.474454 0.879860 -0.027212
vn 0.247674 0.837053 -0.487852
vn 0.213013 0.879790 -0.424965
vn 0.316290 0.879862 -0.354687
vn 0.365951 0.837316 -0.406178
vn 0.060629 0.990221 -0.125644
vn 0.091207 0.990233 -0.105450
vn 0.169935 0.966438 -0.192663
vn 0.113785 0.966482 -0.230144
vn 0.026547 0.990221 -0.136962
vn 0.051218 0.966509 -0.251471
vn 0.019672 0.993778 -0.109632
vn 0.046966 0.993784 -0.100934
vn 0.071495 0.993803 -0.085117
vn 0.097432 0.879824 -0.465206
vn 0.114913 0.837105 -0.534836
vn 0.256295 0.966464 -0.016127
vn 0.243292 0.966450 -0.082366
vn 0.131689 0.990224 -0.045986
vn 0.139089 0.990228 -0.010098
vn 0.115555 0.990229 -0.078055
vn 0.214209 0.966453 -0.141714
vn 0.091294 0.993794 -0.063560
vn 0.104517 0.993790 -0.038185
vn 0.110795 0.993796 -0.009670
vn 0.397812 0.879844 -0.260038
vn 0.459401 0.837132 -0.296921
vn 0.434383 -0.332917 -0.836945
vn 0.462382 -0.036859 -0.885914
vn 0.677239 -0.036852 -0.734840
vn 0.637387 -0.333195 -0.694780
vn 0.562289 0.556531 -0.611641
vn 0.383500 0.556550 -0.737007
vn 0.281719 0.788086 -0.547316
vn 0.414427 0.788271 -0.454840
vn 0.132627 0.788134 -0.601045
vn 0.182532 0.556594 -0.810485
vn 0.220759 -0.036866 -0.974631
vn 0.206368 -0.332989 -0.920071
vn 0.830110 0.556507 -0.034898
vn 0.792315 0.556552 -0.249972
vn 0.586207 0.788088 -0.187829
vn 0.614669 0.788267 -0.028588
vn 0.518769 0.788141 -0.331229
vn 0.702150 0.556623 -0.444024
vn 0.845267 -0.036865 -0.533071
vn 0.796519 -0.332950 -0.504680
vn 0.169842 0.837130 0.519967
vn 0.149947 0.879776 0.451122
vn 0.487860 0.837062 0.247630
vn 0.424943 0.879820 0.212933
vn 0.354708 0.879872 0.316239
vn 0.406207 0.837319 0.365915
vn 0.125722 0.990213 0.060595
vn 0.105498 0.990231 0.091175
vn 0.192656 0.966462 0.169810
vn 0.230170 0.966482 0.113726
vn 0.136976 0.990219 0.026514
vn 0.251467 0.966510 0.051219
vn 0.109647 0.993777 0.019602
vn 0.101075 0.993771 0.046945
vn 0.085213 0.993793 0.071520
vn 0.465178 0.879842 0.097406
vn 0.534835 0.837111 0.114875
vn 0.082369 0.966475 0.243189
vn 0.046084 0.990218 0.131702
vn 0.078083 0.990226 0.115562
vn 0.141629 0.966501 0.214047
vn 0.063658 0.993780 0.091378
vn 0.038333 0.993770 0.104655
vn 0.260069 0.879827 0.397829
vn 0.296932 0.837163 0.459335
vn 0.836931 -0.332926 0.434404
vn 0.885912 -0.036873 0.462386
vn 0.734839 -0.036846 0.677240
vn 0.694769 -0.333181 0.637406
vn 0.611652 0.556535 0.562273
vn 0.737016 0.556548 0.383485
vn 0.547338 0.788078 0.281699
vn 0.454885 0.788248 0.414421
vn 0.601056 0.788130 0.132599
vn 0.810495 0.556582 0.182523
vn 0.974631 -0.036868 0.220759
vn 0.920067 -0.333004 0.206363
vn 0.249990 0.556504 0.792344
vn 0.187853 0.788057 0.586240
vn 0.331277 0.788117 0.518775
vn 0.444042 0.556603 0.702154
vn 0.533069 -0.036875 0.845268
vn 0.504675 -0.332969 0.796514
vn 0.877210 0.381795 -0.291092
vn 0.742891 0.379926 -0.551153
vn 0.718811 0.444961 -0.534154
vn 0.848895 0.446965 -0.282133
vn 0.536796 0.377693 -0.754452
vn 0.519318 0.442544 -0.731070
vn 0.280960 0.375897 -0.883042
vn 0.271787 0.440610 -0.855567
vn 0.000001 0.375192 -0.926947
vn 0.000011 0.439863 -0.898065
vn -0.280944 0.375860 -0.883063
vn -0.271770 0.440593 -0.855581
vn -0.536755 0.377685 -0.754485
vn -0.519298 0.442541 -0.731086
vn -0.742861 0.379965 -0.551166
vn -0.718788 0.444987 -0.534163
vn -0.877201 0.381825 -0.291081
vn -0.848880 0.446993 -0.282135
vn -0.923930 0.382563 -0.000018
vn -0.894152 0.447763 -0.000012
vn -0.877194 0.381857 0.291060
vn -0.848887 0.446990 0.282117
vn -0.742856 0.379987 0.551157
vn -0.718794 0.444986 0.534156
vn -0.536766 0.377707 0.754467
vn -0.519305 0.442543 0.731080
vn -0.280960 0.375877 0.883051
vn -0.271794 0.440593 0.855573
vn 0.000020 0.375152 0.926964
vn 0.000006 0.439857 0.898068
vn 0.280990 0.375823 0.883064
vn 0.271817 0.440594 0.855565
vn 0.536788 0.377681 0.754464
vn 0.519333 0.442542 0.731061
vn 0.742863 0.379992 0.551145
vn 0.718800 0.444992 0.534142
vn 0.877193 0.381863 0.291055
vn 0.848882 0.447002 0.282115
vn 0.923931 0.382560 -0.000028
vn 0.894153 0.447761 -0.000013
vn 0.655449 0.577122 -0.487151
vn 0.773514 0.579280 -0.257120
vn 0.473962 0.574476 -0.667336
vn 0.248225 0.572363 -0.781527
vn 0.000024 0.571569 -0.820554
vn -0.248195 0.572377 -0.781527
vn -0.473953 0.574472 -0.667346
vn -0.655449 0.577097 -0.487181
vn -0.773527 0.579249 -0.257150
vn -0.814560 0.580080 -0.000017
vn -0.773548 0.579235 0.257118
vn -0.655479 0.577064 0.487181
vn -0.473971 0.574428 0.667371
vn -0.248234 0.572345 0.781538
vn 0.000009 0.571575 0.820550
vn 0.248264 0.572371 0.781509
vn 0.474000 0.574468 0.667316
vn 0.655474 0.577095 0.487151
vn 0.773531 0.579260 0.257116
vn 0.814546 0.580099 -0.000008
vn 0.576519 0.695668 -0.428570
vn 0.679821 0.697675 -0.226038
vn 0.417280 0.693217 -0.587645
vn 0.218713 0.691235 -0.688738
vn 0.000026 0.690475 -0.723356
vn -0.218675 0.691230 -0.688754
vn -0.417259 0.693201 -0.587680
vn -0.576516 0.695635 -0.428628
vn -0.679848 0.697635 -0.226080
vn -0.715700 0.698408 -0.000027
vn -0.679872 0.697631 0.226019
vn -0.576551 0.695623 0.428599
vn -0.417281 0.693165 0.587706
vn -0.218703 0.691197 0.688778
vn 0.000023 0.690452 0.723378
vn 0.218770 0.691204 0.688751
vn 0.417338 0.693182 0.587646
vn 0.576548 0.695646 0.428567
vn 0.679836 0.697668 0.226015
vn 0.715656 0.698453 -0.000019
vn 0.484002 0.797626 -0.359910
vn 0.570294 0.799241 -0.189678
vn 0.350630 0.795663 -0.493943
vn 0.183936 0.794069 -0.579329
vn 0.000051 0.793455 -0.608628
vn -0.183884 0.794052 -0.579368
vn -0.350603 0.795644 -0.493992
vn -0.483954 0.797636 -0.359951
vn -0.570263 0.799252 -0.189727
vn -0.600173 0.799870 -0.000049
vn -0.570307 0.799239 0.189648
vn -0.483983 0.797645 0.359893
vn -0.350618 0.795656 0.493963
vn -0.183895 0.794046 0.579374
vn 0.000042 0.793458 0.608625
vn 0.183989 0.794082 0.579295
vn 0.350696 0.795648 0.493920
vn 0.484033 0.797626 0.359869
vn 0.570303 0.799249 0.189619
vn 0.600158 0.799882 -0.000013
vn 0.380471 0.880405 -0.283070
vn 0.448033 0.881500 -0.149076
vn 0.275855 0.879058 -0.388795
vn 0.144803 0.877983 -0.456265
vn 0.000095 0.877580 -0.479431
vn -0.144710 0.877991 -0.456279
vn -0.275812 0.879049 -0.388846
vn -0.380438 0.880402 -0.283124
vn -0.448027 0.881487 -0.149172
vn -0.471381 0.881930 -0.000097
vn -0.448023 0.881506 0.149071
vn -0.380465 0.880410 0.283065
vn -0.275883 0.879054 0.388783
vn -0.144740 0.877983 0.456285
vn 0.000095 0.877560 0.479467
vn 0.144889 0.877975 0.456253
vn 0.275938 0.879045 0.388764
vn 0.380517 0.880414 0.282981
vn 0.448078 0.881493 0.148983
vn 0.471401 0.881919 0.000002
vn 0.269942 0.941667 -0.200985
vn 0.317754 0.942249 -0.105829
vn 0.195831 0.940946 -0.276172
vn 0.102827 0.940361 -0.324264
vn 0.000108 0.940137 -0.340796
vn -0.102665 0.940376 -0.324273
vn -0.195700 0.940940 -0.276287
vn -0.269881 0.941655 -0.201121
vn -0.317786 0.942224 -0.105955
vn -0.334353 0.942448 -0.000170
vn -0.317871 0.942213 0.105794
vn -0.270040 0.941619 0.201077
vn -0.195867 0.940914 0.276256
vn -0.102700 0.940358 0.324315
vn 0.000123 0.940124 0.340833
vn 0.102973 0.940360 0.324222
vn 0.195990 0.940937 0.276090
vn 0.270002 0.941679 0.200849
vn 0.317811 0.942243 0.105705
vn 0.334295 0.942468 -0.000010
vn 0.162361 0.979277 -0.121058
vn 0.191114 0.979492 -0.063799
vn 0.117837 0.979005 -0.166323
vn 0.061896 0.978789 -0.195299
vn 0.000073 0.978706 -0.205265
vn -0.061612 0.978794 -0.195362
vn -0.117491 0.979011 -0.166536
vn -0.162176 0.979277 -0.121305
vn -0.191051 0.979497 -0.063915
vn -0.201116 0.979567 -0.000371
vn -0.191195 0.979495 0.063521
vn -0.162396 0.979255 0.121187
vn -0.117629 0.979008 0.166454
vn -0.061485 0.978806 0.195341
vn 0.000170 0.978732 0.205144
vn 0.062017 0.978821 0.195099
vn 0.118070 0.979017 0.166087
vn 0.162485 0.979281 0.120864
vn 0.191159 0.979492 0.063667
vn 0.201076 0.979576 -0.000058
vn 0.000356 1.000000 -0.000240
vn 0.240771 -0.967435 -0.078102
vn 0.204766 -0.967438 -0.148781
vn 0.257992 -0.947791 -0.187436
vn 0.303295 -0.947794 -0.098483
vn 0.148769 -0.967440 -0.204760
vn 0.187442 -0.947791 -0.257989
vn 0.078218 -0.967442 -0.240705
vn 0.098533 -0.947791 -0.303289
vn -0.000109 -0.967433 -0.253127
vn -0.000056 -0.947791 -0.318891
vn -0.078358 -0.967408 -0.240793
vn -0.098636 -0.947785 -0.303272
vn -0.149098 -0.967390 -0.204758
vn -0.187598 -0.947788 -0.257884
vn -0.205300 -0.967361 -0.148539
vn -0.258113 -0.947779 -0.187329
vn -0.241170 -0.967358 -0.077817
vn -0.303293 -0.947801 -0.098418
vn -0.253609 -0.967307 0.000554
vn -0.318823 -0.947814 0.000305
vn -0.241377 -0.967232 0.078738
vn -0.303195 -0.947801 0.098721
vn -0.205545 -0.967236 0.149017
vn -0.258032 -0.947797 0.187353
vn -0.149310 -0.967299 0.205034
vn -0.187499 -0.947793 0.257939
vn -0.078669 -0.967316 0.241063
vn -0.098697 -0.947766 0.303313
vn -0.000319 -0.967389 0.253294
vn -0.000154 -0.947775 0.318940
vn 0.078075 -0.967372 0.241029
vn 0.098550 -0.947759 0.303383
vn 0.148544 -0.967360 0.205303
vn 0.187267 -0.947753 0.258253
vn 0.204747 -0.967391 0.149108
vn 0.257816 -0.947797 0.187651
vn 0.240841 -0.967404 0.078265
vn 0.303273 -0.947795 0.098538
vn 0.253224 -0.967408 0.000117
vn 0.318893 -0.947791 0.000050
vn 0.295572 -0.930872 -0.214745
vn 0.347464 -0.930875 -0.112878
vn 0.214746 -0.930872 -0.295570
vn 0.112889 -0.930873 -0.347465
vn -0.000034 -0.930873 -0.365343
vn -0.112965 -0.930870 -0.347447
vn -0.214818 -0.930875 -0.295508
vn -0.295581 -0.930881 -0.214689
vn -0.347450 -0.930887 -0.112819
vn -0.365317 -0.930883 0.000165
vn -0.347400 -0.930887 0.112971
vn -0.295539 -0.930895 0.214689
vn -0.214722 -0.930893 0.295521
vn -0.112931 -0.930880 0.347432
vn -0.000067 -0.930879 0.365329
vn 0.112883 -0.930875 0.347461
vn 0.214652 -0.930857 0.295684
vn 0.295478 -0.930861 0.214919
vn 0.347449 -0.930871 0.112951
vn 0.365334 -0.930877 0.000021
vn 0.352360 -0.900168 -0.256007
vn 0.414222 -0.900170 -0.134588
vn 0.256003 -0.900169 -0.352361
vn 0.134585 -0.900170 -0.414223
vn -0.000009 -0.900178 -0.435521
vn -0.134620 -0.900189 -0.414172
vn -0.256020 -0.900188 -0.352300
vn -0.352327 -0.900193 -0.255967
vn -0.414197 -0.900194 -0.134506
vn -0.435519 -0.900180 0.000095
vn -0.414178 -0.900189 0.134600
vn -0.352313 -0.900197 0.255970
vn -0.255963 -0.900200 0.352311
vn -0.134572 -0.900198 0.414166
vn -0.000025 -0.900195 0.435487
vn 0.134554 -0.900197 0.414175
vn 0.255956 -0.900180 0.352367
vn 0.352295 -0.900162 0.256118
vn 0.414189 -0.900173 0.134671
vn 0.435534 -0.900172 0.000005
vn 0.480376 -0.804629 -0.349014
vn 0.564715 -0.804630 -0.183488
vn 0.349013 -0.804630 -0.480376
vn 0.183486 -0.804631 -0.564714
vn 0.000005 -0.804630 -0.593776
vn -0.183506 -0.804639 -0.564697
vn -0.349038 -0.804631 -0.480355
vn -0.480372 -0.804633 -0.349011
vn -0.564720 -0.804641 -0.183425
vn -0.593776 -0.804630 0.000063
vn -0.564706 -0.804637 0.183484
vn -0.480369 -0.804637 0.349006
vn -0.349007 -0.804637 0.480368
vn -0.183481 -0.804635 0.564710
vn -0.000026 -0.804638 0.593765
vn 0.183446 -0.804659 0.564687
vn 0.348982 -0.804665 0.480339
vn 0.480316 -0.804650 0.349049
vn 0.564676 -0.804645 0.183539
vn 0.593778 -0.804629 -0.000001
vn 0.669010 -0.562286 -0.486065
vn 0.786469 -0.562286 -0.255540
vn 0.486066 -0.562285 -0.669010
vn 0.255539 -0.562284 -0.786471
vn -0.000000 -0.562278 -0.826948
vn -0.255556 -0.562277 -0.786470
vn -0.486087 -0.562268 -0.669010
vn -0.669015 -0.562276 -0.486071
vn -0.786467 -0.562302 -0.255511
vn -0.826937 -0.562295 0.000038
vn -0.786463 -0.562291 0.255547
vn -0.669016 -0.562277 0.486068
vn -0.486068 -0.562274 0.669018
vn -0.255539 -0.562277 0.786476
vn -0.000025 -0.562280 0.826947
vn 0.255507 -0.562310 0.786463
vn 0.486053 -0.562308 0.669001
vn 0.668987 -0.562295 0.486087
vn 0.786451 -0.562300 0.255565
vn 0.826943 -0.562286 -0.000001
vn 0.808766 0.024895 -0.587603
vn 0.950762 0.024894 -0.308921
vn 0.587603 0.024896 -0.808766
vn 0.308922 0.024895 -0.950761
vn -0.000002 0.024890 -0.999690
vn -0.308922 0.024888 -0.950762
vn -0.587603 0.024900 -0.808766
vn -0.808767 0.024895 -0.587602
vn -0.950761 0.024895 -0.308922
vn -0.999690 0.024882 -0.000001
vn -0.950762 0.024908 0.308920
vn -0.808765 0.024894 0.587605
vn -0.587604 0.024894 0.808766
vn -0.308922 0.024895 0.950762
vn 0.000001 0.024902 0.999690
vn 0.308920 0.024882 0.950762
vn 0.587604 0.024896 0.808766
vn 0.808767 0.024905 0.587602
vn 0.950763 0.024885 0.308920
vn 0.999690 0.024894 0.000001
vn 0.702280 0.496448 -0.510237
vn 0.825582 0.496448 -0.268243
vn 0.510236 0.496447 -0.702282
vn 0.268248 0.496447 -0.825580
vn 0.000005 0.496442 -0.868070
vn -0.268236 0.496431 -0.825594
vn -0.510233 0.496413 -0.702307
vn -0.702294 0.496409 -0.510256
vn -0.825611 0.496390 -0.268260
vn -0.868106 0.496379 -0.000027
vn -0.825612 0.496403 0.268233
vn -0.702296 0.496413 0.510249
vn -0.510251 0.496413 0.702295
vn -0.268247 0.496415 0.825600
vn 0.000022 0.496412 0.868087
vn 0.268270 0.496403 0.825600
vn 0.510254 0.496403 0.702300
vn 0.702311 0.496423 0.510219
vn 0.825600 0.496431 0.268219
vn 0.868066 0.496449 0.000001
vn 0.727077 0.438526 -0.528255
vn 0.854732 0.438526 -0.277719
vn 0.528252 0.438529 -0.727078
vn 0.277719 0.438532 -0.854729
vn 0.000007 0.438531 -0.898716
vn -0.277700 0.438527 -0.854738
vn -0.528236 0.438510 -0.727101
vn -0.727068 0.438532 -0.528262
vn -0.854726 0.438532 -0.277729
vn -0.898731 0.438501 -0.000024
vn -0.854741 0.438517 0.277708
vn -0.727077 0.438529 0.528253
vn -0.528253 0.438533 0.727075
vn -0.277710 0.438531 0.854732
vn 0.000019 0.438524 0.898719
vn 0.277729 0.438533 0.854726
vn 0.528251 0.438525 0.727081
vn 0.727104 0.438515 0.528227
vn 0.854742 0.438532 0.277680
vn 0.898719 0.438526 0.000001
vn 0.793435 0.195316 -0.576465
vn 0.932740 0.195314 -0.303067
vn 0.576465 0.195320 -0.793435
vn 0.303065 0.195321 -0.932739
vn 0.000001 0.195323 -0.980739
vn -0.303053 0.195334 -0.932740
vn -0.576449 0.195350 -0.793439
vn -0.793429 0.195357 -0.576460
vn -0.932731 0.195354 -0.303066
vn -0.980733 0.195353 -0.000005
vn -0.932733 0.195352 0.303062
vn -0.793429 0.195356 0.576460
vn -0.576463 0.195364 0.793425
vn -0.303060 0.195361 0.932732
vn 0.000013 0.195341 0.980735
vn 0.303074 0.195324 0.932735
vn 0.576461 0.195315 0.793438
vn 0.793438 0.195310 0.576464
vn 0.932743 0.195310 0.303058
vn 0.980741 0.195313 0.000001
vn -0.229194 -0.959024 0.166563
vn -0.269392 -0.959040 0.087578
vn -0.000264 -1.000000 0.000276
vn -0.166527 -0.959040 0.229155
vn -0.087541 -0.959047 0.269379
vn 0.000000 -0.959052 0.283230
vn 0.087541 -0.959040 0.269405
vn 0.166526 -0.959033 0.229184
vn 0.228584 -0.959024 0.167398
vn 0.268542 -0.959200 0.088429
vn 0.282724 -0.959201 -0.000000
vn 0.268879 -0.959206 -0.087335
vn 0.228711 -0.959202 -0.166202
vn 0.166192 -0.959191 -0.228764
vn 0.087365 -0.959206 -0.268870
vn 0.000000 -0.959204 -0.282715
vn -0.088330 -0.959215 -0.268523
vn -0.167351 -0.959044 -0.228534
vn -0.229151 -0.959046 -0.166493
vn -0.269406 -0.959042 -0.087511
vn -0.283281 -0.959037 -0.000000
vn -0.920989 0.249438 0.299267
vn -0.783440 0.249432 0.569215
vn -0.783437 0.249432 0.569218
vn -0.920988 0.249438 0.299268
vn -0.569215 0.249429 0.783441
vn -0.569217 0.249429 0.783440
vn -0.299201 0.249447 0.921007
vn -0.299202 0.249447 0.921007
vn 0.000001 0.249449 0.968388
vn 0.000001 0.249449 0.968388
vn 0.299310 0.249501 0.920957
vn 0.299199 0.249501 0.920994
vn 0.569272 0.249571 0.783354
vn 0.569178 0.249571 0.783422
vn 0.783561 0.249582 0.568983
vn 0.783501 0.249582 0.569066
vn 0.921065 0.249475 0.299001
vn 0.921034 0.249475 0.299096
vn 0.968391 0.249438 -0.000000
vn 0.968391 0.249438 0.000000
vn 0.920949 0.249493 -0.299344
vn 0.920987 0.249493 -0.299226
vn 0.783371 0.249570 -0.569249
vn 0.783442 0.249570 -0.569151
vn 0.569311 0.249591 -0.783319
vn 0.569216 0.249591 -0.783389
vn 0.299359 0.249509 -0.920939
vn 0.299241 0.249509 -0.920978
vn 0.000001 0.249447 -0.968389
vn 0.000001 0.249447 -0.968389
vn -0.299020 0.249491 -0.921054
vn -0.299114 0.249491 -0.921024
vn -0.569033 0.249584 -0.783524
vn -0.569118 0.249584 -0.783462
vn -0.783420 0.249616 -0.569162
vn -0.783418 0.249616 -0.569165
vn -0.920918 0.249585 -0.299363
vn -0.920954 0.249584 -0.299253
vn -0.968376 0.249494 -0.000101
vn -0.968376 0.249494 0.000018
vn 0.000023 1.000000 -0.000232
vn 0.000023 1.000000 -0.000232
vn -1.000000 0.000000 0.000000
vn -1.000000 0.000000 0.000000
vn -0.000019 -1.000000 0.000224
vn -0.000019 -1.000000 0.000224
vn 1.000000 0.000000 0.000000
vn 1.000000 0.000000 0.000000
vn -0.169572 -0.759495 0.628023
vn -0.324192 -0.759472 0.564005
vn -0.000007 -0.759807 0.650149
vn 0.169548 -0.759561 0.627950
vn 0.324148 -0.759558 0.563914
vn 0.459708 -0.759828 0.459706
vn 0.563923 -0.759552 0.324148
vn 0.627963 -0.759550 0.169549
vn 0.650128 -0.759825 -0.000000
vn 0.627960 -0.759552 -0.169552
vn 0.563923 -0.759550 -0.324153
vn 0.459710 -0.759821 -0.459716
vn 0.324146 -0.759553 -0.563922
vn 0.169547 -0.759553 -0.627959
vn -0.000006 -0.759807 -0.650149
vn -0.169571 -0.759500 -0.628017
vn -0.324192 -0.759473 -0.564005
vn -0.459777 -0.759740 -0.459782
vn -0.564003 -0.759472 -0.324195
vn -0.628048 -0.759475 -0.169570
vn -0.650218 -0.759747 0.000002
vn -0.628048 -0.759474 0.169572
vn -0.564002 -0.759476 0.324188
vn -0.459772 -0.759745 0.459780
s off
g pCube3
usemtl initialShadingGroup
f 574/1033/941 575/1034/942 577/1035/943 576/1036/944
s 1
f 576/1036/945 577/1035/946 2213/1037/947 2214/1038/948
s off
f 578/1039/949 579/1040/950 581/1041/951 580/1042/952
s 2
f 2215/1043/953 2216/1044/954 575/1034/955 574/1033/956
s 3
f 575/1034/957 2216/1044/958 2213/1037/959 577/1035/960
s 4
f 2215/1043/961 574/1033/962 576/1036/963 2214/1038/964
s 5
f 635/1045/965 820/1046/966 821/1047/967 583/1048/968
f 709/1049/969 710/1050/970 711/1051/971 585/1052/972
f 651/1053/973 652/1054/974 653/1055/975 587/1056/976
f 618/1057/977 619/1058/978 620/1059/979 588/1060/980
f 605/1061/981 606/1062/982 607/1063/983 591/1064/984
f 598/1065/985 600/1066/986 601/1067/987 592/1068/988
f 596/1069/989 597/1070/990 593/1071/991 595/1072/992
f 582/1073/993 597/1070/990 596/1069/989 594/2895/994
f 599/1075/995 600/1066/986 598/1065/985 590/2894/996
f 594/2895/994 596/1069/989 600/1066/986 599/1075/995
f 601/1067/987 600/1066/986 596/1069/989 595/1072/992
f 602/1077/997 604/1078/998 603/1079/999 589/1080/1000
f 603/1079/999 604/1078/998 595/1072/992 593/1071/991
f 592/1068/988 601/1067/987 606/1062/982 605/1061/981
f 606/1062/982 601/1067/987 595/1072/992 604/1078/998
f 607/1063/983 606/1062/982 604/1078/998 602/1077/997
f 612/1081/1001 614/1082/1002 615/1083/1003 608/1084/1004
f 611/1085/1005 598/1065/985 592/1068/988 610/1086/1006
f 590/2894/996 598/1065/985 611/1085/1005 609/2892/1007
f 613/1088/1008 614/1082/1002 612/1081/1001 586/2891/1009
f 609/2892/1007 611/1085/1005 614/1082/1002 613/1088/1008
f 615/1083/1003 614/1082/1002 611/1085/1005 610/1086/1006
f 616/1090/1010 617/1091/1011 605/1061/981 591/1064/984
f 605/1061/981 617/1091/1011 610/1086/1006 592/1068/988
f 608/1084/1004 615/1083/1003 619/1058/978 618/1057/977
f 619/1058/978 615/1083/1003 610/1086/1006 617/1091/1011
f 620/1059/979 619/1058/978 617/1091/1011 616/1090/1010
f 621/1092/1012 637/1093/1013 638/1094/1014 639/1095/1015
f 627/1096/1016 628/1097/1017 629/1098/1018 623/1099/1019
f 622/1100/1020 624/1101/1021 626/1102/1022 625/1103/1023
f 625/1103/1023 626/1102/1022 602/1077/997 589/1080/1000
f 607/1063/983 628/1097/1017 627/1096/1016 591/1064/984
f 602/1077/997 626/1102/1022 628/1097/1017 607/1063/983
f 629/1098/1018 628/1097/1017 626/1102/1022 624/1101/1021
f 629/1098/1018 633/1104/1024 631/1105/1025 623/1099/1019
f 630/1106/1026 632/1107/1027 624/1101/1021 622/1100/1020
f 624/1101/1021 632/1107/1027 633/1104/1024 629/1098/1018
f 634/1108/1028 636/1109/1029 635/1045/965 583/1048/968
f 635/1045/965 636/1109/1029 632/1107/1027 630/1106/1026
f 633/1104/1024 638/1094/1014 637/1093/1013 631/1105/1025
f 636/1109/1029 638/1094/1014 633/1104/1024 632/1107/1027
f 639/1095/1015 638/1094/1014 636/1109/1029 634/1108/1028
f 643/1110/1030 644/1111/1031 645/1112/1032 640/1113/1033
f 641/1114/1034 642/1115/1035 627/1096/1016 623/1099/1019
f 627/1096/1016 642/1115/1035 616/1090/1010 591/1064/984
f 588/1060/980 620/1059/979 644/1111/1031 643/1110/1030
f 644/1111/1031 620/1059/979 616/1090/1010 642/1115/1035
f 645/1112/1032 644/1111/1031 642/1115/1035 641/1114/1034
f 640/1113/1033 645/1112/1032 648/1116/1036 646/1117/1037
f 647/1118/1038 641/1114/1034 623/1099/1019 631/1105/1025
f 648/1116/1036 645/1112/1032 641/1114/1034 647/1118/1038
f 649/1119/1039 650/1120/1040 637/1093/1013 621/1092/1012
f 637/1093/1013 650/1120/1040 647/1118/1038 631/1105/1025
f 646/1117/1037 648/1116/1036 652/1054/974 651/1053/973
f 652/1054/974 648/1116/1036 647/1118/1038 650/1120/1040
f 653/1055/975 652/1054/974 650/1120/1040 649/1119/1039
f 680/1121/1041 681/1122/1042 682/1123/1043 654/1124/1044
f 667/1125/1045 668/1126/1046 669/1127/1047 656/1128/1048
f 661/1129/1049 663/1130/1050 664/1131/1051 657/1132/1052
f 660/1133/1053 612/1081/1001 608/1084/1004 659/1134/1054
f 586/2891/1009 612/1081/1001 660/1133/1053 658/2889/1055
f 662/1136/1056 663/1130/1050 661/1129/1049 655/2888/1057
f 658/2889/1055 660/1133/1053 663/1130/1050 662/1136/1056
f 664/1131/1051 663/1130/1050 660/1133/1053 659/1134/1054
f 665/1138/1058 666/1139/1059 618/1057/977 588/1060/980
f 618/1057/977 666/1139/1059 659/1134/1054 608/1084/1004
f 657/1132/1052 664/1131/1051 668/1126/1046 667/1125/1045
f 668/1126/1046 664/1131/1051 659/1134/1054 666/1139/1059
f 669/1127/1047 668/1126/1046 666/1139/1059 665/1138/1058
f 674/1140/1060 676/1141/1061 677/1142/1062 670/1143/1063
f 673/1144/1064 661/1129/1049 657/1132/1052 672/1145/1065
f 655/2888/1057 661/1129/1049 673/1144/1064 671/2886/1066
f 675/1147/1067 676/1141/1061 674/1140/1060 584/2885/1068
f 671/2886/1066 673/1144/1064 676/1141/1061 675/1147/1067
f 677/1142/1062 676/1141/1061 673/1144/1064 672/1145/1065
f 678/1149/1069 679/1150/1070 667/1125/1045 656/1128/1048
f 667/1125/1045 679/1150/1070 672/1145/1065 657/1132/1052
f 670/1143/1063 677/1142/1062 681/1122/1042 680/1121/1041
f 681/1122/1042 677/1142/1062 672/1145/1065 679/1150/1070
f 682/1123/1043 681/1122/1042 679/1150/1070 678/1149/1069
f 683/1151/1071 695/1152/1072 696/1153/1073 697/1154/1074
f 687/1155/1075 688/1156/1076 689/1157/1077 684/1158/1078
f 640/1113/1033 685/1159/1079 686/1160/1080 643/1110/1030
f 643/1110/1030 686/1160/1080 665/1138/1058 588/1060/980
f 669/1127/1047 688/1156/1076 687/1155/1075 656/1128/1048
f 665/1138/1058 686/1160/1080 688/1156/1076 669/1127/1047
f 689/1157/1077 688/1156/1076 686/1160/1080 685/1159/1079
f 689/1157/1077 692/1161/1081 690/1162/1082 684/1158/1078
f 646/1117/1037 691/1163/1083 685/1159/1079 640/1113/1033
f 685/1159/1079 691/1163/1083 692/1161/1081 689/1157/1077
f 693/1164/1084 694/1165/1085 651/1053/973 587/1056/976
f 651/1053/973 694/1165/1085 691/1163/1083 646/1117/1037
f 692/1161/1081 696/1153/1073 695/1152/1072 690/1162/1082
f 694/1165/1085 696/1153/1073 692/1161/1081 691/1163/1083
f 697/1154/1074 696/1153/1073 694/1165/1085 693/1164/1084
f 701/1166/1086 702/1167/1087 703/1168/1088 698/1169/1089
f 699/1170/1090 700/1171/1091 687/1155/1075 684/1158/1078
f 687/1155/1075 700/1171/1091 678/1149/1069 656/1128/1048
f 654/1124/1044 682/1123/1043 702/1167/1087 701/1166/1086
f 702/1167/1087 682/1123/1043 678/1149/1069 700/1171/1091
f 703/1168/1088 702/1167/1087 700/1171/1091 699/1170/1090
f 698/1169/1089 703/1168/1088 706/1172/1092 704/1173/1093
f 705/1174/1094 699/1170/1090 684/1158/1078 690/1162/1082
f 706/1172/1092 703/1168/1088 699/1170/1090 705/1174/1094
f 707/1175/1095 708/1176/1096 695/1152/1072 683/1151/1071
f 695/1152/1072 708/1176/1096 705/1174/1094 690/1162/1082
f 704/1173/1093 706/1172/1092 710/1050/970 709/1049/969
f 710/1050/970 706/1172/1092 705/1174/1094 708/1176/1096
f 711/1051/971 710/1050/970 708/1176/1096 707/1175/1095
f 769/1177/1097 770/1178/1098 771/1179/1099 713/1180/1100
f 740/1181/1101 741/1182/1102 742/1183/1103 714/1184/1104
f 727/1185/1105 728/1186/1106 729/1187/1107 716/1188/1108
f 721/1189/1109 723/1190/1110 724/1191/1111 717/1192/1112
f 720/1193/1113 674/1140/1060 670/1143/1063 719/1194/1114
f 584/2885/1068 674/1140/1060 720/1193/1113 718/2883/1115
f 722/1196/1116 723/1190/1110 721/1189/1109 715/2882/1117
f 718/2883/1115 720/1193/1113 723/1190/1110 722/1196/1116
f 724/1191/1111 723/1190/1110 720/1193/1113 719/1194/1114
f 725/1198/1118 726/1199/1119 680/1121/1041 654/1124/1044
f 680/1121/1041 726/1199/1119 719/1194/1114 670/1143/1063
f 717/1192/1112 724/1191/1111 728/1186/1106 727/1185/1105
f 728/1186/1106 724/1191/1111 719/1194/1114 726/1199/1119
f 729/1187/1107 728/1186/1106 726/1199/1119 725/1198/1118
f 734/1200/1120 736/1201/1121 737/1202/1122 730/1203/1123
f 733/1204/1124 721/1189/1109 717/1192/1112 732/1205/1125
f 715/2882/1117 721/1189/1109 733/1204/1124 731/2880/1126
f 735/1207/1127 736/1201/1121 734/1200/1120 712/2879/1128
f 731/2880/1126 733/1204/1124 736/1201/1121 735/1207/1127
f 737/1202/1122 736/1201/1121 733/1204/1124 732/1205/1125
f 738/1209/1129 739/1210/1130 727/1185/1105 716/1188/1108
f 727/1185/1105 739/1210/1130 732/1205/1125 717/1192/1112
f 730/1203/1123 737/1202/1122 741/1182/1102 740/1181/1101
f 741/1182/1102 737/1202/1122 732/1205/1125 739/1210/1130
f 742/1183/1103 741/1182/1102 739/1210/1130 738/1209/1129
f 743/1211/1131 755/1212/1132 756/1213/1133 757/1214/1134
f 747/1215/1135 748/1216/1136 749/1217/1137 744/1218/1138
f 698/1169/1089 745/1219/1139 746/1220/1140 701/1166/1086
f 701/1166/1086 746/1220/1140 725/1198/1118 654/1124/1044
f 729/1187/1107 748/1216/1136 747/1215/1135 716/1188/1108
f 725/1198/1118 746/1220/1140 748/1216/1136 729/1187/1107
f 749/1217/1137 748/1216/1136 746/1220/1140 745/1219/1139
f 749/1217/1137 752/1221/1141 750/1222/1142 744/1218/1138
f 704/1173/1093 751/1223/1143 745/1219/1139 698/1169/1089
f 745/1219/1139 751/1223/1143 752/1221/1141 749/1217/1137
f 753/1224/1144 754/1225/1145 709/1049/969 585/1052/972
f 709/1049/969 754/1225/1145 751/1223/1143 704/1173/1093
f 752/1221/1141 756/1213/1133 755/1212/1132 750/1222/1142
f 754/1225/1145 756/1213/1133 752/1221/1141 751/1223/1143
f 757/1214/1134 756/1213/1133 754/1225/1145 753/1224/1144
f 761/1226/1146 762/1227/1147 763/1228/1148 758/1229/1149
f 759/1230/1150 760/1231/1151 747/1215/1135 744/1218/1138
f 747/1215/1135 760/1231/1151 738/1209/1129 716/1188/1108
f 714/1184/1104 742/1183/1103 762/1227/1147 761/1226/1146
f 762/1227/1147 742/1183/1103 738/1209/1129 760/1231/1151
f 763/1228/1148 762/1227/1147 760/1231/1151 759/1230/1150
f 758/1229/1149 763/1228/1148 766/1232/1152 764/1233/1153
f 765/1234/1154 759/1230/1150 744/1218/1138 750/1222/1142
f 766/1232/1152 763/1228/1148 759/1230/1150 765/1234/1154
f 767/1235/1155 768/1236/1156 755/1212/1132 743/1211/1131
f 755/1212/1132 768/1236/1156 765/1234/1154 750/1222/1142
f 764/1233/1153 766/1232/1152 770/1178/1098 769/1177/1097
f 770/1178/1098 766/1232/1152 765/1234/1154 768/1236/1156
f 771/1179/1099 770/1178/1098 768/1236/1156 767/1235/1155
f 603/1079/999 795/1237/1157 796/1238/1158 589/1080/1000
f 784/1239/1159 785/1240/1160 786/1241/1161 773/1242/1162
f 778/1243/1163 780/1244/1164 781/1245/1165 774/1246/1166
f 777/1247/1167 734/1200/1120 730/1203/1123 776/1248/1168
f 712/2879/1128 734/1200/1120 777/1247/1167 775/2877/1169
f 779/1250/1170 780/1244/1164 778/1243/1163 772/2876/1171
f 775/2877/1169 777/1247/1167 780/1244/1164 779/1250/1170
f 781/1245/1165 780/1244/1164 777/1247/1167 776/1248/1168
f 782/1252/1172 783/1253/1173 740/1181/1101 714/1184/1104
f 740/1181/1101 783/1253/1173 776/1248/1168 730/1203/1123
f 774/1246/1166 781/1245/1165 785/1240/1160 784/1239/1159
f 785/1240/1160 781/1245/1165 776/1248/1168 783/1253/1173
f 786/1241/1161 785/1240/1160 783/1253/1173 782/1252/1172
f 597/1070/990 791/1254/1174 792/1255/1175 593/1071/991
f 789/1256/1176 778/1243/1163 774/1246/1166 788/1257/1177
f 772/2876/1171 778/1243/1163 789/1256/1176 787/2873/1178
f 790/1259/1179 791/1254/1174 597/1070/990 582/1073/993
f 787/2873/1178 789/1256/1176 791/1254/1174 790/1259/1179
f 792/1255/1175 791/1254/1174 789/1256/1176 788/1257/1177
f 793/1260/1180 794/1261/1181 784/1239/1159 773/1242/1162
f 784/1239/1159 794/1261/1181 788/1257/1177 774/1246/1166
f 593/1071/991 792/1255/1175 795/1237/1157 603/1079/999
f 795/1237/1157 792/1255/1175 788/1257/1177 794/1261/1181
f 796/1238/1158 795/1237/1157 794/1261/1181 793/1260/1180
f 797/1262/1182 809/1263/1183 810/1264/1184 811/1265/1185
f 801/1266/1186 802/1267/1187 803/1268/1188 798/1269/1189
f 758/1229/1149 799/1270/1190 800/1271/1191 761/1226/1146
f 761/1226/1146 800/1271/1191 782/1252/1172 714/1184/1104
f 786/1241/1161 802/1267/1187 801/1266/1186 773/1242/1162
f 782/1252/1172 800/1271/1191 802/1267/1187 786/1241/1161
f 803/1268/1188 802/1267/1187 800/1271/1191 799/1270/1190
f 803/1268/1188 806/1272/1192 804/1273/1193 798/1269/1189
f 764/1233/1153 805/1274/1194 799/1270/1190 758/1229/1149
f 799/1270/1190 805/1274/1194 806/1272/1192 803/1268/1188
f 807/1275/1195 808/1276/1196 769/1177/1097 713/1180/1100
f 769/1177/1097 808/1276/1196 805/1274/1194 764/1233/1153
f 806/1272/1192 810/1264/1184 809/1263/1183 804/1273/1193
f 808/1276/1196 810/1264/1184 806/1272/1192 805/1274/1194
f 811/1265/1185 810/1264/1184 808/1276/1196 807/1275/1195
f 625/1103/1023 814/1277/1197 815/1278/1198 622/1100/1020
f 812/1279/1199 813/1280/1200 801/1266/1186 798/1269/1189
f 801/1266/1186 813/1280/1200 793/1260/1180 773/1242/1162
f 589/1080/1000 796/1238/1158 814/1277/1197 625/1103/1023
f 814/1277/1197 796/1238/1158 793/1260/1180 813/1280/1200
f 815/1278/1198 814/1277/1197 813/1280/1200 812/1279/1199
f 622/1100/1020 815/1278/1198 817/1281/1201 630/1106/1026
f 816/1282/1202 812/1279/1199 798/1269/1189 804/1273/1193
f 817/1281/1201 815/1278/1198 812/1279/1199 816/1282/1202
f 818/1283/1203 819/1284/1204 809/1263/1183 797/1262/1182
f 809/1263/1183 819/1284/1204 816/1282/1202 804/1273/1193
f 630/1106/1026 817/1281/1201 820/1046/966 635/1045/965
f 820/1046/966 817/1281/1201 816/1282/1202 819/1284/1204
f 821/1047/967 820/1046/966 819/1284/1204 818/1283/1203
s 29
f 832/1285/1205 582/2875/1206 790/2874/1207 893/1286/1208
f 859/1287/1209 584/1148/1210 675/2887/1211 860/1288/1212
f 842/1289/1213 586/1089/1214 613/2893/1215 843/1290/1216
f 834/1291/1217 590/1076/1218 599/2896/1219 835/1292/1220
f 830/2840/1221 825/1294/1222 2295/2867/1223 2296/2866/1224
f 822/2820/1225 828/1298/1226 2297/2865/1227 2298/2864/1228
f 828/1298/1226 830/2840/1221 2296/2866/1224 2297/2865/1227
f 594/1074/1229 582/2875/1206 832/1285/1205 833/1301/1230
f 832/1285/1205 827/1302/1231 829/1303/1232 833/1301/1230
f 826/1304/1233 834/1291/1217 835/1292/1220 831/1305/1234
f 835/1292/1220 833/1301/1230 829/1303/1232 831/1305/1234
f 599/2896/1219 594/1074/1229 833/1301/1230 835/1292/1220
f 839/2837/1235 824/1307/1236 2292/2870/1237 2293/2869/1238
f 825/1294/1222 837/1310/1239 2294/2868/1240 2295/2867/1223
f 837/1310/1239 839/2837/1235 2293/2869/1238 2294/2868/1240
f 609/1087/1241 590/1076/1218 834/1291/1217 841/1312/1242
f 834/1291/1217 826/1304/1233 838/1313/1243 841/1312/1242
f 836/1314/1244 842/1289/1213 843/1290/1216 840/1315/1245
f 843/1290/1216 841/1312/1242 838/1313/1243 840/1315/1245
f 613/2893/1215 609/1087/1241 841/1312/1242 843/1290/1216
f 851/1316/1246 655/1137/1247 662/2890/1248 852/1317/1249
f 848/2834/1250 844/1319/1251 2289/1320/1252 2290/2872/1253
f 824/1307/1236 846/1322/1254 2291/2871/1255 2292/2870/1237
f 846/1322/1254 848/2834/1250 2290/2872/1253 2291/2871/1255
f 658/1135/1256 586/1089/1214 842/1289/1213 850/1324/1257
f 842/1289/1213 836/1314/1244 847/1325/1258 850/1324/1257
f 845/1326/1259 851/1316/1246 852/1317/1249 849/1327/1260
f 852/1317/1249 850/1324/1257 847/1325/1258 849/1327/1260
f 662/2890/1248 658/1135/1256 850/1324/1257 852/1317/1249
f 856/2831/1261 823/1329/1262 2310/2859/1263 2311/2858/1264
f 844/1319/1251 854/1332/1265 2312/2856/1266 2289/1320/1252
f 854/1332/1265 856/2831/1261 2311/2858/1264 2312/2856/1266
f 671/1146/1267 655/1137/1247 851/1316/1246 858/1334/1268
f 851/1316/1246 845/1326/1259 855/1335/1269 858/1334/1268
f 853/1336/1270 859/1287/1209 860/1288/1212 857/1337/1271
f 860/1288/1212 858/1334/1268 855/1335/1269 857/1337/1271
f 675/2887/1211 671/1146/1267 858/1334/1268 860/1288/1212
f 877/1338/1272 712/1208/1273 735/2881/1274 878/1339/1275
f 869/1340/1276 715/1197/1277 722/2884/1278 870/1341/1279
f 866/2828/1280 862/1343/1281 2307/2772/1282 2308/2861/1283
f 823/1329/1262 864/1346/1284 2309/2860/1285 2310/2859/1263
f 864/1346/1284 866/2828/1280 2308/2861/1283 2309/2860/1285
f 718/1195/1286 584/1148/1210 859/1287/1209 868/1348/1287
f 859/1287/1209 853/1336/1270 865/1349/1288 868/1348/1287
f 863/1350/1289 869/1340/1276 870/1341/1279 867/1351/1290
f 870/1341/1279 868/1348/1287 865/1349/1288 867/1351/1290
f 722/2884/1278 718/1195/1286 868/1348/1287 870/1341/1279
f 874/2825/1291 861/1353/1292 2304/2775/1293 2305/2774/1294
f 862/1343/1281 872/1356/1295 2306/2773/1296 2307/2772/1282
f 872/1356/1295 874/2825/1291 2305/2774/1294 2306/2773/1296
f 731/1206/1297 715/1197/1277 869/1340/1276 876/1358/1298
f 869/1340/1276 863/1350/1289 873/1359/1299 876/1358/1298
f 871/1360/1300 877/1338/1272 878/1339/1275 875/1361/1301
f 878/1339/1275 876/1358/1298 873/1359/1299 875/1361/1301
f 735/2881/1274 731/1206/1297 876/1358/1298 878/1339/1275
f 886/1362/1302 772/1251/1303 779/2878/1304 887/1363/1305
f 883/2822/1306 879/1365/1307 2301/2778/1308 2302/2777/1309
f 861/1353/1292 881/1368/1310 2303/2776/1311 2304/2775/1293
f 881/1368/1310 883/2822/1306 2302/2777/1309 2303/2776/1311
f 775/1249/1312 712/1208/1273 877/1338/1272 885/1370/1313
f 877/1338/1272 871/1360/1300 882/1371/1314 885/1370/1313
f 880/1372/1315 886/1362/1302 887/1363/1305 884/1373/1316
f 887/1363/1305 885/1370/1313 882/1371/1314 884/1373/1316
f 779/2878/1304 775/1249/1312 885/1370/1313 887/1363/1305
f 890/2818/1317 822/2820/1225 2298/2864/1228 2299/2863/1318
f 879/1365/1307 888/1376/1319 2300/2862/1320 2301/2778/1308
f 888/1376/1319 890/2818/1317 2299/2863/1318 2300/2862/1320
f 787/1258/1321 772/1251/1303 886/1362/1302 892/1378/1322
f 886/1362/1302 880/1372/1315 889/1379/1323 892/1378/1322
f 827/1302/1231 832/1285/1205 893/1286/1208 891/1380/1324
f 893/1286/1208 892/1378/1322 889/1379/1323 891/1380/1324
f 790/2874/1207 787/1258/1321 892/1378/1322 893/1286/1208
s 44
f 904/1381/1325 965/1382/1326 2278/2843/1327 2279/2842/1328
f 931/1385/1329 932/1386/1330 2266/2855/1331 2267/2854/1332
f 914/1389/1333 915/1390/1334 2284/2784/1335 2285/2783/1336
f 906/1393/1337 907/1394/1338 2281/2787/1339 2282/2786/1340
f 2253/1397/1341 903/1398/1342 898/1399/1343 2252/1400/1344
f 2255/1401/1345 899/1402/1346 901/1403/1347 2254/1404/1348
f 2254/1404/1348 901/1403/1347 903/1398/1342 2253/1397/1341
f 2280/2841/1349 905/1406/1350 904/1381/1325 2279/2842/1328
f 904/1381/1325 905/1406/1350 901/1403/1347 899/1402/1346
f 898/1399/1343 903/1398/1342 907/1394/1338 906/1393/1337
f 907/1394/1338 903/1398/1342 901/1403/1347 905/1406/1350
f 2281/2787/1339 907/1394/1338 905/1406/1350 2280/2841/1349
f 2250/1407/1351 912/1408/1352 908/1409/1353 2249/1410/1354
f 2252/1400/1344 898/1399/1343 910/1411/1355 2251/1412/1356
f 2251/1412/1356 910/1411/1355 912/1408/1352 2250/1407/1351
f 2283/2785/1357 913/1414/1358 906/1393/1337 2282/2786/1340
f 906/1393/1337 913/1414/1358 910/1411/1355 898/1399/1343
f 908/1409/1353 912/1408/1352 915/1390/1334 914/1389/1333
f 915/1390/1334 912/1408/1352 910/1411/1355 913/1414/1358
f 2284/2784/1335 915/1390/1334 913/1414/1358 2283/2785/1357
f 923/1415/1359 924/1416/1360 2287/2781/1361 2288/2779/1362
f 2247/1419/1363 921/1420/1364 917/1421/1365 2246/1422/1366
f 2249/1410/1354 908/1409/1353 919/1423/1367 2248/1424/1368
f 2248/1424/1368 919/1423/1367 921/1420/1364 2247/1419/1363
f 2286/2782/1369 922/1426/1370 914/1389/1333 2285/2783/1336
f 914/1389/1333 922/1426/1370 919/1423/1367 908/1409/1353
f 917/1421/1365 921/1420/1364 924/1416/1360 923/1415/1359
f 924/1416/1360 921/1420/1364 919/1423/1367 922/1426/1370
f 2287/2781/1361 924/1416/1360 922/1426/1370 2286/2782/1369
f 2244/1427/1371 929/1428/1372 925/1429/1373 2243/1430/1374
f 2246/1422/1366 917/1421/1365 927/1431/1375 2245/1432/1376
f 2245/1432/1376 927/1431/1375 929/1428/1372 2244/1427/1371
f 2288/2779/1362 2265/1433/1377 930/1434/1378 923/1415/1359
f 923/1415/1359 930/1434/1378 927/1431/1375 917/1421/1365
f 925/1429/1373 929/1428/1372 932/1386/1330 931/1385/1329
f 932/1386/1330 929/1428/1372 927/1431/1375 930/1434/1378
f 2266/2855/1331 932/1386/1330 930/1434/1378 2265/1433/1377
f 949/1435/1379 950/1436/1380 2272/2849/1381 2273/2848/1382
f 941/1439/1383 942/1440/1384 2269/2852/1385 2270/2851/1386
f 2264/1443/1387 2241/1444/1388 939/1445/1389 935/1446/1390
f 2243/1430/1374 925/1429/1373 937/1447/1391 2242/1448/1392
f 2242/1448/1392 937/1447/1391 939/1445/1389 2241/1444/1388
f 2268/2853/1393 940/1450/1394 931/1385/1329 2267/2854/1332
f 931/1385/1329 940/1450/1394 937/1447/1391 925/1429/1373
f 935/1446/1390 939/1445/1389 942/1440/1384 941/1439/1383
f 942/1440/1384 939/1445/1389 937/1447/1391 940/1450/1394
f 2269/2852/1385 942/1440/1384 940/1450/1394 2268/2853/1393
f 2262/1451/1395 947/1452/1396 943/1453/1397 2261/1454/1398
f 2264/1443/1387 935/1446/1390 945/1455/1399 2263/1456/1400
f 2263/1456/1400 945/1455/1399 947/1452/1396 2262/1451/1395
f 2271/2850/1401 948/1458/1402 941/1439/1383 2270/2851/1386
f 941/1439/1383 948/1458/1402 945/1455/1399 935/1446/1390
f 943/1453/1397 947/1452/1396 950/1436/1380 949/1435/1379
f 950/1436/1380 947/1452/1396 945/1455/1399 948/1458/1402
f 2272/2849/1381 950/1436/1380 948/1458/1402 2271/2850/1401
f 958/1459/1403 959/1460/1404 2275/2846/1405 2276/2845/1406
f 2259/1463/1407 956/1464/1408 952/1465/1409 2258/1466/1410
f 2261/1454/1398 943/1453/1397 954/1467/1411 2260/1468/1412
f 2260/1468/1412 954/1467/1411 956/1464/1408 2259/1463/1407
f 2274/2847/1413 957/1470/1414 949/1435/1379 2273/2848/1382
f 949/1435/1379 957/1470/1414 954/1467/1411 943/1453/1397
f 952/1465/1409 956/1464/1408 959/1460/1404 958/1459/1403
f 959/1460/1404 956/1464/1408 954/1467/1411 957/1470/1414
f 2275/2846/1405 959/1460/1404 957/1470/1414 2274/2847/1413
f 2256/1471/1415 963/1472/1416 899/1402/1346 2255/1401/1345
f 2258/1466/1410 952/1465/1409 961/1473/1417 2257/1474/1418
f 2257/1474/1418 961/1473/1417 963/1472/1416 2256/1471/1415
f 2277/2844/1419 964/1476/1420 958/1459/1403 2276/2845/1406
f 958/1459/1403 964/1476/1420 961/1473/1417 952/1465/1409
f 899/1402/1346 963/1472/1416 965/1382/1326 904/1381/1325
f 965/1382/1326 963/1472/1416 961/1473/1417 964/1476/1420
f 2278/2843/1327 965/1382/1326 964/1476/1420 2277/2844/1419
f 1011/1477/1421 966/1478/1422 1181/1479/1423 1180/1480/1424
f 1080/1481/1425 967/1482/1426 1082/1483/1427 1081/1484/1428
f 1027/1485/1429 968/1486/1430 1029/1487/1431 1028/1488/1432
f 994/1489/1433 969/1490/1434 996/1491/1435 995/1492/1436
f 983/1493/1437 971/1494/1438 985/1495/1439 984/1496/1440
f 977/1497/1441 972/1498/1442 979/1499/1443 978/1500/1444
f 975/1501/1445 974/1502/1446 973/1503/1447 976/1504/1448
f 894/2796/1449 900/1506/1450 2232/1507/1451 2233/1508/1452
f 902/2816/1453 897/1510/1454 2230/1511/1455 2231/1512/1456
f 900/1506/1450 902/2816/1453 2231/1512/1456 2232/1507/1451
f 979/1499/1443 974/1502/1446 975/1501/1445 978/1500/1444
f 980/1513/1457 970/1514/1458 981/1515/1459 982/1516/1460
f 981/1515/1459 973/1503/1447 974/1502/1446 982/1516/1460
f 972/1498/1442 983/1493/1437 984/1496/1440 979/1499/1443
f 984/1496/1440 982/1516/1460 974/1502/1446 979/1499/1443
f 985/1495/1439 980/1513/1457 982/1516/1460 984/1496/1440
f 989/1517/1461 986/1518/1462 991/1519/1463 990/1520/1464
f 988/1521/1465 987/1522/1466 972/1498/1442 977/1497/1441
f 897/1510/1454 909/1523/1467 2229/1524/1468 2230/1511/1455
f 911/2813/1469 896/1526/1470 2227/1527/1471 2228/1528/1472
f 909/1523/1467 911/2813/1469 2228/1528/1472 2229/1524/1468
f 991/1519/1463 987/1522/1466 988/1521/1465 990/1520/1464
f 992/1529/1473 971/1494/1438 983/1493/1437 993/1530/1474
f 983/1493/1437 972/1498/1442 987/1522/1466 993/1530/1474
f 986/1518/1462 994/1489/1433 995/1492/1436 991/1519/1463
f 995/1492/1436 993/1530/1474 987/1522/1466 991/1519/1463
f 996/1491/1435 992/1529/1473 993/1530/1474 995/1492/1436
f 997/1531/1475 1015/1532/1476 1014/1533/1477 1013/1534/1478
f 1003/1535/1479 999/1536/1480 1005/1537/1481 1004/1538/1482
f 998/1539/1483 1001/1540/1484 1002/1541/1485 1000/1542/1486
f 1001/1540/1484 970/1514/1458 980/1513/1457 1002/1541/1485
f 985/1495/1439 971/1494/1438 1003/1535/1479 1004/1538/1482
f 980/1513/1457 985/1495/1439 1004/1538/1482 1002/1541/1485
f 1005/1537/1481 1000/1542/1486 1002/1541/1485 1004/1538/1482
f 1005/1537/1481 999/1536/1480 1007/1543/1487 1009/1544/1488
f 1006/1545/1489 998/1539/1483 1000/1542/1486 1008/1546/1490
f 1000/1542/1486 1005/1537/1481 1009/1544/1488 1008/1546/1490
f 1010/1547/1491 966/1478/1422 1011/1477/1421 1012/1548/1492
f 1011/1477/1421 1006/1545/1489 1008/1546/1490 1012/1548/1492
f 1009/1544/1488 1007/1543/1487 1013/1534/1478 1014/1533/1477
f 1012/1548/1492 1008/1546/1490 1009/1544/1488 1014/1533/1477
f 1015/1532/1476 1010/1547/1491 1012/1548/1492 1014/1533/1477
f 1019/1549/1493 1016/1550/1494 1021/1551/1495 1020/1552/1496
f 1017/1553/1497 999/1536/1480 1003/1535/1479 1018/1554/1498
f 1003/1535/1479 971/1494/1438 992/1529/1473 1018/1554/1498
f 969/1490/1434 1019/1549/1493 1020/1552/1496 996/1491/1435
f 1020/1552/1496 1018/1554/1498 992/1529/1473 996/1491/1435
f 1021/1551/1495 1017/1553/1497 1018/1554/1498 1020/1552/1496
f 1016/1550/1494 1022/1555/1499 1024/1556/1500 1021/1551/1495
f 1023/1557/1501 1007/1543/1487 999/1536/1480 1017/1553/1497
f 1024/1556/1500 1023/1557/1501 1017/1553/1497 1021/1551/1495
f 1025/1558/1502 997/1531/1475 1013/1534/1478 1026/1559/1503
f 1013/1534/1478 1007/1543/1487 1023/1557/1501 1026/1559/1503
f 1022/1555/1499 1027/1485/1429 1028/1488/1432 1024/1556/1500
f 1028/1488/1432 1026/1559/1503 1023/1557/1501 1024/1556/1500
f 1029/1487/1431 1025/1558/1502 1026/1559/1503 1028/1488/1432
f 1051/1560/1504 1030/1561/1505 1053/1562/1506 1052/1563/1507
f 1040/1564/1508 1031/1565/1509 1042/1566/1510 1041/1567/1511
f 1035/1568/1512 1032/1569/1513 1037/1570/1514 1036/1571/1515
f 1034/1572/1516 1033/1573/1517 986/1518/1462 989/1517/1461
f 896/1526/1470 918/1574/1518 2226/1575/1519 2227/1527/1471
f 920/2810/1520 916/1577/1521 2224/1578/1522 2225/1579/1523
f 918/1574/1518 920/2810/1520 2225/1579/1523 2226/1575/1519
f 1037/1570/1514 1033/1573/1517 1034/1572/1516 1036/1571/1515
f 1038/1580/1524 969/1490/1434 994/1489/1433 1039/1581/1525
f 994/1489/1433 986/1518/1462 1033/1573/1517 1039/1581/1525
f 1032/1569/1513 1040/1564/1508 1041/1567/1511 1037/1570/1514
f 1041/1567/1511 1039/1581/1525 1033/1573/1517 1037/1570/1514
f 1042/1566/1510 1038/1580/1524 1039/1581/1525 1041/1567/1511
f 1046/1582/1526 1043/1583/1527 1048/1584/1528 1047/1585/1529
f 1045/1586/1530 1044/1587/1531 1032/1569/1513 1035/1568/1512
f 916/1577/1521 926/1588/1532 2223/1589/1533 2224/1578/1522
f 928/2807/1534 895/1591/1535 2221/1592/1536 2222/1593/1537
f 926/1588/1532 928/2807/1534 2222/1593/1537 2223/1589/1533
f 1048/1584/1528 1044/1587/1531 1045/1586/1530 1047/1585/1529
f 1049/1594/1538 1031/1565/1509 1040/1564/1508 1050/1595/1539
f 1040/1564/1508 1032/1569/1513 1044/1587/1531 1050/1595/1539
f 1043/1583/1527 1051/1560/1504 1052/1563/1507 1048/1584/1528
f 1052/1563/1507 1050/1595/1539 1044/1587/1531 1048/1584/1528
f 1053/1562/1506 1049/1594/1538 1050/1595/1539 1052/1563/1507
f 1054/1596/1540 1068/1597/1541 1067/1598/1542 1066/1599/1543
f 1058/1600/1544 1055/1601/1545 1060/1602/1546 1059/1603/1547
f 1016/1550/1494 1019/1549/1493 1057/1604/1548 1056/1605/1549
f 1019/1549/1493 969/1490/1434 1038/1580/1524 1057/1604/1548
f 1042/1566/1510 1031/1565/1509 1058/1600/1544 1059/1603/1547
f 1038/1580/1524 1042/1566/1510 1059/1603/1547 1057/1604/1548
f 1060/1602/1546 1056/1605/1549 1057/1604/1548 1059/1603/1547
f 1060/1602/1546 1055/1601/1545 1061/1606/1550 1063/1607/1551
f 1022/1555/1499 1016/1550/1494 1056/1605/1549 1062/1608/1552
f 1056/1605/1549 1060/1602/1546 1063/1607/1551 1062/1608/1552
f 1064/1609/1553 968/1486/1430 1027/1485/1429 1065/1610/1554
f 1027/1485/1429 1022/1555/1499 1062/1608/1552 1065/1610/1554
f 1063/1607/1551 1061/1606/1550 1066/1599/1543 1067/1598/1542
f 1065/1610/1554 1062/1608/1552 1063/1607/1551 1067/1598/1542
f 1068/1597/1541 1064/1609/1553 1065/1610/1554 1067/1598/1542
f 1072/1611/1555 1069/1612/1556 1074/1613/1557 1073/1614/1558
f 1070/1615/1559 1055/1601/1545 1058/1600/1544 1071/1616/1560
f 1058/1600/1544 1031/1565/1509 1049/1594/1538 1071/1616/1560
f 1030/1561/1505 1072/1611/1555 1073/1614/1558 1053/1562/1506
f 1073/1614/1558 1071/1616/1560 1049/1594/1538 1053/1562/1506
f 1074/1613/1557 1070/1615/1559 1071/1616/1560 1073/1614/1558
f 1069/1612/1556 1075/1617/1561 1077/1618/1562 1074/1613/1557
f 1076/1619/1563 1061/1606/1550 1055/1601/1545 1070/1615/1559
f 1077/1618/1562 1076/1619/1563 1070/1615/1559 1074/1613/1557
f 1078/1620/1564 1054/1596/1540 1066/1599/1543 1079/1621/1565
f 1066/1599/1543 1061/1606/1550 1076/1619/1563 1079/1621/1565
f 1075/1617/1561 1080/1481/1425 1081/1484/1428 1077/1618/1562
f 1081/1484/1428 1079/1621/1565 1076/1619/1563 1077/1618/1562
f 1082/1483/1427 1078/1620/1564 1079/1621/1565 1081/1484/1428
f 1134/1622/1566 1083/1623/1567 1136/1624/1568 1135/1625/1569
f 1105/1626/1570 1084/1627/1571 1107/1628/1572 1106/1629/1573
f 1094/1630/1574 1085/1631/1575 1096/1632/1576 1095/1633/1577
f 1089/1634/1578 1086/1635/1579 1091/1636/1580 1090/1637/1581
f 1088/1638/1582 1087/1639/1583 1043/1583/1527 1046/1582/1526
f 895/1591/1535 936/1640/1584 2220/1641/1585 2221/1592/1536
f 938/2804/1586 934/1643/1587 2218/1644/1588 2219/1645/1589
f 936/1640/1584 938/2804/1586 2219/1645/1589 2220/1641/1585
f 1091/1636/1580 1087/1639/1583 1088/1638/1582 1090/1637/1581
f 1092/1646/1590 1030/1561/1505 1051/1560/1504 1093/1647/1591
f 1051/1560/1504 1043/1583/1527 1087/1639/1583 1093/1647/1591
f 1086/1635/1579 1094/1630/1574 1095/1633/1577 1091/1636/1580
f 1095/1633/1577 1093/1647/1591 1087/1639/1583 1091/1636/1580
f 1096/1632/1576 1092/1646/1590 1093/1647/1591 1095/1633/1577
f 1100/1648/1592 1097/1649/1593 1102/1650/1594 1101/1651/1595
f 1099/1652/1596 1098/1653/1597 1086/1635/1579 1089/1634/1578
f 934/1643/1587 944/1654/1598 2217/1655/1599 2218/1644/1588
f 946/2801/1600 933/1657/1601 2239/2790/1602 2240/2788/1603
f 944/1654/1598 946/2801/1600 2240/2788/1603 2217/1655/1599
f 1102/1650/1594 1098/1653/1597 1099/1652/1596 1101/1651/1595
f 1103/1660/1604 1085/1631/1575 1094/1630/1574 1104/1661/1605
f 1094/1630/1574 1086/1635/1579 1098/1653/1597 1104/1661/1605
f 1097/1649/1593 1105/1626/1570 1106/1629/1573 1102/1650/1594
f 1106/1629/1573 1104/1661/1605 1098/1653/1597 1102/1650/1594
f 1107/1628/1572 1103/1660/1604 1104/1661/1605 1106/1629/1573
f 1108/1662/1606 1122/1663/1607 1121/1664/1608 1120/1665/1609
f 1112/1666/1610 1109/1667/1611 1114/1668/1612 1113/1669/1613
f 1069/1612/1556 1072/1611/1555 1111/1670/1614 1110/1671/1615
f 1072/1611/1555 1030/1561/1505 1092/1646/1590 1111/1670/1614
f 1096/1632/1576 1085/1631/1575 1112/1666/1610 1113/1669/1613
f 1092/1646/1590 1096/1632/1576 1113/1669/1613 1111/1670/1614
f 1114/1668/1612 1110/1671/1615 1111/1670/1614 1113/1669/1613
f 1114/1668/1612 1109/1667/1611 1115/1672/1616 1117/1673/1617
f 1075/1617/1561 1069/1612/1556 1110/1671/1615 1116/1674/1618
f 1110/1671/1615 1114/1668/1612 1117/1673/1617 1116/1674/1618
f 1118/1675/1619 967/1482/1426 1080/1481/1425 1119/1676/1620
f 1080/1481/1425 1075/1617/1561 1116/1674/1618 1119/1676/1620
f 1117/1673/1617 1115/1672/1616 1120/1665/1609 1121/1664/1608
f 1119/1676/1620 1116/1674/1618 1117/1673/1617 1121/1664/1608
f 1122/1663/1607 1118/1675/1619 1119/1676/1620 1121/1664/1608
f 1126/1677/1621 1123/1678/1622 1128/1679/1623 1127/1680/1624
f 1124/1681/1625 1109/1667/1611 1112/1666/1610 1125/1682/1626
f 1112/1666/1610 1085/1631/1575 1103/1660/1604 1125/1682/1626
f 1084/1627/1571 1126/1677/1621 1127/1680/1624 1107/1628/1572
f 1127/1680/1624 1125/1682/1626 1103/1660/1604 1107/1628/1572
f 1128/1679/1623 1124/1681/1625 1125/1682/1626 1127/1680/1624
f 1123/1678/1622 1129/1683/1627 1131/1684/1628 1128/1679/1623
f 1130/1685/1629 1115/1672/1616 1109/1667/1611 1124/1681/1625
f 1131/1684/1628 1130/1685/1629 1124/1681/1625 1128/1679/1623
f 1132/1686/1630 1108/1662/1606 1120/1665/1609 1133/1687/1631
f 1120/1665/1609 1115/1672/1616 1130/1685/1629 1133/1687/1631
f 1129/1683/1627 1134/1622/1566 1135/1625/1569 1131/1684/1628
f 1135/1625/1569 1133/1687/1631 1130/1685/1629 1131/1684/1628
f 1136/1624/1568 1132/1686/1630 1133/1687/1631 1135/1625/1569
f 981/1515/1459 970/1514/1458 1156/1688/1632 1155/1689/1633
f 1146/1690/1634 1137/1691/1635 1148/1692/1636 1147/1693/1637
f 1141/1694/1638 1138/1695/1639 1143/1696/1640 1142/1697/1641
f 1140/1698/1642 1139/1699/1643 1097/1649/1593 1100/1648/1592
f 933/1657/1601 953/1700/1644 2238/2791/1645 2239/2790/1602
f 955/2798/1646 951/1703/1647 2236/1704/1648 2237/2792/1649
f 953/1700/1644 955/2798/1646 2237/2792/1649 2238/2791/1645
f 1143/1696/1640 1139/1699/1643 1140/1698/1642 1142/1697/1641
f 1144/1706/1650 1084/1627/1571 1105/1626/1570 1145/1707/1651
f 1105/1626/1570 1097/1649/1593 1139/1699/1643 1145/1707/1651
f 1138/1695/1639 1146/1690/1634 1147/1693/1637 1143/1696/1640
f 1147/1693/1637 1145/1707/1651 1139/1699/1643 1143/1696/1640
f 1148/1692/1636 1144/1706/1650 1145/1707/1651 1147/1693/1637
f 976/1504/1448 973/1503/1447 1152/1708/1652 1151/1709/1653
f 1150/1710/1654 1149/1711/1655 1138/1695/1639 1141/1694/1638
f 951/1703/1647 960/1712/1656 2235/1713/1657 2236/1704/1648
f 962/2794/1658 894/2796/1449 2233/1508/1452 2234/1715/1659
f 960/1712/1656 962/2794/1658 2234/1715/1659 2235/1713/1657
f 1152/1708/1652 1149/1711/1655 1150/1710/1654 1151/1709/1653
f 1153/1716/1660 1137/1691/1635 1146/1690/1634 1154/1717/1661
f 1146/1690/1634 1138/1695/1639 1149/1711/1655 1154/1717/1661
f 973/1503/1447 981/1515/1459 1155/1689/1633 1152/1708/1652
f 1155/1689/1633 1154/1717/1661 1149/1711/1655 1152/1708/1652
f 1156/1688/1632 1153/1716/1660 1154/1717/1661 1155/1689/1633
f 1157/1718/1662 1171/1719/1663 1170/1720/1664 1169/1721/1665
f 1161/1722/1666 1158/1723/1667 1163/1724/1668 1162/1725/1669
f 1123/1678/1622 1126/1677/1621 1160/1726/1670 1159/1727/1671
f 1126/1677/1621 1084/1627/1571 1144/1706/1650 1160/1726/1670
f 1148/1692/1636 1137/1691/1635 1161/1722/1666 1162/1725/1669
f 1144/1706/1650 1148/1692/1636 1162/1725/1669 1160/1726/1670
f 1163/1724/1668 1159/1727/1671 1160/1726/1670 1162/1725/1669
f 1163/1724/1668 1158/1723/1667 1164/1728/1672 1166/1729/1673
f 1129/1683/1627 1123/1678/1622 1159/1727/1671 1165/1730/1674
f 1159/1727/1671 1163/1724/1668 1166/1729/1673 1165/1730/1674
f 1167/1731/1675 1083/1623/1567 1134/1622/1566 1168/1732/1676
f 1134/1622/1566 1129/1683/1627 1165/1730/1674 1168/1732/1676
f 1166/1729/1673 1164/1728/1672 1169/1721/1665 1170/1720/1664
f 1168/1732/1676 1165/1730/1674 1166/1729/1673 1170/1720/1664
f 1171/1719/1663 1167/1731/1675 1168/1732/1676 1170/1720/1664
f 1001/1540/1484 998/1539/1483 1175/1733/1677 1174/1734/1678
f 1172/1735/1679 1158/1723/1667 1161/1722/1666 1173/1736/1680
f 1161/1722/1666 1137/1691/1635 1153/1716/1660 1173/1736/1680
f 970/1514/1458 1001/1540/1484 1174/1734/1678 1156/1688/1632
f 1174/1734/1678 1173/1736/1680 1153/1716/1660 1156/1688/1632
f 1175/1733/1677 1172/1735/1679 1173/1736/1680 1174/1734/1678
f 998/1539/1483 1006/1545/1489 1177/1737/1681 1175/1733/1677
f 1176/1738/1682 1164/1728/1672 1158/1723/1667 1172/1735/1679
f 1177/1737/1681 1176/1738/1682 1172/1735/1679 1175/1733/1677
f 1178/1739/1683 1157/1718/1662 1169/1721/1665 1179/1740/1684
f 1169/1721/1665 1164/1728/1672 1176/1738/1682 1179/1740/1684
f 1006/1545/1489 1011/1477/1421 1180/1480/1424 1177/1737/1681
f 1180/1480/1424 1179/1740/1684 1176/1738/1682 1177/1737/1681
f 1181/1479/1423 1178/1739/1683 1179/1740/1684 1180/1480/1424
s 91
f 2189/1741/1685 1244/3002/1686 1245/3004/1687 2188/1744/1688
f 1215/3006/1689 1216/1746/1690 1217/1747/1691 1185/1748/1692
f 1201/1749/1693 1202/1750/1694 1203/1751/1695 1187/1752/1696
f 1194/1753/1697 1196/1754/1698 1197/1755/1699 1189/1756/1700
f 1192/1757/1701 1193/1758/1702 1190/1759/1703 1188/1760/1704
f 1182/1761/1705 1191/2988/1706 1193/1758/1702 1192/1757/1701
f 2206/1763/1707 2207/1764/1708 1196/1754/1698 1194/1753/1697
f 1196/1754/1698 2207/1764/1708 2208/2987/1709 1195/2989/1710
f 1197/1755/1699 1196/1754/1698 1195/2989/1710 1183/2991/1711
f 1199/1768/1712 1200/1769/1713 1198/1770/1714 1186/1771/1715
f 1188/1760/1704 1190/1759/1703 1200/1769/1713 1199/1768/1712
f 2204/1772/1716 2205/1773/1717 1202/1750/1694 1201/1749/1693
f 1202/1750/1694 2205/1773/1717 2206/1763/1707 1194/1753/1697
f 1203/1751/1695 1202/1750/1694 1194/1753/1697 1189/1756/1700
f 1209/1774/1718 1210/1775/1719 1211/1776/1720 1205/1777/1721
f 1207/1778/1722 1208/1779/1723 1206/1780/1724 1204/1781/1725
f 1186/1771/1715 1198/1770/1714 1208/1779/1723 1207/1778/1722
f 2202/1782/1726 2203/1783/1727 1210/1775/1719 1209/1774/1718
f 1210/1775/1719 2203/1783/1727 2204/1772/1716 1201/1749/1693
f 1211/1776/1720 1210/1775/1719 1201/1749/1693 1187/1752/1696
f 1213/1784/1728 1214/1785/1729 1212/3007/1730 1184/3008/1731
f 1204/1781/1725 1206/1780/1724 1214/1785/1729 1213/1784/1728
f 2200/1788/1732 2201/1789/1733 1216/1746/1690 1215/3006/1689
f 1216/1746/1690 2201/1789/1733 2202/1782/1726 1209/1774/1718
f 1217/1747/1691 1216/1746/1690 1209/1774/1718 1205/1777/1721
f 1231/1790/1734 1232/1791/1735 1233/1792/1736 1219/1793/1737
f 1225/1794/1738 1226/1795/1739 1227/1796/1740 1221/1797/1741
f 1223/1798/1742 1224/1799/1743 1222/1800/1744 1220/1801/1745
f 1184/1787/1731 1212/1786/1730 1224/1799/1743 1223/1798/1742
f 2198/1802/1746 2199/1803/1747 1226/1795/1739 1225/1794/1738
f 1226/1795/1739 2199/1803/1747 2200/3005/1732 1215/1745/1689
f 1227/1796/1740 1226/1795/1739 1215/1745/1689 1185/3009/1692
f 1229/1804/1748 1230/1805/1749 1228/1806/1750 1218/1807/1751
f 1220/1801/1745 1222/1800/1744 1230/1805/1749 1229/1804/1748
f 2196/1808/1752 2197/1809/1753 1232/1791/1735 1231/1790/1734
f 1232/1791/1735 2197/1809/1753 2198/1802/1746 1225/1794/1738
f 1233/1792/1736 1232/1791/1735 1225/1794/1738 1221/1797/1741
f 1239/1810/1754 1240/1811/1755 1241/1812/1756 1235/1813/1757
f 1237/1814/1758 1238/1815/1759 1236/1816/1760 1234/1817/1761
f 1218/1807/1751 1228/1806/1750 1238/1815/1759 1237/1814/1758
f 2194/1818/1762 2195/1819/1763 1240/1811/1755 1239/1810/1754
f 1240/1811/1755 2195/1819/1763 2196/1808/1752 1231/1790/1734
f 1241/1812/1756 1240/1811/1755 1231/1790/1734 1219/1793/1737
f 1242/1820/1764 1243/3001/1765 2190/1822/1766 2191/1823/1767
f 1234/1817/1761 1236/1816/1760 1243/1821/1765 1242/3003/1764
f 2192/1824/1768 2193/3000/1769 1244/3002/1686 2189/1741/1685
f 1244/1742/1686 2193/1825/1769 2194/1818/1762 1239/1810/1754
f 1245/1743/1687 1244/1742/1686 1239/1810/1754 1235/1813/1757
s 100
f 1259/1826/1770 1308/1827/1771 1309/1828/1772 1247/1829/1773
f 1279/1830/1774 1280/1831/1775 1281/1832/1776 1249/1833/1777
f 1265/1834/1778 1266/1835/1779 1267/1836/1780 1251/1837/1781
f 1258/1838/1782 1260/1839/1783 1261/1840/1784 1253/1841/1785
f 1256/1842/1786 1257/1843/1787 1254/1844/1788 1252/1845/1789
f 1246/1846/1790 1255/1847/1791 1257/1843/1787 1256/1842/1786
f 1254/1844/1788 1257/1843/1787 1260/1839/1783 1258/1838/1782
f 1260/1839/1783 1257/1843/1787 1255/1847/1791 1259/1826/1770
f 1261/1840/1784 1260/1839/1783 1259/1826/1770 1247/1829/1773
f 1263/1848/1792 1264/1849/1793 1262/1850/1794 1250/1851/1795
f 1252/1845/1789 1254/1844/1788 1264/1849/1793 1263/1848/1792
f 1262/1850/1794 1264/1849/1793 1266/1835/1779 1265/1834/1778
f 1266/1835/1779 1264/1849/1793 1254/1844/1788 1258/1838/1782
f 1267/1836/1780 1266/1835/1779 1258/1838/1782 1253/1841/1785
f 1273/1852/1796 1274/1853/1797 1275/1854/1798 1269/1855/1799
f 1271/1856/1800 1272/1857/1801 1270/1858/1802 1268/1859/1803
f 1250/1851/1795 1262/1850/1794 1272/1857/1801 1271/1856/1800
f 1270/1858/1802 1272/1857/1801 1274/1853/1797 1273/1852/1796
f 1274/1853/1797 1272/1857/1801 1262/1850/1794 1265/1834/1778
f 1275/1854/1798 1274/1853/1797 1265/1834/1778 1251/1837/1781
f 1277/1860/1804 1278/1861/1805 1276/1862/1806 1248/1863/1807
f 1268/1859/1803 1270/1858/1802 1278/1861/1805 1277/1860/1804
f 1276/1862/1806 1278/1861/1805 1280/1831/1775 1279/1830/1774
f 1280/1831/1775 1278/1861/1805 1270/1858/1802 1273/1852/1796
f 1281/1832/1776 1280/1831/1775 1273/1852/1796 1269/1855/1799
f 1295/1864/1808 1296/1865/1809 1297/1866/1810 1283/1867/1811
f 1289/1868/1812 1290/1869/1813 1291/1870/1814 1285/1871/1815
f 1287/1872/1816 1288/1873/1817 1286/1874/1818 1284/1875/1819
f 1248/1863/1807 1276/1862/1806 1288/1873/1817 1287/1872/1816
f 1286/1874/1818 1288/1873/1817 1290/1869/1813 1289/1868/1812
f 1290/1869/1813 1288/1873/1817 1276/1862/1806 1279/1830/1774
f 1291/1870/1814 1290/1869/1813 1279/1830/1774 1249/1833/1777
f 1293/1876/1820 1294/1877/1821 1292/1878/1822 1282/1879/1823
f 1284/1875/1819 1286/1874/1818 1294/1877/1821 1293/1876/1820
f 1292/1878/1822 1294/1877/1821 1296/1865/1809 1295/1864/1808
f 1296/1865/1809 1294/1877/1821 1286/1874/1818 1289/1868/1812
f 1297/1866/1810 1296/1865/1809 1289/1868/1812 1285/1871/1815
f 1303/1880/1824 1304/1881/1825 1305/1882/1826 1299/1883/1827
f 1301/1884/1828 1302/1885/1829 1300/1886/1830 1298/1887/1831
f 1282/1879/1823 1292/1878/1822 1302/1885/1829 1301/1884/1828
f 1300/1886/1830 1302/1885/1829 1304/1881/1825 1303/1880/1824
f 1304/1881/1825 1302/1885/1829 1292/1878/1822 1295/1864/1808
f 1305/1882/1826 1304/1881/1825 1295/1864/1808 1283/1867/1811
f 1306/1888/1832 1307/1889/1833 1255/1847/1791 1246/1846/1790
f 1298/1887/1831 1300/1886/1830 1307/1889/1833 1306/1888/1832
f 1255/1847/1791 1307/1889/1833 1308/1827/1771 1259/1826/1770
f 1308/1827/1771 1307/1889/1833 1300/1886/1830 1303/1880/1824
f 1309/1828/1772 1308/1827/1771 1303/1880/1824 1299/1883/1827
s 109
f 1323/1890/1834 1311/3013/1835 1373/1892/1836 1372/1893/1837
f 1343/1894/1838 1313/1895/1839 1345/1896/1840 1344/1897/1841
f 1329/1898/1842 1315/1899/1843 1331/1900/1844 1330/2992/1845
f 1322/1902/1846 1317/1903/1847 2209/1904/1848 2210/1905/1849
f 2212/1906/1850 1316/1907/1851 1318/1908/1852 2211/1909/1853
f 1310/3012/1854 1320/1911/1855 1321/1912/1856 1319/3011/1857
f 1318/1908/1852 1322/1902/1846 2210/1905/1849 2211/1909/1853
f 1324/1914/1858 1323/3010/1834 1319/3011/1857 1321/1912/1856
f 1325/1915/1859 1311/1891/1835 1323/3010/1834 1324/1914/1858
f 1327/2994/1860 1314/1917/1861 1326/1918/1862 1328/1919/1863
f 1316/1907/1851 1327/1916/1860 1328/2993/1863 1318/1908/1852
f 1326/1918/1862 1329/1898/1842 1330/2992/1845 1328/1919/1863
f 1330/1901/1845 1322/1902/1846 1318/1908/1852 1328/2993/1863
f 1331/2995/1844 1317/1903/1847 1322/1902/1846 1330/1901/1845
f 1337/1920/1864 1333/1921/1865 1339/1922/1866 1338/1923/1867
f 1335/1924/1868 1332/1925/1869 1334/1926/1870 1336/1927/1871
f 1314/1917/1861 1335/1924/1868 1336/1927/1871 1326/1918/1862
f 1334/1926/1870 1337/1920/1864 1338/1923/1867 1336/1927/1871
f 1338/1923/1867 1329/1898/1842 1326/1918/1862 1336/1927/1871
f 1339/1922/1866 1315/1899/1843 1329/1898/1842 1338/1923/1867
f 1341/1928/1872 1312/1929/1873 1340/1930/1874 1342/1931/1875
f 1332/1925/1869 1341/1928/1872 1342/1931/1875 1334/1926/1870
f 1340/1930/1874 1343/1894/1838 1344/1897/1841 1342/1931/1875
f 1344/1897/1841 1337/1920/1864 1334/1926/1870 1342/1931/1875
f 1345/1896/1840 1333/1921/1865 1337/1920/1864 1344/1897/1841
f 1359/1932/1876 1347/1933/1877 1361/1934/1878 1360/1935/1879
f 1353/1936/1880 1349/1937/1881 1355/1938/1882 1354/1939/1883
f 1351/1940/1884 1348/1941/1885 1350/1942/1886 1352/1943/1887
f 1312/1929/1873 1351/1940/1884 1352/1943/1887 1340/1930/1874
f 1350/1942/1886 1353/1936/1880 1354/1939/1883 1352/1943/1887
f 1354/1939/1883 1343/1894/1838 1340/1930/1874 1352/1943/1887
f 1355/1938/1882 1313/1895/1839 1343/1894/1838 1354/1939/1883
f 1357/1944/1888 1346/1945/1889 1356/1946/1890 1358/1947/1891
f 1348/1941/1885 1357/1944/1888 1358/1947/1891 1350/1942/1886
f 1356/1946/1890 1359/1932/1876 1360/1935/1879 1358/1947/1891
f 1360/1935/1879 1353/1936/1880 1350/1942/1886 1358/1947/1891
f 1361/1934/1878 1349/1937/1881 1353/1936/1880 1360/1935/1879
f 1367/1948/1892 1363/1949/1893 1369/1950/1894 1368/2996/1895
f 1365/2998/1896 1362/1953/1897 1364/1954/1898 1366/1955/1899
f 1346/1945/1889 1365/1952/1896 1366/2997/1899 1356/1946/1890
f 1364/1954/1898 1367/1948/1892 1368/2996/1895 1366/1955/1899
f 1368/1951/1895 1359/1932/1876 1356/1946/1890 1366/2997/1899
f 1369/2999/1894 1347/1933/1877 1359/1932/1876 1368/1951/1895
f 1370/1956/1900 1310/1910/1854 1319/1913/1857 1371/1957/1901
f 1362/1953/1897 1370/1956/1900 1371/1957/1901 1364/1954/1898
f 1319/1913/1857 1323/1890/1834 1372/1893/1837 1371/1957/1901
f 1372/1893/1837 1367/1948/1892 1364/1954/1898 1371/1957/1901
f 1373/1892/1836 1363/1949/1893 1367/1948/1892 1372/1893/1837
s 120
f 1540/1958/1902 1541/1959/1903 1399/1960/1904 1375/1961/1905
f 1462/1962/1906 1463/1963/1907 1464/1964/1908 1376/1965/1909
f 1422/1966/1910 1423/1967/1911 1424/1968/1912 1378/1969/1913
f 1403/1970/1914 1404/1971/1915 1405/1972/1916 1380/1973/1917
f 1393/1974/1918 1394/1975/1919 1395/1976/1920 1383/1977/1921
f 1388/1978/1922 1389/1979/1923 1384/1980/1924 1382/1981/1925
f 1374/2951/1926 1385/2974/1927 1387/1984/1928 1386/1985/1929
f 1386/1985/1929 1387/1984/1928 1389/1979/1923 1388/1978/1922
f 1390/1986/1930 1392/1987/1931 1391/2973/1932 1381/2972/1933
f 1391/2973/1932 1392/1987/1931 1387/1984/1928 1385/2974/1927
f 1384/1980/1924 1389/1979/1923 1394/1975/1919 1393/1974/1918
f 1394/1975/1919 1389/1979/1923 1387/1984/1928 1392/1987/1931
f 1395/1976/1920 1394/1975/1919 1392/1987/1931 1390/1986/1930
f 1399/1960/1904 1400/1990/1934 1396/1991/1935 1375/1961/1905
f 1382/1981/1925 1384/1980/1924 1398/1992/1936 1397/1993/1937
f 1397/1993/1937 1398/1992/1936 1400/1990/1934 1399/1960/1904
f 1401/1994/1938 1402/1995/1939 1393/1974/1918 1383/1977/1921
f 1393/1974/1918 1402/1995/1939 1398/1992/1936 1384/1980/1924
f 1396/1991/1935 1400/1990/1934 1404/1971/1915 1403/1970/1914
f 1404/1971/1915 1400/1990/1934 1398/1992/1936 1402/1995/1939
f 1405/1972/1916 1404/1971/1915 1402/1995/1939 1401/1994/1938
f 1406/1996/1940 1414/1997/1941 1415/1998/1942 1416/1999/1943
f 1395/1976/1920 1410/2000/1944 1408/2001/1945 1383/1977/1921
f 1407/2971/1946 1409/2003/1947 1390/1986/1930 1381/2972/1933
f 1390/1986/1930 1409/2003/1947 1410/2000/1944 1395/1976/1920
f 1411/2004/1948 1413/2005/1949 1412/2970/1950 1379/2969/1951
f 1412/2970/1950 1413/2005/1949 1409/2003/1947 1407/2971/1946
f 1410/2000/1944 1415/1998/1942 1414/1997/1941 1408/2001/1945
f 1413/2005/1949 1415/1998/1942 1410/2000/1944 1409/2003/1947
f 1416/1999/1943 1415/1998/1942 1413/2005/1949 1411/2004/1948
f 1380/1973/1917 1405/1972/1916 1419/2008/1952 1417/2009/1953
f 1418/2010/1954 1401/1994/1938 1383/1977/1921 1408/2001/1945
f 1419/2008/1952 1405/1972/1916 1401/1994/1938 1418/2010/1954
f 1420/2011/1955 1421/2012/1956 1414/1997/1941 1406/1996/1940
f 1414/1997/1941 1421/2012/1956 1418/2010/1954 1408/2001/1945
f 1417/2009/1953 1419/2008/1952 1423/1967/1911 1422/1966/1910
f 1423/1967/1911 1419/2008/1952 1418/2010/1954 1421/2012/1956
f 1424/1968/1912 1423/1967/1911 1421/2012/1956 1420/2011/1955
f 1443/2013/1957 1444/2014/1958 1445/2920/1959 1425/2925/1960
f 1427/2922/1961 1435/2018/1962 1436/2019/1963 1437/2923/1964
f 1416/1999/1943 1431/2021/1965 1429/2022/1966 1406/1996/1940
f 1428/2968/1967 1430/2024/1968 1411/2004/1948 1379/2969/1951
f 1411/2004/1948 1430/2024/1968 1431/2021/1965 1416/1999/1943
f 1432/2924/1969 1434/2026/1970 1433/2967/1971 1426/2965/1972
f 1433/2967/1971 1434/2026/1970 1430/2024/1968 1428/2968/1967
f 1431/2021/1965 1436/2019/1963 1435/2018/1962 1429/2022/1966
f 1434/2026/1970 1436/2019/1963 1431/2021/1965 1430/2024/1968
f 1437/2923/1964 1436/2019/1963 1434/2026/1970 1432/2924/1969
f 1378/1969/1913 1424/1968/1912 1440/2029/1973 1438/2030/1974
f 1439/2031/1975 1420/2011/1955 1406/1996/1940 1429/2022/1966
f 1440/2029/1973 1424/1968/1912 1420/2011/1955 1439/2031/1975
f 1441/2921/1976 1442/2033/1977 1435/2018/1962 1427/2922/1961
f 1435/2018/1962 1442/2033/1977 1439/2031/1975 1429/2022/1966
f 1438/2030/1974 1440/2029/1973 1444/2014/1958 1443/2013/1957
f 1444/2014/1958 1440/2029/1973 1439/2031/1975 1442/2033/1977
f 1445/2920/1959 1444/2014/1958 1442/2033/1977 1441/2921/1976
f 1446/2034/1978 1454/2035/1979 1455/2036/1980 1456/2037/1981
f 1437/2020/1964 1450/2038/1982 1448/2039/1983 1427/2017/1961
f 1447/2964/1984 1449/2041/1985 1432/2025/1969 1426/2919/1972
f 1432/2025/1969 1449/2041/1985 1450/2038/1982 1437/2020/1964
f 1451/2042/1986 1453/2043/1987 1452/2963/1988 1377/2962/1989
f 1452/2963/1988 1453/2043/1987 1449/2041/1985 1447/2964/1984
f 1450/2038/1982 1455/2036/1980 1454/2035/1979 1448/2039/1983
f 1453/2043/1987 1455/2036/1980 1450/2038/1982 1449/2041/1985
f 1456/2037/1981 1455/2036/1980 1453/2043/1987 1451/2042/1986
f 1425/2016/1960 1445/2015/1959 1459/2046/1990 1457/2047/1991
f 1458/2048/1992 1441/2032/1976 1427/2017/1961 1448/2039/1983
f 1459/2046/1990 1445/2015/1959 1441/2032/1976 1458/2048/1992
f 1460/2049/1993 1461/2050/1994 1454/2035/1979 1446/2034/1978
f 1454/2035/1979 1461/2050/1994 1458/2048/1992 1448/2039/1983
f 1457/2047/1991 1459/2046/1990 1463/1963/1907 1462/1962/1906
f 1463/1963/1907 1459/2046/1990 1458/2048/1992 1461/2050/1994
f 1464/1964/1908 1463/1963/1907 1461/2050/1994 1460/2049/1993
f 1504/2051/1995 1505/2052/1996 1506/2053/1997 1465/2054/1998
f 1485/2055/1999 1486/2056/2000 1487/2057/2001 1467/2058/2002
f 1469/2059/2003 1477/2060/2004 1478/2061/2005 1479/2062/2006
f 1456/2037/1981 1473/2063/2007 1471/2064/2008 1446/2034/1978
f 1470/2961/2009 1472/2066/2010 1451/2042/1986 1377/2962/1989
f 1451/2042/1986 1472/2066/2010 1473/2063/2007 1456/2037/1981
f 1474/2067/2011 1476/2068/2012 1475/2960/2013 1468/2959/2014
f 1475/2960/2013 1476/2068/2012 1472/2066/2010 1470/2961/2009
f 1473/2063/2007 1478/2061/2005 1477/2060/2004 1471/2064/2008
f 1476/2068/2012 1478/2061/2005 1473/2063/2007 1472/2066/2010
f 1479/2062/2006 1478/2061/2005 1476/2068/2012 1474/2067/2011
f 1376/1965/1909 1464/1964/1908 1482/2071/2015 1480/2072/2016
f 1481/2073/2017 1460/2049/1993 1446/2034/1978 1471/2064/2008
f 1482/2071/2015 1464/1964/1908 1460/2049/1993 1481/2073/2017
f 1483/2074/2018 1484/2075/2019 1477/2060/2004 1469/2059/2003
f 1477/2060/2004 1484/2075/2019 1481/2073/2017 1471/2064/2008
f 1480/2072/2016 1482/2071/2015 1486/2056/2000 1485/2055/1999
f 1486/2056/2000 1482/2071/2015 1481/2073/2017 1484/2075/2019
f 1487/2057/2001 1486/2056/2000 1484/2075/2019 1483/2074/2018
f 1488/2076/2020 1496/2077/2021 1497/2078/2022 1498/2079/2023
f 1479/2062/2006 1492/2080/2024 1490/2081/2025 1469/2059/2003
f 1489/2958/2026 1491/2083/2027 1474/2067/2011 1468/2959/2014
f 1474/2067/2011 1491/2083/2027 1492/2080/2024 1479/2062/2006
f 1493/2084/2028 1495/2085/2029 1494/2957/2030 1466/2956/2031
f 1494/2957/2030 1495/2085/2029 1491/2083/2027 1489/2958/2026
f 1492/2080/2024 1497/2078/2022 1496/2077/2021 1490/2081/2025
f 1495/2085/2029 1497/2078/2022 1492/2080/2024 1491/2083/2027
f 1498/2079/2023 1497/2078/2022 1495/2085/2029 1493/2084/2028
f 1467/2058/2002 1487/2057/2001 1501/2088/2032 1499/2089/2033
f 1500/2090/2034 1483/2074/2018 1469/2059/2003 1490/2081/2025
f 1501/2088/2032 1487/2057/2001 1483/2074/2018 1500/2090/2034
f 1502/2091/2035 1503/2092/2036 1496/2077/2021 1488/2076/2020
f 1496/2077/2021 1503/2092/2036 1500/2090/2034 1490/2081/2025
f 1499/2089/2033 1501/2088/2032 1505/2052/1996 1504/2051/1995
f 1505/2052/1996 1501/2088/2032 1500/2090/2034 1503/2092/2036
f 1506/2053/1997 1505/2052/1996 1503/2092/2036 1502/2091/2035
f 1525/2093/2037 1526/2929/2038 1527/2095/2039 1507/2096/2040
f 1509/2097/2041 1517/2098/2042 1518/2932/2043 1519/2100/2044
f 1498/2079/2023 1513/2101/2045 1511/2102/2046 1488/2076/2020
f 1510/2955/2047 1512/2104/2048 1493/2084/2028 1466/2956/2031
f 1493/2084/2028 1512/2104/2048 1513/2101/2045 1498/2079/2023
f 1514/2105/2049 1516/2106/2050 1515/2928/2051 1508/2952/2052
f 1515/2953/2051 1516/2933/2050 1512/2104/2048 1510/2955/2047
f 1513/2101/2045 1518/2099/2043 1517/2931/2042 1511/2102/2046
f 1516/2933/2050 1518/2099/2043 1513/2101/2045 1512/2104/2048
f 1519/2100/2044 1518/2932/2043 1516/2106/2050 1514/2105/2049
f 1465/2054/1998 1506/2053/1997 1522/2109/2053 1520/2110/2054
f 1521/2111/2055 1502/2091/2035 1488/2076/2020 1511/2102/2046
f 1522/2109/2053 1506/2053/1997 1502/2091/2035 1521/2111/2055
f 1523/2112/2056 1524/2113/2057 1517/2098/2042 1509/2097/2041
f 1517/2931/2042 1524/2930/2057 1521/2111/2055 1511/2102/2046
f 1520/2110/2054 1522/2109/2053 1526/2094/2038 1525/2934/2037
f 1526/2094/2038 1522/2109/2053 1521/2111/2055 1524/2930/2057
f 1527/2095/2039 1526/2929/2038 1524/2113/2057 1523/2112/2056
f 1382/1981/1925 1534/2114/2058 1535/2115/2059 1388/1978/1922
f 1519/2100/2044 1531/2116/2060 1529/2117/2061 1509/2097/2041
f 1528/2950/2062 1530/2119/2063 1514/2105/2049 1508/2952/2052
f 1514/2105/2049 1530/2119/2063 1531/2116/2060 1519/2100/2044
f 1386/1985/1929 1533/2120/2064 1532/2949/2065 1374/2951/1926
f 1532/2949/2065 1533/2120/2064 1530/2119/2063 1528/2950/2062
f 1531/2116/2060 1535/2115/2059 1534/2114/2058 1529/2117/2061
f 1533/2120/2064 1535/2115/2059 1531/2116/2060 1530/2119/2063
f 1388/1978/1922 1535/2115/2059 1533/2120/2064 1386/1985/1929
f 1507/2096/2040 1527/2095/2039 1538/2122/2066 1536/2123/2067
f 1537/2124/2068 1523/2112/2056 1509/2097/2041 1529/2117/2061
f 1538/2122/2066 1527/2095/2039 1523/2112/2056 1537/2124/2068
f 1397/1993/1937 1539/2125/2069 1534/2114/2058 1382/1981/1925
f 1534/2114/2058 1539/2125/2069 1537/2124/2068 1529/2117/2061
f 1536/2123/2067 1538/2122/2066 1541/1959/1903 1540/1958/1902
f 1541/1959/1903 1538/2122/2066 1537/2124/2068 1539/2125/2069
f 1399/1960/1904 1541/1959/1903 1539/2125/2069 1397/1993/1937
s off
f 1385/1983/2070 1374/1982/2071 1543/2937/2072 1542/2948/2073
f 1381/1989/2074 1391/1988/2075 1545/2947/2076 1544/2946/2077
f 1391/1988/2078 1385/1983/2079 1542/2948/2080 1545/2947/2081
f 1407/2002/2082 1381/1989/2083 1544/2946/2084 1546/2945/2085
f 1379/2007/2086 1412/2006/2087 1548/2944/2088 1547/2943/2089
f 1412/2006/2090 1407/2002/2091 1546/2945/2092 1548/2944/2093
f 1428/2023/2094 1379/2007/2095 1547/2943/2096 1549/2941/2097
f 1426/2028/2098 1433/2027/2099 1551/2940/2100 1550/2942/2101
f 1433/2027/2102 1428/2023/2103 1549/2941/2104 1551/2940/2105
f 1447/2040/2106 1426/2966/2107 1550/2917/2108 1552/2985/2109
f 1377/2045/2110 1452/2044/2111 1554/2984/2112 1553/2983/2113
f 1452/2044/2114 1447/2040/2115 1552/2985/2116 1554/2984/2117
f 1470/2065/2118 1377/2045/2119 1553/2983/2120 1555/2982/2121
f 1468/2070/2122 1475/2069/2123 1557/2981/2124 1556/2980/2125
f 1475/2069/2126 1470/2065/2127 1555/2982/2128 1557/2981/2129
f 1489/2082/2130 1468/2070/2131 1556/2980/2132 1558/2979/2133
f 1466/2087/2134 1494/2086/2135 1560/2978/2136 1559/2977/2137
f 1494/2086/2138 1489/2082/2139 1558/2979/2140 1560/2978/2141
f 1510/2103/2142 1466/2087/2143 1559/2977/2144 1561/2976/2145
f 1508/2108/2146 1515/2954/2147 1563/2926/2148 1562/2938/2149
f 1515/2107/2150 1510/2103/2151 1561/2976/2152 1563/2975/2153
f 1528/2118/2154 1508/2108/2155 1562/2938/2156 1564/2936/2157
f 1374/1982/2158 1532/2121/2159 1565/2935/2160 1543/2937/2161
f 1532/2121/2162 1528/2118/2163 1564/2936/2164 1565/2935/2165
f 1542/2127/2166 1543/2126/2167 1567/2150/2168 1566/2151/2169
f 1544/2129/2170 1545/2128/2171 1569/2152/2172 1568/2153/2173
f 1545/2128/2174 1542/2127/2175 1566/2151/2176 1569/2152/2177
f 1546/2130/2178 1544/2129/2179 1568/2153/2180 1570/2154/2181
f 1547/2132/2182 1548/2131/2183 1572/2155/2184 1571/2156/2185
f 1548/2131/2186 1546/2130/2187 1570/2154/2188 1572/2155/2189
f 1549/2133/2190 1547/2132/2191 1571/2156/2192 1573/2157/2193
f 1550/2135/2194 1551/2134/2195 1575/2158/2196 1574/2159/2197
f 1551/2134/2198 1549/2133/2199 1573/2157/2200 1575/2158/2201
f 1552/2136/2202 1550/2986/2203 1574/2918/2204 1576/2160/2205
f 1553/2138/2206 1554/2137/2207 1578/2161/2208 1577/2162/2209
f 1554/2137/2210 1552/2136/2211 1576/2160/2212 1578/2161/2213
f 1555/2139/2214 1553/2138/2215 1577/2162/2216 1579/2163/2217
f 1556/2141/2218 1557/2140/2219 1581/2164/2220 1580/2165/2221
f 1557/2140/2222 1555/2139/2223 1579/2163/2224 1581/2164/2225
f 1558/2142/2226 1556/2141/2227 1580/2165/2228 1582/2166/2229
f 1559/2144/2230 1560/2143/2231 1584/2167/2232 1583/2168/2233
f 1560/2143/2234 1558/2142/2235 1582/2166/2236 1584/2167/2237
f 1561/2145/2238 1559/2144/2239 1583/2168/2240 1585/2169/2241
f 1562/2147/2242 1563/2939/2243 1587/2927/2244 1586/2171/2245
f 1563/2146/2246 1561/2145/2247 1585/2169/2248 1587/2170/2249
f 1564/2148/2250 1562/2147/2251 1586/2171/2252 1588/2172/2253
f 1543/2126/2254 1565/2149/2255 1589/2173/2256 1567/2150/2257
f 1565/2149/2258 1564/2148/2259 1588/2172/2260 1589/2173/2261
s 137
f 1804/2174/2262 1805/2175/2263 1639/2176/2264 1591/2177/2265
f 1704/2178/2266 1705/2179/2267 1706/2180/2268 1592/2181/2269
f 1652/2182/2270 1653/2183/2271 1654/2184/2272 1594/2185/2273
f 1626/2186/2274 1627/2187/2275 1628/2188/2276 1597/2189/2277
f 1613/2190/2278 1614/2191/2279 1615/2192/2280 1598/2193/2281
f 1606/2194/2282 1608/2195/2283 1609/2196/2284 1601/2197/2285
f 1604/2198/2286 1605/2199/2287 1602/2200/2288 1600/2201/2289
f 1590/2202/2290 1603/2203/2291 1605/2199/2287 1604/2198/2286
f 1602/2200/2288 1605/2199/2287 1608/2195/2283 1606/2194/2282
f 1608/2195/2283 1605/2199/2287 1603/2203/2291 1607/2204/2292
f 1609/2196/2284 1608/2195/2283 1607/2204/2292 1599/2205/2293
f 1611/2206/2294 1612/2207/2295 1610/2208/2296 1596/2209/2297
f 1600/2201/2289 1602/2200/2288 1612/2207/2295 1611/2206/2294
f 1610/2208/2296 1612/2207/2295 1614/2191/2279 1613/2190/2278
f 1614/2191/2279 1612/2207/2295 1602/2200/2288 1606/2194/2282
f 1615/2192/2280 1614/2191/2279 1606/2194/2282 1601/2197/2285
f 1616/2210/2298 1621/2211/2299 1622/2212/2300 1623/2213/2301
f 1609/2196/2284 1619/2214/2302 1618/2215/2303 1601/2197/2285
f 1617/2216/2304 1619/2214/2302 1609/2196/2284 1599/2205/2293
f 1619/2214/2302 1622/2212/2300 1621/2211/2299 1618/2215/2303
f 1620/2217/2305 1622/2212/2300 1619/2214/2302 1617/2216/2304
f 1623/2213/2301 1622/2212/2300 1620/2217/2305 1595/2218/2306
f 1598/2193/2281 1615/2192/2280 1625/2219/2307 1624/2220/2308
f 1625/2219/2307 1615/2192/2280 1601/2197/2285 1618/2215/2303
f 1624/2220/2308 1625/2219/2307 1627/2187/2275 1626/2186/2274
f 1627/2187/2275 1625/2219/2307 1618/2215/2303 1621/2211/2299
f 1628/2188/2276 1627/2187/2275 1621/2211/2299 1616/2210/2298
f 1641/2221/2309 1642/2222/2310 1643/2223/2311 1629/2224/2312
f 1635/2225/2313 1636/2226/2314 1637/2227/2315 1631/2228/2316
f 1633/2229/2317 1634/2230/2318 1632/2231/2319 1630/2232/2320
f 1596/2209/2297 1610/2208/2296 1634/2230/2318 1633/2229/2317
f 1632/2231/2319 1634/2230/2318 1636/2226/2314 1635/2225/2313
f 1636/2226/2314 1634/2230/2318 1610/2208/2296 1613/2190/2278
f 1637/2227/2315 1636/2226/2314 1613/2190/2278 1598/2193/2281
f 1639/2176/2264 1640/2233/2321 1638/2234/2322 1591/2177/2265
f 1630/2232/2320 1632/2231/2319 1640/2233/2321 1639/2176/2264
f 1638/2234/2322 1640/2233/2321 1642/2222/2310 1641/2221/2309
f 1642/2222/2310 1640/2233/2321 1632/2231/2319 1635/2225/2313
f 1643/2223/2311 1642/2222/2310 1635/2225/2313 1631/2228/2316
f 1644/2235/2323 1647/2236/2324 1648/2237/2325 1649/2238/2326
f 1637/2227/2315 1646/2239/2327 1645/2240/2328 1631/2228/2316
f 1624/2220/2308 1646/2239/2327 1637/2227/2315 1598/2193/2281
f 1646/2239/2327 1648/2237/2325 1647/2236/2324 1645/2240/2328
f 1626/2186/2274 1648/2237/2325 1646/2239/2327 1624/2220/2308
f 1649/2238/2326 1648/2237/2325 1626/2186/2274 1597/2189/2277
f 1629/2224/2312 1643/2223/2311 1651/2241/2329 1650/2242/2330
f 1651/2241/2329 1643/2223/2311 1631/2228/2316 1645/2240/2328
f 1650/2242/2330 1651/2241/2329 1653/2183/2271 1652/2182/2270
f 1653/2183/2271 1651/2241/2329 1645/2240/2328 1647/2236/2324
f 1654/2184/2272 1653/2183/2271 1647/2236/2324 1644/2235/2323
f 1655/2243/2331 1681/2244/2332 1682/2245/2333 1683/2246/2334
f 1668/2247/2335 1669/2248/2336 1670/2249/2337 1657/2250/2338
f 1664/2251/2339 1665/2252/2340 1658/2253/2341 1663/2254/2342
f 1623/2213/2301 1661/2255/2343 1660/2256/2344 1616/2210/2298
f 1659/2257/2345 1661/2255/2343 1623/2213/2301 1595/2218/2306
f 1661/2255/2343 1664/2251/2339 1663/2254/2342 1660/2256/2344
f 1662/2258/2346 1664/2251/2339 1661/2255/2343 1659/2257/2345
f 1656/2259/2347 1665/2252/2340 1664/2251/2339 1662/2258/2346
f 1628/2188/2276 1667/2260/2348 1666/2261/2349 1597/2189/2277
f 1616/2210/2298 1660/2256/2344 1667/2260/2348 1628/2188/2276
f 1666/2261/2349 1667/2260/2348 1669/2248/2336 1668/2247/2335
f 1669/2248/2336 1667/2260/2348 1660/2256/2344 1663/2254/2342
f 1670/2249/2337 1669/2248/2336 1663/2254/2342 1658/2253/2341
f 1671/2262/2350 1676/2263/2351 1677/2264/2352 1678/2265/2353
f 1665/2252/2340 1674/2266/2354 1673/2267/2355 1658/2253/2341
f 1672/2268/2356 1674/2266/2354 1665/2252/2340 1656/2259/2347
f 1674/2266/2354 1677/2264/2352 1676/2263/2351 1673/2267/2355
f 1675/2269/2357 1677/2264/2352 1674/2266/2354 1672/2268/2356
f 1678/2265/2353 1677/2264/2352 1675/2269/2357 1593/2270/2358
f 1670/2249/2337 1680/2271/2359 1679/2272/2360 1657/2250/2338
f 1673/2267/2355 1680/2271/2359 1670/2249/2337 1658/2253/2341
f 1680/2271/2359 1682/2245/2333 1681/2244/2332 1679/2272/2360
f 1676/2263/2351 1682/2245/2333 1680/2271/2359 1673/2267/2355
f 1683/2246/2334 1682/2245/2333 1676/2263/2351 1671/2262/2350
f 1693/2273/2361 1694/2274/2362 1695/2275/2363 1684/2276/2364
f 1685/2277/2365 1688/2278/2366 1689/2279/2367 1690/2280/2368
f 1649/2238/2326 1687/2281/2369 1686/2282/2370 1644/2235/2323
f 1666/2261/2349 1687/2281/2369 1649/2238/2326 1597/2189/2277
f 1687/2281/2369 1689/2279/2367 1688/2278/2366 1686/2282/2370
f 1668/2247/2335 1689/2279/2367 1687/2281/2369 1666/2261/2349
f 1690/2280/2368 1689/2279/2367 1668/2247/2335 1657/2250/2338
f 1594/2185/2273 1654/2184/2272 1692/2283/2371 1691/2284/2372
f 1692/2283/2371 1654/2184/2272 1644/2235/2323 1686/2282/2370
f 1691/2284/2372 1692/2283/2371 1694/2274/2362 1693/2273/2361
f 1694/2274/2362 1692/2283/2371 1686/2282/2370 1688/2278/2366
f 1695/2275/2363 1694/2274/2362 1688/2278/2366 1685/2277/2365
f 1696/2285/2373 1699/2286/2374 1700/2287/2375 1701/2288/2376
f 1690/2280/2368 1698/2289/2377 1697/2290/2378 1685/2277/2365
f 1679/2272/2360 1698/2289/2377 1690/2280/2368 1657/2250/2338
f 1698/2289/2377 1700/2287/2375 1699/2286/2374 1697/2290/2378
f 1681/2244/2332 1700/2287/2375 1698/2289/2377 1679/2272/2360
f 1701/2288/2376 1700/2287/2375 1681/2244/2332 1655/2243/2331
f 1684/2276/2364 1695/2275/2363 1703/2291/2379 1702/2292/2380
f 1703/2291/2379 1695/2275/2363 1685/2277/2365 1697/2290/2378
f 1702/2292/2380 1703/2291/2379 1705/2179/2267 1704/2178/2266
f 1705/2179/2267 1703/2291/2379 1697/2290/2378 1699/2286/2374
f 1706/2180/2268 1705/2179/2267 1699/2286/2374 1696/2285/2373
f 1758/2293/2381 1759/2294/2382 1760/2295/2383 1707/2296/2384
f 1709/2297/2385 1735/2298/2386 1736/2299/2387 1737/2300/2388
f 1722/2301/2389 1723/2302/2390 1724/2303/2391 1711/2304/2392
f 1718/2305/2393 1719/2306/2394 1712/2307/2395 1717/2308/2396
f 1678/2265/2353 1715/2309/2397 1714/2310/2398 1671/2262/2350
f 1713/2311/2399 1715/2309/2397 1678/2265/2353 1593/2270/2358
f 1715/2309/2397 1718/2305/2393 1717/2308/2396 1714/2310/2398
f 1716/2312/2400 1718/2305/2393 1715/2309/2397 1713/2311/2399
f 1710/2313/2401 1719/2306/2394 1718/2305/2393 1716/2312/2400
f 1683/2246/2334 1721/2314/2402 1720/2315/2403 1655/2243/2331
f 1671/2262/2350 1714/2310/2398 1721/2314/2402 1683/2246/2334
f 1720/2315/2403 1721/2314/2402 1723/2302/2390 1722/2301/2389
f 1723/2302/2390 1721/2314/2402 1714/2310/2398 1717/2308/2396
f 1724/2303/2391 1723/2302/2390 1717/2308/2396 1712/2307/2395
f 1725/2316/2404 1730/2317/2405 1731/2318/2406 1732/2319/2407
f 1719/2306/2394 1728/2320/2408 1727/2321/2409 1712/2307/2395
f 1726/2322/2410 1728/2320/2408 1719/2306/2394 1710/2313/2401
f 1728/2320/2408 1731/2318/2406 1730/2317/2405 1727/2321/2409
f 1729/2323/2411 1731/2318/2406 1728/2320/2408 1726/2322/2410
f 1732/2319/2407 1731/2318/2406 1729/2323/2411 1708/2324/2412
f 1724/2303/2391 1734/2325/2413 1733/2326/2414 1711/2304/2392
f 1727/2321/2409 1734/2325/2413 1724/2303/2391 1712/2307/2395
f 1734/2325/2413 1736/2299/2387 1735/2298/2386 1733/2326/2414
f 1730/2317/2405 1736/2299/2387 1734/2325/2413 1727/2321/2409
f 1737/2300/2388 1736/2299/2387 1730/2317/2405 1725/2316/2404
f 1747/2327/2415 1748/2328/2416 1749/2329/2417 1738/2330/2418
f 1739/2331/2419 1742/2332/2420 1743/2333/2421 1744/2334/2422
f 1701/2288/2376 1741/2335/2423 1740/2336/2424 1696/2285/2373
f 1720/2315/2403 1741/2335/2423 1701/2288/2376 1655/2243/2331
f 1741/2335/2423 1743/2333/2421 1742/2332/2420 1740/2336/2424
f 1722/2301/2389 1743/2333/2421 1741/2335/2423 1720/2315/2403
f 1744/2334/2422 1743/2333/2421 1722/2301/2389 1711/2304/2392
f 1592/2181/2269 1706/2180/2268 1746/2337/2425 1745/2338/2426
f 1746/2337/2425 1706/2180/2268 1696/2285/2373 1740/2336/2424
f 1745/2338/2426 1746/2337/2425 1748/2328/2416 1747/2327/2415
f 1748/2328/2416 1746/2337/2425 1740/2336/2424 1742/2332/2420
f 1749/2329/2417 1748/2328/2416 1742/2332/2420 1739/2331/2419
f 1750/2339/2427 1753/2340/2428 1754/2341/2429 1755/2342/2430
f 1744/2334/2422 1752/2343/2431 1751/2344/2432 1739/2331/2419
f 1733/2326/2414 1752/2343/2431 1744/2334/2422 1711/2304/2392
f 1752/2343/2431 1754/2341/2429 1753/2340/2428 1751/2344/2432
f 1735/2298/2386 1754/2341/2429 1752/2343/2431 1733/2326/2414
f 1755/2342/2430 1754/2341/2429 1735/2298/2386 1709/2297/2385
f 1738/2330/2418 1749/2329/2417 1757/2345/2433 1756/2346/2434
f 1757/2345/2433 1749/2329/2417 1739/2331/2419 1751/2344/2432
f 1756/2346/2434 1757/2345/2433 1759/2294/2382 1758/2293/2381
f 1759/2294/2382 1757/2345/2433 1751/2344/2432 1753/2340/2428
f 1760/2295/2383 1759/2294/2382 1753/2340/2428 1750/2339/2427
f 1596/2209/2297 1784/2347/2435 1785/2348/2436 1611/2206/2294
f 1773/2349/2437 1774/2350/2438 1775/2351/2439 1762/2352/2440
f 1769/2353/2441 1770/2354/2442 1763/2355/2443 1768/2356/2444
f 1732/2319/2407 1766/2357/2445 1765/2358/2446 1725/2316/2404
f 1764/2359/2447 1766/2357/2445 1732/2319/2407 1708/2324/2412
f 1766/2357/2445 1769/2353/2441 1768/2356/2444 1765/2358/2446
f 1767/2360/2448 1769/2353/2441 1766/2357/2445 1764/2359/2447
f 1761/2361/2449 1770/2354/2442 1769/2353/2441 1767/2360/2448
f 1737/2300/2388 1772/2362/2450 1771/2363/2451 1709/2297/2385
f 1725/2316/2404 1765/2358/2446 1772/2362/2450 1737/2300/2388
f 1771/2363/2451 1772/2362/2450 1774/2350/2438 1773/2349/2437
f 1774/2350/2438 1772/2362/2450 1765/2358/2446 1768/2356/2444
f 1775/2351/2439 1774/2350/2438 1768/2356/2444 1763/2355/2443
f 1600/2201/2289 1780/2364/2452 1781/2365/2453 1604/2198/2286
f 1770/2354/2442 1778/2366/2454 1777/2367/2455 1763/2355/2443
f 1776/2368/2456 1778/2366/2454 1770/2354/2442 1761/2361/2449
f 1778/2366/2454 1781/2365/2453 1780/2364/2452 1777/2367/2455
f 1779/2369/2457 1781/2365/2453 1778/2366/2454 1776/2368/2456
f 1604/2198/2286 1781/2365/2453 1779/2369/2457 1590/2202/2290
f 1775/2351/2439 1783/2370/2458 1782/2371/2459 1762/2352/2440
f 1777/2367/2455 1783/2370/2458 1775/2351/2439 1763/2355/2443
f 1783/2370/2458 1785/2348/2436 1784/2347/2435 1782/2371/2459
f 1780/2364/2452 1785/2348/2436 1783/2370/2458 1777/2367/2455
f 1611/2206/2294 1785/2348/2436 1780/2364/2452 1600/2201/2289
f 1795/2372/2460 1796/2373/2461 1797/2374/2462 1786/2375/2463
f 1787/2376/2464 1790/2377/2465 1791/2378/2466 1792/2379/2467
f 1755/2342/2430 1789/2380/2468 1788/2381/2469 1750/2339/2427
f 1771/2363/2451 1789/2380/2468 1755/2342/2430 1709/2297/2385
f 1789/2380/2468 1791/2378/2466 1790/2377/2465 1788/2381/2469
f 1773/2349/2437 1791/2378/2466 1789/2380/2468 1771/2363/2451
f 1792/2379/2467 1791/2378/2466 1773/2349/2437 1762/2352/2440
f 1707/2296/2384 1760/2295/2383 1794/2382/2470 1793/2383/2471
f 1794/2382/2470 1760/2295/2383 1750/2339/2427 1788/2381/2469
f 1793/2383/2471 1794/2382/2470 1796/2373/2461 1795/2372/2460
f 1796/2373/2461 1794/2382/2470 1788/2381/2469 1790/2377/2465
f 1797/2374/2462 1796/2373/2461 1790/2377/2465 1787/2376/2464
f 1630/2232/2320 1800/2384/2472 1801/2385/2473 1633/2229/2317
f 1792/2379/2467 1799/2386/2474 1798/2387/2475 1787/2376/2464
f 1782/2371/2459 1799/2386/2474 1792/2379/2467 1762/2352/2440
f 1799/2386/2474 1801/2385/2473 1800/2384/2472 1798/2387/2475
f 1784/2347/2435 1801/2385/2473 1799/2386/2474 1782/2371/2459
f 1633/2229/2317 1801/2385/2473 1784/2347/2435 1596/2209/2297
f 1786/2375/2463 1797/2374/2462 1803/2388/2476 1802/2389/2477
f 1803/2388/2476 1797/2374/2462 1787/2376/2464 1798/2387/2475
f 1802/2389/2477 1803/2388/2476 1805/2175/2263 1804/2174/2262
f 1805/2175/2263 1803/2388/2476 1798/2387/2475 1800/2384/2472
f 1639/2176/2264 1805/2175/2263 1800/2384/2472 1630/2232/2320
s 158
f 1806/2390/2478 1807/2391/2479 1827/2392/2480 1826/2393/2481
f 1807/2391/2479 1808/2394/2482 1828/2395/2483 1827/2392/2480
f 1808/2394/2482 1809/2396/2484 1829/2397/2485 1828/2395/2483
f 1809/2396/2484 1810/2398/2486 1830/2399/2487 1829/2397/2485
f 1810/2398/2486 1811/2400/2488 1831/2401/2489 1830/2399/2487
f 1811/2400/2488 1812/2402/2490 1832/2403/2491 1831/2401/2489
f 1812/2402/2490 1813/2404/2492 1833/2405/2493 1832/2403/2491
f 1813/2404/2492 1814/2406/2494 1834/2407/2495 1833/2405/2493
f 1814/2406/2494 1815/2408/2496 1835/2409/2497 1834/2407/2495
f 1815/2408/2496 1816/2410/2498 1836/2411/2499 1835/2409/2497
f 1816/2410/2498 1817/2412/2500 1837/2413/2501 1836/2411/2499
f 1817/2412/2500 1818/2414/2502 1838/2415/2503 1837/2413/2501
f 1818/2414/2502 1819/2416/2504 1839/2417/2505 1838/2415/2503
f 1819/2416/2504 1820/2418/2506 1840/2419/2507 1839/2417/2505
f 1820/2418/2506 1821/2420/2508 1841/2421/2509 1840/2419/2507
f 1821/2420/2508 1822/2422/2510 1842/2423/2511 1841/2421/2509
f 1822/2422/2510 1823/2424/2512 1843/2425/2513 1842/2423/2511
f 1823/2424/2512 1824/2426/2514 1844/2427/2515 1843/2425/2513
f 1824/2426/2514 1825/2428/2516 1845/2429/2517 1844/2427/2515
f 1825/2428/2516 1806/2390/2478 1826/2393/2481 1845/2429/2517
f 1826/2393/2481 1827/2392/2480 1847/2430/2518 1846/2431/2519
f 1827/2392/2480 1828/2395/2483 1848/2432/2520 1847/2430/2518
f 1828/2395/2483 1829/2397/2485 1849/2433/2521 1848/2432/2520
f 1829/2397/2485 1830/2399/2487 1850/2434/2522 1849/2433/2521
f 1830/2399/2487 1831/2401/2489 1851/2435/2523 1850/2434/2522
f 1831/2401/2489 1832/2403/2491 1852/2436/2524 1851/2435/2523
f 1832/2403/2491 1833/2405/2493 1853/2437/2525 1852/2436/2524
f 1833/2405/2493 1834/2407/2495 1854/2438/2526 1853/2437/2525
f 1834/2407/2495 1835/2409/2497 1855/2439/2527 1854/2438/2526
f 1835/2409/2497 1836/2411/2499 1856/2440/2528 1855/2439/2527
f 1836/2411/2499 1837/2413/2501 1857/2441/2529 1856/2440/2528
f 1837/2413/2501 1838/2415/2503 1858/2442/2530 1857/2441/2529
f 1838/2415/2503 1839/2417/2505 1859/2443/2531 1858/2442/2530
f 1839/2417/2505 1840/2419/2507 1860/2444/2532 1859/2443/2531
f 1840/2419/2507 1841/2421/2509 1861/2445/2533 1860/2444/2532
f 1841/2421/2509 1842/2423/2511 1862/2446/2534 1861/2445/2533
f 1842/2423/2511 1843/2425/2513 1863/2447/2535 1862/2446/2534
f 1843/2425/2513 1844/2427/2515 1864/2448/2536 1863/2447/2535
f 1844/2427/2515 1845/2429/2517 1865/2449/2537 1864/2448/2536
f 1845/2429/2517 1826/2393/2481 1846/2431/2519 1865/2449/2537
f 1846/2431/2519 1847/2430/2518 1867/2450/2538 1866/2451/2539
f 1847/2430/2518 1848/2432/2520 1868/2452/2540 1867/2450/2538
f 1848/2432/2520 1849/2433/2521 1869/2453/2541 1868/2452/2540
f 1849/2433/2521 1850/2434/2522 1870/2454/2542 1869/2453/2541
f 1850/2434/2522 1851/2435/2523 1871/2455/2543 1870/2454/2542
f 1851/2435/2523 1852/2436/2524 1872/2456/2544 1871/2455/2543
f 1852/2436/2524 1853/2437/2525 1873/2457/2545 1872/2456/2544
f 1853/2437/2525 1854/2438/2526 1874/2458/2546 1873/2457/2545
f 1854/2438/2526 1855/2439/2527 1875/2459/2547 1874/2458/2546
f 1855/2439/2527 1856/2440/2528 1876/2460/2548 1875/2459/2547
f 1856/2440/2528 1857/2441/2529 1877/2461/2549 1876/2460/2548
f 1857/2441/2529 1858/2442/2530 1878/2462/2550 1877/2461/2549
f 1858/2442/2530 1859/2443/2531 1879/2463/2551 1878/2462/2550
f 1859/2443/2531 1860/2444/2532 1880/2464/2552 1879/2463/2551
f 1860/2444/2532 1861/2445/2533 1881/2465/2553 1880/2464/2552
f 1861/2445/2533 1862/2446/2534 1882/2466/2554 1881/2465/2553
f 1862/2446/2534 1863/2447/2535 1883/2467/2555 1882/2466/2554
f 1863/2447/2535 1864/2448/2536 1884/2468/2556 1883/2467/2555
f 1864/2448/2536 1865/2449/2537 1885/2469/2557 1884/2468/2556
f 1865/2449/2537 1846/2431/2519 1866/2451/2539 1885/2469/2557
f 1866/2451/2539 1867/2450/2538 1887/2916/2558 1886/2898/2559
f 1867/2450/2538 1868/2452/2540 1888/2915/2560 1887/2916/2558
f 1868/2452/2540 1869/2453/2541 1889/2914/2561 1888/2915/2560
f 1869/2453/2541 1870/2454/2542 1890/2913/2562 1889/2914/2561
f 1870/2454/2542 1871/2455/2543 1891/2912/2563 1890/2913/2562
f 1871/2455/2543 1872/2456/2544 1892/2911/2564 1891/2912/2563
f 1872/2456/2544 1873/2457/2545 1893/2910/2565 1892/2911/2564
f 1873/2457/2545 1874/2458/2546 1894/2909/2566 1893/2910/2565
f 1874/2458/2546 1875/2459/2547 1895/2908/2567 1894/2909/2566
f 1875/2459/2547 1876/2460/2548 1896/2907/2568 1895/2908/2567
f 1876/2460/2548 1877/2461/2549 1897/2906/2569 1896/2907/2568
f 1877/2461/2549 1878/2462/2550 1898/2905/2570 1897/2906/2569
f 1878/2462/2550 1879/2463/2551 1899/2904/2571 1898/2905/2570
f 1879/2463/2551 1880/2464/2552 1900/2903/2572 1899/2904/2571
f 1880/2464/2552 1881/2465/2553 1901/2902/2573 1900/2903/2572
f 1881/2465/2553 1882/2466/2554 1902/2901/2574 1901/2902/2573
f 1882/2466/2554 1883/2467/2555 1903/2900/2575 1902/2901/2574
f 1883/2467/2555 1884/2468/2556 1904/2899/2576 1903/2900/2575
f 1884/2468/2556 1885/2469/2557 1905/2897/2577 1904/2899/2576
f 1885/2469/2557 1866/2451/2539 1886/2898/2559 1905/2897/2577
f 1886/2471/2559 1887/2470/2558 1907/2490/2578 1906/2491/2579
f 1887/2470/2558 1888/2472/2560 1908/2492/2580 1907/2490/2578
f 1888/2472/2560 1889/2473/2561 1909/2493/2581 1908/2492/2580
f 1889/2473/2561 1890/2474/2562 1910/2494/2582 1909/2493/2581
f 1890/2474/2562 1891/2475/2563 1911/2495/2583 1910/2494/2582
f 1891/2475/2563 1892/2476/2564 1912/2496/2584 1911/2495/2583
f 1892/2476/2564 1893/2477/2565 1913/2497/2585 1912/2496/2584
f 1893/2477/2565 1894/2478/2566 1914/2498/2586 1913/2497/2585
f 1894/2478/2566 1895/2479/2567 1915/2499/2587 1914/2498/2586
f 1895/2479/2567 1896/2480/2568 1916/2500/2588 1915/2499/2587
f 1896/2480/2568 1897/2481/2569 1917/2501/2589 1916/2500/2588
f 1897/2481/2569 1898/2482/2570 1918/2502/2590 1917/2501/2589
f 1898/2482/2570 1899/2483/2571 1919/2503/2591 1918/2502/2590
f 1899/2483/2571 1900/2484/2572 1920/2504/2592 1919/2503/2591
f 1900/2484/2572 1901/2485/2573 1921/2505/2593 1920/2504/2592
f 1901/2485/2573 1902/2486/2574 1922/2506/2594 1921/2505/2593
f 1902/2486/2574 1903/2487/2575 1923/2507/2595 1922/2506/2594
f 1903/2487/2575 1904/2488/2576 1924/2508/2596 1923/2507/2595
f 1904/2488/2576 1905/2489/2577 1925/2509/2597 1924/2508/2596
f 1905/2489/2577 1886/2471/2559 1906/2491/2579 1925/2509/2597
f 1906/2491/2579 1907/2490/2578 1927/2510/2598 1926/2511/2599
f 1907/2490/2578 1908/2492/2580 1928/2512/2600 1927/2510/2598
f 1908/2492/2580 1909/2493/2581 1929/2513/2601 1928/2512/2600
f 1909/2493/2581 1910/2494/2582 1930/2514/2602 1929/2513/2601
f 1910/2494/2582 1911/2495/2583 1931/2515/2603 1930/2514/2602
f 1911/2495/2583 1912/2496/2584 1932/2516/2604 1931/2515/2603
f 1912/2496/2584 1913/2497/2585 1933/2517/2605 1932/2516/2604
f 1913/2497/2585 1914/2498/2586 1934/2518/2606 1933/2517/2605
f 1914/2498/2586 1915/2499/2587 1935/2519/2607 1934/2518/2606
f 1915/2499/2587 1916/2500/2588 1936/2520/2608 1935/2519/2607
f 1916/2500/2588 1917/2501/2589 1937/2521/2609 1936/2520/2608
f 1917/2501/2589 1918/2502/2590 1938/2522/2610 1937/2521/2609
f 1918/2502/2590 1919/2503/2591 1939/2523/2611 1938/2522/2610
f 1919/2503/2591 1920/2504/2592 1940/2524/2612 1939/2523/2611
f 1920/2504/2592 1921/2505/2593 1941/2525/2613 1940/2524/2612
f 1921/2505/2593 1922/2506/2594 1942/2526/2614 1941/2525/2613
f 1922/2506/2594 1923/2507/2595 1943/2527/2615 1942/2526/2614
f 1923/2507/2595 1924/2508/2596 1944/2528/2616 1943/2527/2615
f 1924/2508/2596 1925/2509/2597 1945/2529/2617 1944/2528/2616
f 1925/2509/2597 1906/2491/2579 1926/2511/2599 1945/2529/2617
f 1926/2511/2599 1927/2510/2598 1947/2530/2618 1946/2531/2619
f 1927/2510/2598 1928/2512/2600 1948/2532/2620 1947/2530/2618
f 1928/2512/2600 1929/2513/2601 1949/2533/2621 1948/2532/2620
f 1929/2513/2601 1930/2514/2602 1950/2534/2622 1949/2533/2621
f 1930/2514/2602 1931/2515/2603 1951/2535/2623 1950/2534/2622
f 1931/2515/2603 1932/2516/2604 1952/2536/2624 1951/2535/2623
f 1932/2516/2604 1933/2517/2605 1953/2537/2625 1952/2536/2624
f 1933/2517/2605 1934/2518/2606 1954/2538/2626 1953/2537/2625
f 1934/2518/2606 1935/2519/2607 1955/2539/2627 1954/2538/2626
f 1935/2519/2607 1936/2520/2608 1956/2540/2628 1955/2539/2627
f 1936/2520/2608 1937/2521/2609 1957/2541/2629 1956/2540/2628
f 1937/2521/2609 1938/2522/2610 1958/2542/2630 1957/2541/2629
f 1938/2522/2610 1939/2523/2611 1959/2543/2631 1958/2542/2630
f 1939/2523/2611 1940/2524/2612 1960/2544/2632 1959/2543/2631
f 1940/2524/2612 1941/2525/2613 1961/2545/2633 1960/2544/2632
f 1941/2525/2613 1942/2526/2614 1962/2546/2634 1961/2545/2633
f 1942/2526/2614 1943/2527/2615 1963/2547/2635 1962/2546/2634
f 1943/2527/2615 1944/2528/2616 1964/2548/2636 1963/2547/2635
f 1944/2528/2616 1945/2529/2617 1965/2549/2637 1964/2548/2636
f 1945/2529/2617 1926/2511/2599 1946/2531/2619 1965/2549/2637
f 1946/2531/2619 1947/2530/2618 1966/2550/2638
f 1947/2530/2618 1948/2532/2620 1966/2550/2638
f 1948/2532/2620 1949/2533/2621 1966/2550/2638
f 1949/2533/2621 1950/2534/2622 1966/2550/2638
f 1950/2534/2622 1951/2535/2623 1966/2550/2638
f 1951/2535/2623 1952/2536/2624 1966/2550/2638
f 1952/2536/2624 1953/2537/2625 1966/2550/2638
f 1953/2537/2625 1954/2538/2626 1966/2550/2638
f 1954/2538/2626 1955/2539/2627 1966/2550/2638
f 1955/2539/2627 1956/2540/2628 1966/2550/2638
f 1956/2540/2628 1957/2541/2629 1966/2550/2638
f 1957/2541/2629 1958/2542/2630 1966/2550/2638
f 1958/2542/2630 1959/2543/2631 1966/2550/2638
f 1959/2543/2631 1960/2544/2632 1966/2550/2638
f 1960/2544/2632 1961/2545/2633 1966/2550/2638
f 1961/2545/2633 1962/2546/2634 1966/2550/2638
f 1962/2546/2634 1963/2547/2635 1966/2550/2638
f 1963/2547/2635 1964/2548/2636 1966/2550/2638
f 1964/2548/2636 1965/2549/2637 1966/2550/2638
f 1965/2549/2637 1946/2531/2619 1966/2550/2638
s 159
f 1967/2551/2639 1968/2552/2640 1988/2553/2641 1987/2554/2642
f 1968/2552/2640 1969/2555/2643 1989/2556/2644 1988/2553/2641
f 1969/2555/2643 1970/2557/2645 1990/2558/2646 1989/2556/2644
f 1970/2557/2645 1971/2559/2647 1991/2560/2648 1990/2558/2646
f 1971/2559/2647 1972/2561/2649 1992/2562/2650 1991/2560/2648
f 1972/2561/2649 1973/2563/2651 1993/2564/2652 1992/2562/2650
f 1973/2563/2651 1974/2565/2653 1994/2566/2654 1993/2564/2652
f 1974/2565/2653 1975/2567/2655 1995/2568/2656 1994/2566/2654
f 1975/2567/2655 1976/2569/2657 1996/2570/2658 1995/2568/2656
f 1976/2569/2657 1977/2571/2659 1997/2572/2660 1996/2570/2658
f 1977/2571/2659 1978/2573/2661 1998/2574/2662 1997/2572/2660
f 1978/2573/2661 1979/2575/2663 1999/2576/2664 1998/2574/2662
f 1979/2575/2663 1980/2577/2665 2000/2578/2666 1999/2576/2664
f 1980/2577/2665 1981/2579/2667 2001/2580/2668 2000/2578/2666
f 1981/2579/2667 1982/2581/2669 2002/2582/2670 2001/2580/2668
f 1982/2581/2669 1983/2583/2671 2003/2584/2672 2002/2582/2670
f 1983/2583/2671 1984/2585/2673 2004/2586/2674 2003/2584/2672
f 1984/2585/2673 1985/2587/2675 2005/2588/2676 2004/2586/2674
f 1985/2587/2675 1986/2589/2677 2006/2590/2678 2005/2588/2676
f 1986/2589/2677 1967/2551/2639 1987/2554/2642 2006/2590/2678
f 1987/2554/2642 1988/2553/2641 2008/2591/2679 2007/2592/2680
f 1988/2553/2641 1989/2556/2644 2009/2593/2681 2008/2591/2679
f 1989/2556/2644 1990/2558/2646 2010/2594/2682 2009/2593/2681
f 1990/2558/2646 1991/2560/2648 2011/2595/2683 2010/2594/2682
f 1991/2560/2648 1992/2562/2650 2012/2596/2684 2011/2595/2683
f 1992/2562/2650 1993/2564/2652 2013/2597/2685 2012/2596/2684
f 1993/2564/2652 1994/2566/2654 2014/2598/2686 2013/2597/2685
f 1994/2566/2654 1995/2568/2656 2015/2599/2687 2014/2598/2686
f 1995/2568/2656 1996/2570/2658 2016/2600/2688 2015/2599/2687
f 1996/2570/2658 1997/2572/2660 2017/2601/2689 2016/2600/2688
f 1997/2572/2660 1998/2574/2662 2018/2602/2690 2017/2601/2689
f 1998/2574/2662 1999/2576/2664 2019/2603/2691 2018/2602/2690
f 1999/2576/2664 2000/2578/2666 2020/2604/2692 2019/2603/2691
f 2000/2578/2666 2001/2580/2668 2021/2605/2693 2020/2604/2692
f 2001/2580/2668 2002/2582/2670 2022/2606/2694 2021/2605/2693
f 2002/2582/2670 2003/2584/2672 2023/2607/2695 2022/2606/2694
f 2003/2584/2672 2004/2586/2674 2024/2608/2696 2023/2607/2695
f 2004/2586/2674 2005/2588/2676 2025/2609/2697 2024/2608/2696
f 2005/2588/2676 2006/2590/2678 2026/2610/2698 2025/2609/2697
f 2006/2590/2678 1987/2554/2642 2007/2592/2680 2026/2610/2698
f 2007/2592/2680 2008/2591/2679 2028/2611/2699 2027/2612/2700
f 2008/2591/2679 2009/2593/2681 2029/2613/2701 2028/2611/2699
f 2009/2593/2681 2010/2594/2682 2030/2614/2702 2029/2613/2701
f 2010/2594/2682 2011/2595/2683 2031/2615/2703 2030/2614/2702
f 2011/2595/2683 2012/2596/2684 2032/2616/2704 2031/2615/2703
f 2012/2596/2684 2013/2597/2685 2033/2617/2705 2032/2616/2704
f 2013/2597/2685 2014/2598/2686 2034/2618/2706 2033/2617/2705
f 2014/2598/2686 2015/2599/2687 2035/2619/2707 2034/2618/2706
f 2015/2599/2687 2016/2600/2688 2036/2620/2708 2035/2619/2707
f 2016/2600/2688 2017/2601/2689 2037/2621/2709 2036/2620/2708
f 2017/2601/2689 2018/2602/2690 2038/2622/2710 2037/2621/2709
f 2018/2602/2690 2019/2603/2691 2039/2623/2711 2038/2622/2710
f 2019/2603/2691 2020/2604/2692 2040/2624/2712 2039/2623/2711
f 2020/2604/2692 2021/2605/2693 2041/2625/2713 2040/2624/2712
f 2021/2605/2693 2022/2606/2694 2042/2626/2714 2041/2625/2713
f 2022/2606/2694 2023/2607/2695 2043/2627/2715 2042/2626/2714
f 2023/2607/2695 2024/2608/2696 2044/2628/2716 2043/2627/2715
f 2024/2608/2696 2025/2609/2697 2045/2629/2717 2044/2628/2716
f 2025/2609/2697 2026/2610/2698 2046/2630/2718 2045/2629/2717
f 2026/2610/2698 2007/2592/2680 2027/2612/2700 2046/2630/2718
f 2027/2612/2700 2028/2611/2699 2048/2631/2719 2047/2632/2720
f 2028/2611/2699 2029/2613/2701 2049/2633/2721 2048/2631/2719
f 2029/2613/2701 2030/2614/2702 2050/2634/2722 2049/2633/2721
f 2030/2614/2702 2031/2615/2703 2051/2635/2723 2050/2634/2722
f 2031/2615/2703 2032/2616/2704 2052/2636/2724 2051/2635/2723
f 2032/2616/2704 2033/2617/2705 2053/2637/2725 2052/2636/2724
f 2033/2617/2705 2034/2618/2706 2054/2638/2726 2053/2637/2725
f 2034/2618/2706 2035/2619/2707 2055/2639/2727 2054/2638/2726
f 2035/2619/2707 2036/2620/2708 2056/2640/2728 2055/2639/2727
f 2036/2620/2708 2037/2621/2709 2057/2641/2729 2056/2640/2728
f 2037/2621/2709 2038/2622/2710 2058/2642/2730 2057/2641/2729
f 2038/2622/2710 2039/2623/2711 2059/2643/2731 2058/2642/2730
f 2039/2623/2711 2040/2624/2712 2060/2644/2732 2059/2643/2731
f 2040/2624/2712 2041/2625/2713 2061/2645/2733 2060/2644/2732
f 2041/2625/2713 2042/2626/2714 2062/2646/2734 2061/2645/2733
f 2042/2626/2714 2043/2627/2715 2063/2647/2735 2062/2646/2734
f 2043/2627/2715 2044/2628/2716 2064/2648/2736 2063/2647/2735
f 2044/2628/2716 2045/2629/2717 2065/2649/2737 2064/2648/2736
f 2045/2629/2717 2046/2630/2718 2066/2650/2738 2065/2649/2737
f 2046/2630/2718 2027/2612/2700 2047/2632/2720 2066/2650/2738
f 2047/2632/2720 2048/2631/2719 2068/2651/2739 2067/2652/2740
f 2048/2631/2719 2049/2633/2721 2069/2653/2741 2068/2651/2739
f 2049/2633/2721 2050/2634/2722 2070/2654/2742 2069/2653/2741
f 2050/2634/2722 2051/2635/2723 2071/2655/2743 2070/2654/2742
f 2051/2635/2723 2052/2636/2724 2072/2656/2744 2071/2655/2743
f 2052/2636/2724 2053/2637/2725 2073/2657/2745 2072/2656/2744
f 2053/2637/2725 2054/2638/2726 2074/2658/2746 2073/2657/2745
f 2054/2638/2726 2055/2639/2727 2075/2659/2747 2074/2658/2746
f 2055/2639/2727 2056/2640/2728 2076/2660/2748 2075/2659/2747
f 2056/2640/2728 2057/2641/2729 2077/2661/2749 2076/2660/2748
f 2057/2641/2729 2058/2642/2730 2078/2662/2750 2077/2661/2749
f 2058/2642/2730 2059/2643/2731 2079/2663/2751 2078/2662/2750
f 2059/2643/2731 2060/2644/2732 2080/2664/2752 2079/2663/2751
f 2060/2644/2732 2061/2645/2733 2081/2665/2753 2080/2664/2752
f 2061/2645/2733 2062/2646/2734 2082/2666/2754 2081/2665/2753
f 2062/2646/2734 2063/2647/2735 2083/2667/2755 2082/2666/2754
f 2063/2647/2735 2064/2648/2736 2084/2668/2756 2083/2667/2755
f 2064/2648/2736 2065/2649/2737 2085/2669/2757 2084/2668/2756
f 2065/2649/2737 2066/2650/2738 2086/2670/2758 2085/2669/2757
f 2066/2650/2738 2047/2632/2720 2067/2652/2740 2086/2670/2758
f 2067/2652/2740 2068/2651/2739 2088/2671/2759 2087/2672/2760
f 2068/2651/2739 2069/2653/2741 2089/2673/2761 2088/2671/2759
f 2069/2653/2741 2070/2654/2742 2090/2674/2762 2089/2673/2761
f 2070/2654/2742 2071/2655/2743 2091/2675/2763 2090/2674/2762
f 2071/2655/2743 2072/2656/2744 2092/2676/2764 2091/2675/2763
f 2072/2656/2744 2073/2657/2745 2093/2677/2765 2092/2676/2764
f 2073/2657/2745 2074/2658/2746 2094/2678/2766 2093/2677/2765
f 2074/2658/2746 2075/2659/2747 2095/2679/2767 2094/2678/2766
f 2075/2659/2747 2076/2660/2748 2096/2680/2768 2095/2679/2767
f 2076/2660/2748 2077/2661/2749 2097/2681/2769 2096/2680/2768
f 2077/2661/2749 2078/2662/2750 2098/2682/2770 2097/2681/2769
f 2078/2662/2750 2079/2663/2751 2099/2683/2771 2098/2682/2770
f 2079/2663/2751 2080/2664/2752 2100/2684/2772 2099/2683/2771
f 2080/2664/2752 2081/2665/2753 2101/2685/2773 2100/2684/2772
f 2081/2665/2753 2082/2666/2754 2102/2686/2774 2101/2685/2773
f 2082/2666/2754 2083/2667/2755 2103/2687/2775 2102/2686/2774
f 2083/2667/2755 2084/2668/2756 2104/2688/2776 2103/2687/2775
f 2084/2668/2756 2085/2669/2757 2105/2689/2777 2104/2688/2776
f 2085/2669/2757 2086/2670/2758 2106/2690/2778 2105/2689/2777
f 2086/2670/2758 2067/2652/2740 2087/2672/2760 2106/2690/2778
f 2087/2672/2760 2088/2671/2759 2108/2691/2779 2107/2692/2780
f 2088/2671/2759 2089/2673/2761 2109/2693/2781 2108/2691/2779
f 2089/2673/2761 2090/2674/2762 2110/2694/2782 2109/2693/2781
f 2090/2674/2762 2091/2675/2763 2111/2695/2783 2110/2694/2782
f 2091/2675/2763 2092/2676/2764 2112/2696/2784 2111/2695/2783
f 2092/2676/2764 2093/2677/2765 2113/2697/2785 2112/2696/2784
f 2093/2677/2765 2094/2678/2766 2114/2698/2786 2113/2697/2785
f 2094/2678/2766 2095/2679/2767 2115/2699/2787 2114/2698/2786
f 2095/2679/2767 2096/2680/2768 2116/2700/2788 2115/2699/2787
f 2096/2680/2768 2097/2681/2769 2117/2701/2789 2116/2700/2788
f 2097/2681/2769 2098/2682/2770 2118/2702/2790 2117/2701/2789
f 2098/2682/2770 2099/2683/2771 2119/2703/2791 2118/2702/2790
f 2099/2683/2771 2100/2684/2772 2120/2704/2792 2119/2703/2791
f 2100/2684/2772 2101/2685/2773 2121/2705/2793 2120/2704/2792
f 2101/2685/2773 2102/2686/2774 2122/2706/2794 2121/2705/2793
f 2102/2686/2774 2103/2687/2775 2123/2707/2795 2122/2706/2794
f 2103/2687/2775 2104/2688/2776 2124/2708/2796 2123/2707/2795
f 2104/2688/2776 2105/2689/2777 2125/2709/2797 2124/2708/2796
f 2105/2689/2777 2106/2690/2778 2126/2710/2798 2125/2709/2797
f 2106/2690/2778 2087/2672/2760 2107/2692/2780 2126/2710/2798
f 2107/2692/2780 2108/2691/2779 2128/2711/2799 2127/2712/2800
f 2108/2691/2779 2109/2693/2781 2129/2713/2801 2128/2711/2799
f 2109/2693/2781 2110/2694/2782 2130/2714/2802 2129/2713/2801
f 2110/2694/2782 2111/2695/2783 2131/2715/2803 2130/2714/2802
f 2111/2695/2783 2112/2696/2784 2132/2716/2804 2131/2715/2803
f 2112/2696/2784 2113/2697/2785 2133/2717/2805 2132/2716/2804
f 2113/2697/2785 2114/2698/2786 2134/2718/2806 2133/2717/2805
f 2114/2698/2786 2115/2699/2787 2135/2719/2807 2134/2718/2806
f 2115/2699/2787 2116/2700/2788 2136/2720/2808 2135/2719/2807
f 2116/2700/2788 2117/2701/2789 2137/2721/2809 2136/2720/2808
f 2117/2701/2789 2118/2702/2790 2138/2722/2810 2137/2721/2809
f 2118/2702/2790 2119/2703/2791 2139/2723/2811 2138/2722/2810
f 2119/2703/2791 2120/2704/2792 2140/2724/2812 2139/2723/2811
f 2120/2704/2792 2121/2705/2793 2141/2725/2813 2140/2724/2812
f 2121/2705/2793 2122/2706/2794 2142/2726/2814 2141/2725/2813
f 2122/2706/2794 2123/2707/2795 2143/2727/2815 2142/2726/2814
f 2123/2707/2795 2124/2708/2796 2144/2728/2816 2143/2727/2815
f 2124/2708/2796 2125/2709/2797 2145/2729/2817 2144/2728/2816
f 2125/2709/2797 2126/2710/2798 2146/2730/2818 2145/2729/2817
f 2126/2710/2798 2107/2692/2780 2127/2712/2800 2146/2730/2818
f 2127/2712/2800 2128/2711/2799 2148/2731/2819 2147/2732/2820
f 2128/2711/2799 2129/2713/2801 2149/2733/2821 2148/2731/2819
f 2129/2713/2801 2130/2714/2802 2150/2734/2822 2149/2733/2821
f 2130/2714/2802 2131/2715/2803 2151/2735/2823 2150/2734/2822
f 2131/2715/2803 2132/2716/2804 2152/2736/2824 2151/2735/2823
f 2132/2716/2804 2133/2717/2805 2153/2737/2825 2152/2736/2824
f 2133/2717/2805 2134/2718/2806 2154/2738/2826 2153/2737/2825
f 2134/2718/2806 2135/2719/2807 2155/2739/2827 2154/2738/2826
f 2135/2719/2807 2136/2720/2808 2156/2740/2828 2155/2739/2827
f 2136/2720/2808 2137/2721/2809 2157/2741/2829 2156/2740/2828
f 2137/2721/2809 2138/2722/2810 2158/2742/2830 2157/2741/2829
f 2138/2722/2810 2139/2723/2811 2159/2743/2831 2158/2742/2830
f 2139/2723/2811 2140/2724/2812 2160/2744/2832 2159/2743/2831
f 2140/2724/2812 2141/2725/2813 2161/2745/2833 2160/2744/2832
f 2141/2725/2813 2142/2726/2814 2162/2746/2834 2161/2745/2833
f 2142/2726/2814 2143/2727/2815 2163/2747/2835 2162/2746/2834
f 2143/2727/2815 2144/2728/2816 2164/2748/2836 2163/2747/2835
f 2144/2728/2816 2145/2729/2817 2165/2749/2837 2164/2748/2836
f 2145/2729/2817 2146/2730/2818 2166/2750/2838 2165/2749/2837
f 2146/2730/2818 2127/2712/2800 2147/2732/2820 2166/2750/2838
s 160
f 1968/2552/2839 1967/2551/2840 2167/2751/2841
f 1969/2555/2842 1968/2552/2839 2167/2751/2841
f 1970/2557/2843 1969/2555/2842 2167/2751/2841
f 1971/2559/2844 1970/2557/2843 2167/2751/2841
f 1972/2561/2845 1971/2559/2844 2167/2751/2841
f 1973/2563/2846 1972/2561/2845 2167/2751/2841
f 1974/2565/2847 1973/2563/2846 2167/2751/2841
f 1975/2567/2848 1974/2565/2847 2167/2751/2841
f 1976/2569/2849 1975/2567/2848 2167/2751/2841
f 1977/2571/2850 1976/2569/2849 2167/2751/2841
f 1978/2573/2851 1977/2571/2850 2167/2751/2841
f 1979/2575/2852 1978/2573/2851 2167/2751/2841
f 1980/2577/2853 1979/2575/2852 2167/2751/2841
f 1981/2579/2854 1980/2577/2853 2167/2751/2841
f 1982/2581/2855 1981/2579/2854 2167/2751/2841
f 1983/2583/2856 1982/2581/2855 2167/2751/2841
f 1984/2585/2857 1983/2583/2856 2167/2751/2841
f 1985/2587/2858 1984/2585/2857 2167/2751/2841
f 1986/2589/2859 1985/2587/2858 2167/2751/2841
f 1967/2551/2840 1986/2589/2859 2167/2751/2841
s 161
f 1967/2551/2860 1968/2552/2861 2169/2752/2862 2168/2753/2863
f 1968/2552/2861 1969/2555/2864 2170/2754/2865 2169/2752/2862
f 1969/2555/2864 1970/2557/2866 2171/2755/2867 2170/2754/2865
f 1970/2557/2866 1971/2559/2868 2172/2756/2869 2171/2755/2867
f 1971/2559/2868 1972/2561/2870 2173/2757/2871 2172/2756/2869
f 1972/2561/2870 1973/2563/2872 2174/2758/2873 2173/2757/2871
f 1973/2563/2872 1974/2565/2874 2175/2759/2875 2174/2758/2873
f 1974/2565/2874 1975/2567/2876 2176/2760/2877 2175/2759/2875
f 1975/2567/2876 1976/2569/2878 2177/2761/2879 2176/2760/2877
f 1976/2569/2878 1977/2571/2880 2178/2762/2881 2177/2761/2879
f 1977/2571/2880 1978/2573/2882 2179/2763/2883 2178/2762/2881
f 1978/2573/2882 1979/2575/2884 2180/2764/2885 2179/2763/2883
f 1979/2575/2884 1980/2577/2886 2181/2765/2887 2180/2764/2885
f 1980/2577/2886 1981/2579/2888 2182/2766/2889 2181/2765/2887
f 1981/2579/2888 1982/2581/2890 2183/2767/2891 2182/2766/2889
f 1982/2581/2890 1983/2583/2892 2184/2768/2893 2183/2767/2891
f 1983/2583/2892 1984/2585/2894 2185/2769/2895 2184/2768/2893
f 1984/2585/2894 1985/2587/2896 2186/2770/2897 2185/2769/2895
f 1985/2587/2896 1986/2589/2898 2187/2771/2899 2186/2770/2897
f 1986/2589/2898 1967/2551/2860 2168/2753/2863 2187/2771/2899
s 91
f 1195/1766/1710 2189/1741/1685 2188/1744/1688 1183/1767/1711
f 2208/1765/1709 2192/1824/1768 2189/1741/1685 1195/1766/1710
f 2191/1823/1767 2190/1822/1766 1191/1762/1706 1182/2990/1705
f 2190/1822/1766 1243/3001/1765 2193/3000/1769 2192/1824/1768
f 2194/1818/1762 2193/1825/1769 1243/1821/1765 1236/1816/1760
f 1236/1816/1760 1238/1815/1759 2195/1819/1763 2194/1818/1762
f 2196/1808/1752 2195/1819/1763 1238/1815/1759 1228/1806/1750
f 1228/1806/1750 1230/1805/1749 2197/1809/1753 2196/1808/1752
f 2198/1802/1746 2197/1809/1753 1230/1805/1749 1222/1800/1744
f 1222/1800/1744 1224/1799/1743 2199/1803/1747 2198/1802/1746
f 2200/3005/1732 2199/1803/1747 1224/1799/1743 1212/1786/1730
f 1212/3007/1730 1214/1785/1729 2201/1789/1733 2200/1788/1732
f 2202/1782/1726 2201/1789/1733 1214/1785/1729 1206/1780/1724
f 1206/1780/1724 1208/1779/1723 2203/1783/1727 2202/1782/1726
f 2204/1772/1716 2203/1783/1727 1208/1779/1723 1198/1770/1714
f 1198/1770/1714 1200/1769/1713 2205/1773/1717 2204/1772/1716
f 2206/1763/1707 2205/1773/1717 1200/1769/1713 1190/1759/1703
f 1190/1759/1703 1193/1758/1702 2207/1764/1708 2206/1763/1707
f 2208/2987/1709 2207/1764/1708 1193/1758/1702 1191/2988/1706
f 1191/1762/1706 2190/1822/1766 2192/1824/1768 2208/1765/1709
s 109
f 2210/1905/1849 2209/1904/1848 1325/1915/1859 1324/1914/1858
f 2211/1909/1853 2210/1905/1849 1324/1914/1858 1321/1912/1856
f 1320/1911/1855 2212/1906/1850 2211/1909/1853 1321/1912/1856
s 1
f 2214/1038/948 2213/1037/947 579/1040/2900 578/1039/2901
s 4
f 580/1042/2902 2215/1043/961 2214/1038/964 578/1039/2903
s 2
f 580/1042/2904 581/1041/2905 2216/1044/954 2215/1043/953
s 3
f 2213/1037/959 2216/1044/958 581/1041/2906 579/1040/2907
s 44
f 2218/1644/1588 2217/2789/1599 1099/1652/1596 1089/1634/1578
f 2219/1645/1589 2218/1644/1588 1089/1634/1578 1090/1637/1581
f 2220/1641/1585 2219/1645/1589 1090/1637/1581 1088/1638/1582
f 2221/1592/1536 2220/1641/1585 1088/1638/1582 1046/1582/1526
f 2222/1593/1537 2221/1592/1536 1046/1582/1526 1047/1585/1529
f 2223/1589/1533 2222/1593/1537 1047/1585/1529 1045/1586/1530
f 2224/1578/1522 2223/1589/1533 1045/1586/1530 1035/1568/1512
f 2225/1579/1523 2224/1578/1522 1035/1568/1512 1036/1571/1515
f 2226/1575/1519 2225/1579/1523 1036/1571/1515 1034/1572/1516
f 2227/1527/1471 2226/1575/1519 1034/1572/1516 989/1517/1461
f 2228/1528/1472 2227/1527/1471 989/1517/1461 990/1520/1464
f 2229/1524/1468 2228/1528/1472 990/1520/1464 988/1521/1465
f 2230/1511/1455 2229/1524/1468 988/1521/1465 977/1497/1441
f 2231/1512/1456 2230/1511/1455 977/1497/1441 978/1500/1444
f 2232/1507/1451 2231/1512/1456 978/1500/1444 975/1501/1445
f 2233/1508/1452 2232/1507/1451 975/1501/1445 976/1504/1448
f 2234/1715/1659 2233/1508/1452 976/1504/1448 1151/1709/1653
f 2235/1713/1657 2234/1715/1659 1151/1709/1653 1150/1710/1654
f 2236/1704/1648 2235/1713/1657 1150/1710/1654 1141/1694/1638
f 2237/1705/1649 2236/1704/1648 1141/1694/1638 1142/1697/1641
f 2238/1701/1645 2237/1705/1649 1142/1697/1641 1140/1698/1642
f 2239/1658/1602 2238/1701/1645 1140/1698/1642 1100/1648/1592
f 2240/1659/1603 2239/1658/1602 1100/1648/1592 1101/1651/1595
f 2217/2789/1599 2240/1659/1603 1101/1651/1595 1099/1652/1596
f 936/2803/1584 2242/1448/1392 2241/1444/1388 938/1642/1586
f 895/2805/1535 2243/1430/1374 2242/1448/1392 936/2803/1584
f 928/1590/1534 2244/1427/1371 2243/1430/1374 895/2805/1535
f 926/2806/1532 2245/1432/1376 2244/1427/1371 928/1590/1534
f 916/2808/1521 2246/1422/1366 2245/1432/1376 926/2806/1532
f 920/1576/1520 2247/1419/1363 2246/1422/1366 916/2808/1521
f 918/2809/1518 2248/1424/1368 2247/1419/1363 920/1576/1520
f 896/2811/1470 2249/1410/1354 2248/1424/1368 918/2809/1518
f 911/1525/1469 2250/1407/1351 2249/1410/1354 896/2811/1470
f 909/2812/1467 2251/1412/1356 2250/1407/1351 911/1525/1469
f 897/2814/1454 2252/1400/1344 2251/1412/1356 909/2812/1467
f 902/1509/1453 2253/1397/1341 2252/1400/1344 897/2814/1454
f 900/2815/1450 2254/1404/1348 2253/1397/1341 902/1509/1453
f 894/1505/1449 2255/1401/1345 2254/1404/1348 900/2815/1450
f 962/1714/1658 2256/1471/1415 2255/1401/1345 894/1505/1449
f 960/2793/1656 2257/1474/1418 2256/1471/1415 962/1714/1658
f 951/2795/1647 2258/1466/1410 2257/1474/1418 960/2793/1656
f 955/1702/1646 2259/1463/1407 2258/1466/1410 951/2795/1647
f 953/2797/1644 2260/1468/1412 2259/1463/1407 955/1702/1646
f 933/2799/1601 2261/1454/1398 2260/1468/1412 953/2797/1644
f 946/1656/1600 2262/1451/1395 2261/1454/1398 933/2799/1601
f 944/2800/1598 2263/1456/1400 2262/1451/1395 946/1656/1600
f 934/2802/1587 2264/1443/1387 2263/1456/1400 944/2800/1598
f 938/1642/1586 2241/1444/1388 2264/1443/1387 934/2802/1587
f 856/1328/2908 2266/1387/1331 2265/2780/1377 854/2830/2909
f 2267/1388/1332 2266/1387/1331 856/1328/2908 823/2829/2910
f 864/2827/2911 2268/1449/1393 2267/1388/1332 823/2829/2910
f 866/1342/2912 2269/1441/1385 2268/1449/1393 864/2827/2911
f 2270/1442/1386 2269/1441/1385 866/1342/2912 862/2826/2913
f 872/2824/2914 2271/1457/1401 2270/1442/1386 862/2826/2913
f 874/1352/2915 2272/1437/1381 2271/1457/1401 872/2824/2914
f 2273/1438/1382 2272/1437/1381 874/1352/2915 861/2823/2916
f 881/2821/2917 2274/1469/1413 2273/1438/1382 861/2823/2916
f 883/1364/2918 2275/1461/1405 2274/1469/1413 881/2821/2917
f 2276/1462/1406 2275/1461/1405 883/1364/2918 879/2819/2919
f 888/2817/2920 2277/1475/1419 2276/1462/1406 879/2819/2919
f 890/1374/2921 2278/1383/1327 2277/1475/1419 888/2817/2920
f 2279/1384/1328 2278/1383/1327 890/1374/2921 822/1297/2922
f 828/2839/2923 2280/1405/1349 2279/1384/1328 822/1297/2922
f 830/1293/2924 2281/1395/1339 2280/1405/1349 828/2839/2923
f 2282/1396/1340 2281/1395/1339 830/1293/2924 825/2838/2925
f 837/2836/2926 2283/1413/1357 2282/1396/1340 825/2838/2925
f 839/1306/2927 2284/1391/1335 2283/1413/1357 837/2836/2926
f 2285/1392/1336 2284/1391/1335 839/1306/2927 824/2835/2928
f 846/2833/2929 2286/1425/1369 2285/1392/1336 824/2835/2928
f 848/1318/2930 2287/1417/1361 2286/1425/1369 846/2833/2929
f 2288/1418/1362 2287/1417/1361 848/1318/2930 844/2832/2931
f 854/2830/2909 2265/2780/1377 2288/1418/1362 844/2832/2931
s 29
f 2290/1321/1253 2289/2857/1252 845/1326/1259 849/1327/1260
f 2291/1323/1255 2290/1321/1253 849/1327/1260 847/1325/1258
f 2292/1308/1237 2291/1323/1255 847/1325/1258 836/1314/1244
f 2293/1309/1238 2292/1308/1237 836/1314/1244 840/1315/1245
f 2294/1311/1240 2293/1309/1238 840/1315/1245 838/1313/1243
f 2295/1295/1223 2294/1311/1240 838/1313/1243 826/1304/1233
f 2296/1296/1224 2295/1295/1223 826/1304/1233 831/1305/1234
f 2297/1299/1227 2296/1296/1224 831/1305/1234 829/1303/1232
f 2298/1300/1228 2297/1299/1227 829/1303/1232 827/1302/1231
f 2299/1375/1318 2298/1300/1228 827/1302/1231 891/1380/1324
f 2300/1377/1320 2299/1375/1318 891/1380/1324 889/1379/1323
f 2301/1366/1308 2300/1377/1320 889/1379/1323 880/1372/1315
f 2302/1367/1309 2301/1366/1308 880/1372/1315 884/1373/1316
f 2303/1369/1311 2302/1367/1309 884/1373/1316 882/1371/1314
f 2304/1354/1293 2303/1369/1311 882/1371/1314 871/1360/1300
f 2305/1355/1294 2304/1354/1293 871/1360/1300 875/1361/1301
f 2306/1357/1296 2305/1355/1294 875/1361/1301 873/1359/1299
f 2307/1344/1282 2306/1357/1296 873/1359/1299 863/1350/1289
f 2308/1345/1283 2307/1344/1282 863/1350/1289 867/1351/1290
f 2309/1347/1285 2308/1345/1283 867/1351/1290 865/1349/1288
f 2310/1330/1263 2309/1347/1285 865/1349/1288 853/1336/1270
f 2311/1331/1264 2310/1330/1263 853/1336/1270 857/1337/1271
f 2312/1333/1266 2311/1331/1264 857/1337/1271 855/1335/1269
f 2289/2857/1252 2312/1333/1266 855/1335/1269 845/1326/1259
g default
v -1.921736 6.168985 0.230655
v -1.985505 6.294138 0.230655
v -2.084827 6.393460 0.230655
v -2.209980 6.457229 0.230655
v -2.348714 6.479202 0.230655
v -2.487447 6.457229 0.230655
v -2.612600 6.393460 0.230655
v -2.711922 6.294138 0.230655
v -2.775691 6.168985 0.230655
v -2.797664 6.030252 0.230655
v -2.775691 5.891518 0.230655
v -2.711922 5.766366 0.230655
v -2.612600 5.667044 0.230655
v -2.487447 5.603275 0.230655
v -2.348714 5.581302 0.230655
v -2.209980 5.603275 0.230655
v -2.084828 5.667044 0.230655
v -1.985506 5.766366 0.230655
v -1.921737 5.891518 0.230655
v -1.899764 6.030252 0.230655
v -1.926994 6.167277 0.300887
v -1.989977 6.290890 0.300887
v -2.088076 6.388988 0.300887
v -2.211689 6.451972 0.300887
v -2.348714 6.473675 0.300887
v -2.485739 6.451972 0.300887
v -2.609351 6.388988 0.300887
v -2.707451 6.290889 0.300887
v -2.770434 6.167277 0.300887
v -2.792137 6.030252 0.300887
v -2.770434 5.893227 0.300887
v -2.707451 5.769614 0.300887
v -2.609351 5.671515 0.300887
v -2.485739 5.608532 0.300887
v -2.348714 5.586829 0.300887
v -2.211689 5.608532 0.300887
v -2.088076 5.671515 0.300887
v -1.989977 5.769614 0.300887
v -1.926994 5.893227 0.300887
v -1.905291 6.030252 0.300887
v -1.942634 6.162195 0.369389
v -2.003282 6.281223 0.369389
v -2.097743 6.375683 0.369389
v -2.216771 6.436331 0.369389
v -2.348714 6.457229 0.369389
v -2.480657 6.436331 0.369389
v -2.599685 6.375683 0.369389
v -2.694145 6.281223 0.369389
v -2.754793 6.162195 0.369389
v -2.775691 6.030252 0.369389
v -2.754793 5.898309 0.369389
v -2.694145 5.779281 0.369389
v -2.599685 5.684820 0.369389
v -2.480657 5.624172 0.369389
v -2.348714 5.603275 0.369389
v -2.216771 5.624172 0.369389
v -2.097743 5.684820 0.369389
v -2.003282 5.779281 0.369389
v -1.942635 5.898309 0.369389
v -1.921737 6.030252 0.369389
v -1.968274 6.153864 0.434475
v -2.025093 6.265377 0.434475
v -2.113589 6.353873 0.434475
v -2.225102 6.410691 0.434475
v -2.348714 6.430269 0.434475
v -2.472326 6.410691 0.434475
v -2.583838 6.353873 0.434475
v -2.672335 6.265377 0.434475
v -2.729153 6.153864 0.434475
v -2.748731 6.030252 0.434475
v -2.729153 5.906639 0.434475
v -2.672335 5.795127 0.434475
v -2.583838 5.706631 0.434475
v -2.472326 5.649813 0.434475
v -2.348714 5.630235 0.434475
v -2.225102 5.649813 0.434475
v -2.113589 5.706631 0.434475
v -2.025093 5.795127 0.434475
v -1.968275 5.906639 0.434475
v -1.948696 6.030252 0.434475
v -2.003282 6.142489 0.494542
v -2.054872 6.243740 0.494542
v -2.135225 6.324094 0.494542
v -2.236476 6.375683 0.494542
v -2.348714 6.393460 0.494542
v -2.460952 6.375683 0.494542
v -2.562202 6.324094 0.494542
v -2.642555 6.243740 0.494542
v -2.694145 6.142489 0.494542
v -2.711922 6.030252 0.494542
v -2.694145 5.918015 0.494542
v -2.642555 5.816763 0.494542
v -2.562202 5.736410 0.494542
v -2.460951 5.684820 0.494542
v -2.348714 5.667044 0.494542
v -2.236476 5.684820 0.494542
v -2.135225 5.736410 0.494542
v -2.054872 5.816763 0.494542
v -2.003282 5.918015 0.494542
v -1.985506 6.030252 0.494542
v -2.046795 6.128351 0.548111
v -2.091887 6.216847 0.548111
v -2.162118 6.287079 0.548111
v -2.250615 6.332170 0.548111
v -2.348714 6.347708 0.548111
v -2.446813 6.332170 0.548111
v -2.535309 6.287079 0.548111
v -2.605541 6.216847 0.548111
v -2.650632 6.128351 0.548111
v -2.666170 6.030252 0.548111
v -2.650632 5.932152 0.548111
v -2.605541 5.843656 0.548111
v -2.535309 5.773425 0.548111
v -2.446813 5.728333 0.548111
v -2.348714 5.712796 0.548111
v -2.250615 5.728333 0.548111
v -2.162118 5.773425 0.548111
v -2.091887 5.843656 0.548111
v -2.046796 5.932152 0.548111
v -2.031258 6.030252 0.548111
v -2.097743 6.111797 0.593864
v -2.135225 6.185360 0.593864
v -2.193605 6.243740 0.593864
v -2.267168 6.281223 0.593864
v -2.348714 6.294138 0.593864
v -2.430259 6.281223 0.593864
v -2.503822 6.243740 0.593864
v -2.562202 6.185360 0.593864
v -2.599685 6.111797 0.593864
v -2.612600 6.030252 0.593864
v -2.599685 5.948707 0.593864
v -2.562202 5.875143 0.593864
v -2.503822 5.816763 0.593864
v -2.430259 5.779281 0.593864
v -2.348714 5.766366 0.593864
v -2.267168 5.779281 0.593864
v -2.193605 5.816763 0.593864
v -2.135225 5.875143 0.593864
v -2.097743 5.948707 0.593864
v -2.084828 6.030252 0.593864
v -2.154870 6.093235 0.630673
v -2.183821 6.150054 0.630673
v -2.228912 6.195145 0.630673
v -2.285730 6.224095 0.630673
v -2.348714 6.234071 0.630673
v -2.411697 6.224095 0.630673
v -2.468516 6.195145 0.630673
v -2.513607 6.150054 0.630673
v -2.542557 6.093235 0.630673
v -2.552533 6.030252 0.630673
v -2.542557 5.967268 0.630673
v -2.513607 5.910450 0.630673
v -2.468516 5.865358 0.630673
v -2.411697 5.836408 0.630673
v -2.348714 5.826433 0.630673
v -2.285730 5.836408 0.630673
v -2.228912 5.865358 0.630673
v -2.183821 5.910450 0.630673
v -2.154870 5.967268 0.630673
v -2.144895 6.030252 0.630673
v -2.216771 6.073123 0.657632
v -2.236476 6.111797 0.657632
v -2.267168 6.142489 0.657632
v -2.305843 6.162195 0.657632
v -2.348714 6.168985 0.657632
v -2.391585 6.162195 0.657632
v -2.430259 6.142489 0.657632
v -2.460951 6.111797 0.657632
v -2.480657 6.073123 0.657632
v -2.487447 6.030252 0.657632
v -2.480657 5.987381 0.657632
v -2.460951 5.948707 0.657632
v -2.430259 5.918015 0.657632
v -2.391585 5.898309 0.657632
v -2.348714 5.891518 0.657632
v -2.305843 5.898309 0.657632
v -2.267168 5.918015 0.657632
v -2.236476 5.948707 0.657632
v -2.216771 5.987381 0.657632
v -2.209980 6.030252 0.657632
v -2.281920 6.051955 0.674078
v -2.291895 6.071533 0.674078
v -2.307433 6.087070 0.674078
v -2.327011 6.097046 0.674078
v -2.348714 6.100483 0.674078
v -2.370417 6.097046 0.674078
v -2.389995 6.087070 0.674078
v -2.405532 6.071533 0.674078
v -2.415508 6.051955 0.674078
v -2.418945 6.030252 0.674078
v -2.415508 6.008549 0.674078
v -2.405532 5.988971 0.674078
v -2.389995 5.973433 0.674078
v -2.370417 5.963458 0.674078
v -2.348714 5.960021 0.674078
v -2.327011 5.963458 0.674078
v -2.307433 5.973433 0.674078
v -2.291895 5.988971 0.674078
v -2.281920 6.008549 0.674078
v -2.278482 6.030252 0.674078
v -2.348714 6.030252 0.679605
v -1.921736 6.148946 -8.004032
v -1.985505 6.256021 -8.004032
v -2.084827 6.340997 -8.004032
v -2.209980 6.395555 -8.004032
v -2.348714 6.414354 -8.004032
v -2.487447 6.395555 -8.004032
v -2.612600 6.340997 -8.004032
v -2.711922 6.256021 -8.004032
v -2.775691 6.148946 -8.004032
v -2.797664 6.030252 -8.004032
v -2.775691 5.911558 -8.004032
v -2.711922 5.804482 -8.004032
v -2.612600 5.719507 -8.004032
v -2.487447 5.664949 -8.004032
v -2.348714 5.646150 -8.004032
v -2.209980 5.664949 -8.004032
v -2.084828 5.719507 -8.004032
v -1.985506 5.804482 -8.004032
v -1.921737 5.911558 -8.004032
v -1.899764 6.030252 -8.004032
v -2.348714 6.391750 -8.766332
v -2.348714 6.407871 -8.149074
v -2.348714 5.666480 -8.201768
v -2.348714 5.656536 -8.149074
v -2.789580 6.017058 -8.496366
v -2.787547 6.032043 -8.149074
v -2.613344 6.291320 -8.745805
v -2.593874 6.343782 -8.149074
v -2.606854 6.312666 -8.546894
v -2.348714 6.400982 -8.560578
v -2.488001 6.362085 -8.765284
v -2.483792 6.375893 -8.559880
v -2.600364 6.334012 -8.347984
v -2.348714 6.410215 -8.354826
v -2.479584 6.389701 -8.354477
v -2.475376 6.391932 -8.149074
v -2.788902 6.025912 -8.380602
v -2.711564 6.203575 -8.689466
v -2.705973 6.227565 -8.509336
v -2.772522 6.110069 -8.602156
v -2.769583 6.129662 -8.451128
v -2.694792 6.263970 -8.149074
v -2.700383 6.251555 -8.329205
v -2.788224 6.034766 -8.264838
v -2.766644 6.149254 -8.300101
v -2.763705 6.157270 -8.149074
v -2.710364 5.830617 -8.289272
v -2.694792 5.799997 -8.149074
v -2.705174 5.824269 -8.242539
v -2.767041 5.923849 -8.386718
v -2.765929 5.922018 -8.307503
v -2.699983 5.817921 -8.195807
v -2.764817 5.920187 -8.228289
v -2.763705 5.906779 -8.149074
v -2.348714 5.667024 -8.184203
v -2.618678 5.747952 -8.223728
v -2.610410 5.742566 -8.198844
v -2.493061 5.688970 -8.202067
v -2.487166 5.687275 -8.184402
v -2.593874 5.720217 -8.149074
v -2.602142 5.737179 -8.173959
v -2.348714 5.667568 -8.166638
v -2.481271 5.685580 -8.166739
v -2.475376 5.672308 -8.149074
v -1.907848 6.017058 -8.496366
v -1.909881 6.032043 -8.149074
v -2.078750 5.747952 -8.223728
v -2.103553 5.720217 -8.149074
v -2.087017 5.742566 -8.198844
v -2.204366 5.688970 -8.202067
v -2.210262 5.687275 -8.184402
v -2.095286 5.737179 -8.173959
v -2.216157 5.685580 -8.166739
v -2.222052 5.672308 -8.149074
v -1.908526 6.025912 -8.380602
v -1.987063 5.830617 -8.289272
v -1.992254 5.824269 -8.242539
v -1.930386 5.923849 -8.386718
v -1.931498 5.922018 -8.307503
v -2.002635 5.799997 -8.149074
v -1.997445 5.817921 -8.195807
v -1.909203 6.034766 -8.264838
v -1.932611 5.920187 -8.228289
v -1.933723 5.906779 -8.149074
v -1.985864 6.203575 -8.689466
v -2.002635 6.263970 -8.149074
v -1.991455 6.227565 -8.509336
v -1.924906 6.110069 -8.602156
v -1.927845 6.129662 -8.451128
v -1.997045 6.251555 -8.329205
v -1.930784 6.149254 -8.300101
v -1.933723 6.157270 -8.149074
v -2.084083 6.291320 -8.745805
v -2.090573 6.312666 -8.546894
v -2.209427 6.362085 -8.765284
v -2.213635 6.375893 -8.559880
v -2.103553 6.343782 -8.149074
v -2.097063 6.334012 -8.347984
v -2.217843 6.389701 -8.354477
v -2.222052 6.391932 -8.149074
v -1.916858 5.955505 -8.423291
v -1.917424 5.956744 -8.331841
v -1.917908 5.958152 -8.240488
v -1.918250 5.948174 -8.149074
v -1.907631 5.950954 -8.004032
v -1.907473 5.937875 0.230655
v -1.912906 5.939013 0.300887
v -1.929069 5.942397 0.369389
v -1.955566 5.947944 0.434475
v -1.991743 5.955519 0.494542
v -2.036710 5.964932 0.548111
v -2.089359 5.975955 0.593864
v -2.148395 5.988314 0.630673
v -2.212363 6.001706 0.657632
v -2.279689 6.015801 0.674078
v -2.616352 6.392440 0.110383
v -2.715377 6.292224 0.110384
v -2.778150 6.167151 0.110478
v -2.799763 6.029887 0.110548
v -2.778153 5.892633 0.110509
v -2.715381 5.767578 0.110412
v -2.616352 5.667355 0.110388
v -2.489868 5.602348 0.110487
v -2.348714 5.579798 0.110547
v -2.207559 5.602348 0.110487
v -2.081076 5.667355 0.110388
v -1.982047 5.767578 0.110412
v -1.919275 5.892633 0.110509
v -1.905279 5.938533 0.110540
v -1.897665 6.029887 0.110548
v -1.919277 6.167151 0.110478
v -1.982050 6.292224 0.110384
v -2.081076 6.392440 0.110383
v -2.207557 6.457397 0.110514
v -2.348714 6.479914 0.110590
v -2.489871 6.457397 0.110514
v -2.623326 6.391356 0.005545
v -2.722025 6.289412 0.005552
v -2.783197 6.164246 0.005751
v -2.804228 6.029271 0.005902
v -2.783205 5.894325 0.005817
v -2.722035 5.769208 0.005615
v -2.623328 5.667245 0.005560
v -2.494314 5.599977 0.005761
v -2.348714 5.576387 0.005886
v -2.203113 5.599977 0.005761
v -2.074100 5.667245 0.005560
v -1.975393 5.769208 0.005615
v -1.914223 5.894325 0.005817
v -1.900663 5.939517 0.005882
v -1.893200 6.029271 0.005902
v -1.914230 6.164246 0.005751
v -1.975402 6.289412 0.005552
v -2.074101 6.391356 0.005545
v -2.203106 6.458487 0.005813
v -2.348714 6.481986 0.005972
v -2.494322 6.458487 0.005813
v -2.631088 6.389379 -0.110431
v -2.729214 6.285581 -0.110419
v -2.788373 6.160542 -0.110120
v -2.808675 6.028542 -0.109893
v -2.788388 5.896592 -0.110021
v -2.729233 5.771641 -0.110326
v -2.631091 5.667809 -0.110412
v -2.499318 5.597987 -0.110112
v -2.348714 5.573208 -0.109927
v -2.198110 5.597987 -0.110112
v -2.066336 5.667809 -0.110412
v -1.968195 5.771641 -0.110326
v -1.909040 5.896592 -0.110021
v -1.896022 5.940859 -0.109924
v -1.888753 6.028542 -0.109893
v -1.909054 6.160542 -0.110120
v -1.968213 6.285581 -0.110419
v -2.066339 6.389379 -0.110431
v -2.198096 6.458961 -0.110030
v -2.348714 6.483581 -0.109792
v -2.499332 6.458961 -0.110030
v -2.193744 6.496784 0.131821
v -2.348714 6.521564 0.131923
v -2.503684 6.496784 0.131821
v -2.642231 6.425439 0.131652
v -2.750222 6.315714 0.131663
v -2.818388 6.179207 0.131799
v -2.841846 6.029894 0.131910
v -2.818389 5.880597 0.131848
v -2.750223 5.744118 0.131713
v -2.642228 5.634385 0.131672
v -2.503677 5.562969 0.131800
v -2.348714 5.538143 0.131880
v -2.193751 5.562969 0.131800
v -2.055200 5.634385 0.131672
v -1.947205 5.744118 0.131713
v -1.879039 5.880597 0.131848
v -1.863860 5.930538 0.131899
v -1.855582 6.029894 0.131910
v -1.879039 6.179207 0.131799
v -1.947205 6.315714 0.131663
v -2.055196 6.425439 0.131652
v -2.190059 6.494800 0.023768
v -2.348714 6.520455 0.023953
v -2.507368 6.494800 0.023768
v -2.647667 6.421626 0.023455
v -2.754582 6.310801 0.023463
v -2.820586 6.175108 0.023696
v -2.843272 6.029230 0.023872
v -2.820596 5.883386 0.023772
v -2.754595 5.747753 0.023536
v -2.647669 5.636904 0.023470
v -2.507359 5.563566 0.023705
v -2.348714 5.537801 0.023851
v -2.190068 5.563567 0.023705
v -2.049759 5.636904 0.023470
v -1.942833 5.747753 0.023536
v -1.876832 5.883386 0.023772
v -1.862216 5.932240 0.023848
v -1.854156 6.029230 0.023872
v -1.876841 6.175108 0.023696
v -1.942845 6.310801 0.023463
v -2.049761 6.421626 0.023455
v -2.184595 6.495248 -0.111749
v -2.348714 6.522124 -0.111468
v -2.512832 6.495248 -0.111748
v -2.656128 6.419407 -0.112222
v -2.762410 6.306571 -0.112208
v -2.826210 6.171040 -0.111855
v -2.848098 6.028432 -0.111587
v -2.826227 5.885886 -0.111738
v -2.762433 5.750455 -0.112098
v -2.656131 5.637580 -0.112200
v -2.512816 5.561462 -0.111846
v -2.348714 5.534401 -0.111628
v -2.184611 5.561462 -0.111846
v -2.041296 5.637580 -0.112200
v -1.934996 5.750455 -0.112098
v -1.871200 5.885886 -0.111738
v -1.857178 5.933722 -0.111623
v -1.849330 6.028432 -0.111587
v -1.871216 6.171040 -0.111855
v -1.935017 6.306571 -0.112208
v -2.041299 6.419407 -0.112222
v -2.191232 6.495791 0.055593
v -2.348714 6.521158 0.055758
v -2.506195 6.495791 0.055593
v -2.645982 6.423207 0.055315
v -2.753348 6.312695 0.055325
v -2.820153 6.176631 0.055538
v -2.843124 6.029462 0.055703
v -2.820159 5.882319 0.055611
v -2.753356 5.746305 0.055398
v -2.645981 5.635775 0.055337
v -2.506186 5.563061 0.055547
v -2.348714 5.537606 0.055678
v -2.191241 5.563061 0.055547
v -2.051446 5.635775 0.055337
v -1.944071 5.746305 0.055398
v -1.877268 5.882319 0.055611
v -1.862446 5.931584 0.055682
v -1.854304 6.029462 0.055703
v -1.877274 6.176631 0.055538
v -1.944079 6.312696 0.055326
v -2.051446 6.423207 0.055315
v -2.185934 6.495248 -0.076935
v -2.348714 6.521824 -0.076681
v -2.511493 6.495248 -0.076935
v -2.654066 6.420060 -0.077364
v -2.760531 6.307703 -0.077351
v -2.824900 6.172098 -0.077031
v -2.846994 6.028633 -0.076789
v -2.824915 5.885221 -0.076925
v -2.760551 5.749707 -0.077252
v -2.654069 5.637315 -0.077344
v -2.511479 5.561878 -0.077023
v -2.348714 5.535136 -0.076825
v -2.185948 5.561878 -0.077023
v -2.043358 5.637315 -0.077344
v -1.936877 5.749707 -0.077252
v -1.872512 5.885221 -0.076925
v -1.858337 5.933326 -0.076821
v -1.850434 6.028633 -0.076789
v -1.872527 6.172098 -0.077031
v -1.936896 6.307703 -0.077351
v -2.043361 6.420060 -0.077364
v -2.199856 6.483384 0.176180
v -2.348714 6.507071 0.176248
v -2.497571 6.483384 0.176180
v -2.631256 6.414911 0.176062
v -2.736402 6.308932 0.176060
v -2.803344 6.176234 0.176139
v -2.826399 6.030107 0.176196
v -2.803346 5.883986 0.176163
v -2.736405 5.751300 0.176080
v -2.631256 5.645316 0.176061
v -2.497569 5.576807 0.176150
v -2.348714 5.553096 0.176204
v -2.199858 5.576807 0.176150
v -2.066171 5.645315 0.176061
v -1.961023 5.751301 0.176080
v -1.894082 5.883986 0.176163
v -1.879140 5.932837 0.176189
v -1.871030 6.030107 0.176196
v -1.894083 6.176235 0.176139
v -1.961026 6.308932 0.176060
v -2.066172 6.414911 0.176062
vt 0.385933 0.856418
vt 0.393345 0.856418
vt 0.405794 0.856418
vt 0.418243 0.856418
vt 0.430692 0.856418
vt 0.443141 0.856418
vt 0.455590 0.856418
vt 0.468039 0.856418
vt 0.480488 0.856418
vt 0.492937 0.856418
vt 0.505386 0.856418
vt 0.517835 0.856418
vt 0.530284 0.856418
vt 0.542733 0.856418
vt 0.555182 0.856418
vt 0.567631 0.856418
vt 0.580080 0.856418
vt 0.592529 0.856418
vt 0.604978 0.856418
vt 0.583380 0.877583
vt 0.629876 0.856418
vt 0.386110 0.862618
vt 0.398048 0.862434
vt 0.409475 0.863546
vt 0.420598 0.865927
vt 0.431919 0.894200
vt 0.443093 0.893569
vt 0.452633 0.894045
vt 0.461684 0.895673
vt 0.470370 0.898354
vt 0.479262 0.902867
vt 0.486030 0.910293
vt 0.491118 0.917599
vt 0.495199 0.925601
vt 0.498221 0.934234
vt 0.523832 0.929463
vt 0.533262 0.917198
vt 0.543221 0.906058
vt 0.555315 0.895222
vt 0.570499 0.889250
vt 0.585057 0.885327
vt 0.600151 0.882853
vt 0.386539 0.868746
vt 0.397836 0.868270
vt 0.408603 0.869190
vt 0.419082 0.871475
vt 0.432978 0.899827
vt 0.443088 0.898573
vt 0.452113 0.898728
vt 0.460614 0.900123
vt 0.468783 0.902662
vt 0.476719 0.906652
vt 0.482501 0.913110
vt 0.487287 0.919894
vt 0.491036 0.927359
vt 0.493742 0.935486
vt 0.530486 0.934001
vt 0.539124 0.921984
vt 0.548582 0.911333
vt 0.559420 0.901717
vt 0.572912 0.896391
vt 0.586591 0.892724
vt 0.601017 0.890670
vt 0.387284 0.874808
vt 0.397763 0.874010
vt 0.407766 0.874736
vt 0.417490 0.876925
vt 0.434348 0.905122
vt 0.443386 0.903441
vt 0.451717 0.903304
vt 0.459584 0.904486
vt 0.467144 0.906888
vt 0.474089 0.910401
vt 0.479107 0.915876
vt 0.483550 0.922118
vt 0.486946 0.929022
vt 0.489293 0.936599
vt 0.537363 0.938166
vt 0.545056 0.926638
vt 0.553870 0.916627
vt 0.563546 0.908255
vt 0.575325 0.903428
vt 0.588037 0.900039
vt 0.601526 0.898492
vt 0.388362 0.880810
vt 0.397839 0.879722
vt 0.406942 0.880264
vt 0.415784 0.882336
vt 0.436015 0.910163
vt 0.443939 0.908207
vt 0.451437 0.907832
vt 0.458572 0.908813
vt 0.465412 0.911064
vt 0.471366 0.914142
vt 0.475782 0.918659
vt 0.479840 0.924308
vt 0.482859 0.930605
vt 0.484813 0.937553
vt 0.544482 0.941960
vt 0.551111 0.931175
vt 0.559115 0.921981
vt 0.567691 0.914841
vt 0.577807 0.910416
vt 0.589371 0.907357
vt 0.601659 0.906318
vt 0.389784 0.886753
vt 0.398077 0.885455
vt 0.406129 0.885820
vt 0.413933 0.887746
vt 0.437990 0.914999
vt 0.444728 0.912909
vt 0.451274 0.912357
vt 0.457559 0.913149
vt 0.463560 0.915211
vt 0.468555 0.917890
vt 0.472479 0.921512
vt 0.476103 0.926501
vt 0.478712 0.932115
vt 0.480254 0.938330
vt 0.551859 0.945371
vt 0.557332 0.935631
vt 0.564360 0.927435
vt 0.571856 0.921463
vt 0.580383 0.917409
vt 0.590590 0.914725
vt 0.601402 0.914157
vt 0.391566 0.892646
vt 0.398487 0.891262
vt 0.405308 0.891467
vt 0.411902 0.893186
vt 0.440291 0.919643
vt 0.445757 0.917576
vt 0.451223 0.916920
vt 0.456531 0.917531
vt 0.461567 0.919345
vt 0.465667 0.921655
vt 0.469164 0.924485
vt 0.472283 0.928726
vt 0.474444 0.933556
vt 0.475568 0.938906
vt 0.559492 0.948384
vt 0.563762 0.939992
vt 0.569635 0.933010
vt 0.576055 0.928107
vt 0.583084 0.924437
vt 0.591686 0.922191
vt 0.600757 0.922006
vt 0.393710 0.898480
vt 0.399082 0.897157
vt 0.404475 0.897244
vt 0.409672 0.898673
vt 0.442915 0.924079
vt 0.447032 0.922222
vt 0.451290 0.921551
vt 0.455478 0.921985
vt 0.459420 0.923475
vt 0.462720 0.925441
vt 0.465805 0.927615
vt 0.468322 0.931008
vt 0.469989 0.934926
vt 0.470713 0.939252
vt 0.567372 0.950980
vt 0.570427 0.944262
vt 0.574982 0.938708
vt 0.580304 0.934760
vt 0.585919 0.931524
vt 0.592669 0.929781
vt 0.599743 0.929857
vt 0.396199 0.904226
vt 0.399867 0.903164
vt 0.403633 0.903174
vt 0.407248 0.904214
vt 0.445839 0.928287
vt 0.448559 0.926846
vt 0.451481 0.926268
vt 0.454396 0.926531
vt 0.457117 0.927606
vt 0.459726 0.929243
vt 0.462354 0.930925
vt 0.464146 0.933358
vt 0.465274 0.936205
vt 0.465651 0.939319
vt 0.575464 0.953106
vt 0.577352 0.948399
vt 0.580432 0.944494
vt 0.584594 0.941394
vt 0.588865 0.938678
vt 0.593529 0.937494
vt 0.598378 0.937684
vt 0.398941 0.909867
vt 0.400814 0.909293
vt 0.402774 0.909284
vt 0.404654 0.909837
vt 0.449021 0.932229
vt 0.450343 0.931420
vt 0.451815 0.931048
vt 0.453296 0.931152
vt 0.454659 0.931720
vt 0.456663 0.933065
vt 0.458703 0.934415
vt 0.459635 0.935769
vt 0.460195 0.937362
vt 0.460337 0.939066
vt 0.583609 0.954781
vt 0.584505 0.952351
vt 0.586038 0.950311
vt 0.588923 0.948009
vt 0.591876 0.945896
vt 0.594272 0.945310
vt 0.596740 0.945449
vt 0.401681 0.915520
vt 0.401802 0.915503
vt 0.401949 0.915522
vt 0.402062 0.915567
vt 0.452372 0.935916
vt 0.452351 0.935847
vt 0.452323 0.935790
vt 0.452138 0.935707
vt 0.453313 0.936752
vt 0.454786 0.938000
vt 0.454809 0.938298
vt 0.454806 0.938656
vt 0.454763 0.938893
vt 0.591783 0.956427
vt 0.591743 0.956156
vt 0.593223 0.954516
vt 0.594912 0.953195
vt 0.595046 0.953201
vt 0.418328 0.790299
vt 0.393345 0.856418
vt 0.411418 0.788238
vt 0.405794 0.856418
vt 0.404801 0.788794
vt 0.418243 0.856418
vt 0.398400 0.793176
vt 0.430692 0.856418
vt 0.521398 0.830524
vt 0.443141 0.856418
vt 0.521400 0.830525
vt 0.455590 0.856418
vt 0.521390 0.830520
vt 0.468039 0.856418
vt 0.521406 0.830525
vt 0.480488 0.856418
vt 0.521396 0.830526
vt 0.492937 0.856418
vt 0.542673 0.835525
vt 0.505386 0.856418
vt 0.553906 0.838099
vt 0.517835 0.856418
vt 0.568096 0.839574
vt 0.530284 0.856418
vt 0.584135 0.840010
vt 0.542733 0.856418
vt 0.601664 0.838684
vt 0.555182 0.856418
vt 0.471277 0.798581
vt 0.567631 0.856418
vt 0.454525 0.805772
vt 0.580080 0.856418
vt 0.439893 0.811901
vt 0.592529 0.856418
vt 0.426782 0.783901
vt 0.604978 0.856418
vt 0.423520 0.785672
vt 0.617427 0.856418
vt 0.420037 0.786098
vt 0.629876 0.856418
vt 0.406007 0.807089
vt 0.401815 0.798874
vt 0.407003 0.796082
vt 0.411153 0.804380
vt 0.494010 0.815623
vt 0.493590 0.812952
vt 0.584515 0.823120
vt 0.583270 0.820714
vt 0.530254 0.812718
vt 0.531420 0.823663
vt 0.521402 0.830523
vt 0.521399 0.830524
vt 0.521402 0.830524
vt 0.521397 0.830525
vt 0.521396 0.830525
vt 0.521399 0.830524
vt 0.521396 0.830523
vt 0.521397 0.830523
vt 0.521400 0.830524
vt 0.521398 0.830523
vt 0.521396 0.830520
vt 0.521394 0.830522
vt 0.521396 0.830524
vt 0.521396 0.830527
vt 0.521398 0.830522
vt 0.521399 0.830517
vt 0.530202 0.801357
vt 0.521399 0.830520
vt 0.521400 0.830523
vt 0.521401 0.830523
vt 0.521399 0.830524
vt 0.521401 0.830524
vt 0.553971 0.818554
vt 0.555688 0.823542
vt 0.542911 0.823111
vt 0.541657 0.815538
vt 0.540363 0.799969
vt 0.551896 0.808901
vt 0.552987 0.813696
vt 0.541093 0.807760
vt 0.581509 0.816669
vt 0.598777 0.814925
vt 0.494546 0.817837
vt 0.582388 0.818684
vt 0.565456 0.815141
vt 0.566686 0.817859
vt 0.569731 0.823643
vt 0.567899 0.820628
vt 0.427158 0.793191
vt 0.425539 0.789703
vt 0.429245 0.787797
vt 0.430107 0.790226
vt 0.461656 0.825756
vt 0.462345 0.822004
vt 0.477300 0.816901
vt 0.476964 0.819811
vt 0.476708 0.824558
vt 0.461386 0.832274
vt 0.461523 0.829030
vt 0.476843 0.822196
vt 0.432720 0.794921
vt 0.431876 0.800117
vt 0.429415 0.796621
vt 0.431380 0.792560
vt 0.450169 0.844682
vt 0.433576 0.788819
vt 0.432781 0.785844
vt 0.433013 0.787408
vt 0.420515 0.798881
vt 0.417924 0.792580
vt 0.421058 0.791359
vt 0.424006 0.796078
vt 0.430830 0.805561
vt 0.428706 0.810932
vt 0.424358 0.804922
vt 0.427272 0.800755
vt 0.420322 0.819451
vt 0.415052 0.822692
vt 0.410366 0.815003
vt 0.415538 0.812048
vt 0.425145 0.815680
vt 0.420414 0.808776
vt 0.412786 0.794024
vt 0.416117 0.801698
vt 0.432394 0.796674
vt 0.430695 0.793938
vt 0.429131 0.791263
vt 0.427929 0.788465
vt 0.604978 0.856418
vt 0.573223 0.880201
vt 0.617386 0.856418
vt 0.575409 0.887677
vt 0.577517 0.894884
vt 0.579596 0.901980
vt 0.581682 0.909051
vt 0.583791 0.916159
vt 0.585946 0.923348
vt 0.588157 0.930647
vt 0.590407 0.938060
vt 0.592666 0.945582
vt 0.467912 0.856418
vt 0.455463 0.856418
vt 0.480361 0.856418
vt 0.467912 0.856418
vt 0.492810 0.856418
vt 0.480361 0.856418
vt 0.505259 0.856418
vt 0.492810 0.856418
vt 0.517708 0.856418
vt 0.505259 0.856418
vt 0.530157 0.856418
vt 0.517708 0.856418
vt 0.542606 0.856418
vt 0.530157 0.856418
vt 0.555055 0.856418
vt 0.542606 0.856418
vt 0.567504 0.856418
vt 0.555055 0.856418
vt 0.579953 0.856418
vt 0.567504 0.856418
vt 0.592402 0.856418
vt 0.579953 0.856418
vt 0.604851 0.856418
vt 0.592402 0.856418
vt 0.617300 0.856418
vt 0.604851 0.856418
vt 0.617300 0.856418
vt 0.629749 0.856418
vt 0.617294 0.856401
vt 0.393218 0.856418
vt 0.629749 0.856418
vt 0.405667 0.856418
vt 0.393218 0.856418
vt 0.418116 0.856418
vt 0.405667 0.856418
vt 0.430565 0.856418
vt 0.418116 0.856418
vt 0.443014 0.856418
vt 0.430565 0.856418
vt 0.455463 0.856418
vt 0.443014 0.856418
vt 0.467747 0.856418
vt 0.455299 0.856418
vt 0.480196 0.856418
vt 0.467747 0.856418
vt 0.492645 0.856418
vt 0.480196 0.856418
vt 0.505094 0.856418
vt 0.492645 0.856418
vt 0.517543 0.856418
vt 0.505094 0.856418
vt 0.529992 0.856418
vt 0.517543 0.856418
vt 0.542441 0.856418
vt 0.529992 0.856418
vt 0.554890 0.856418
vt 0.542441 0.856418
vt 0.567339 0.856418
vt 0.554890 0.856418
vt 0.579788 0.856418
vt 0.567339 0.856418
vt 0.592237 0.856418
vt 0.579788 0.856418
vt 0.604686 0.856418
vt 0.592237 0.856418
vt 0.617135 0.856418
vt 0.604686 0.856418
vt 0.617135 0.856418
vt 0.629584 0.856418
vt 0.617133 0.856408
vt 0.393054 0.856418
vt 0.629584 0.856418
vt 0.405503 0.856418
vt 0.393054 0.856418
vt 0.417952 0.856418
vt 0.405503 0.856418
vt 0.430401 0.856418
vt 0.417952 0.856418
vt 0.442850 0.856418
vt 0.430401 0.856418
vt 0.455299 0.856418
vt 0.442850 0.856418
vt 0.467565 0.856418
vt 0.455116 0.856418
vt 0.480014 0.856418
vt 0.467565 0.856418
vt 0.492463 0.856418
vt 0.480014 0.856418
vt 0.504912 0.856418
vt 0.492463 0.856418
vt 0.517361 0.856418
vt 0.504912 0.856418
vt 0.529810 0.856418
vt 0.517361 0.856418
vt 0.542259 0.856418
vt 0.529810 0.856418
vt 0.554708 0.856418
vt 0.542259 0.856418
vt 0.567157 0.856418
vt 0.554708 0.856418
vt 0.579606 0.856418
vt 0.567157 0.856418
vt 0.592055 0.856418
vt 0.579606 0.856418
vt 0.604504 0.856418
vt 0.592055 0.856418
vt 0.616953 0.856418
vt 0.604504 0.856418
vt 0.616953 0.856418
vt 0.629402 0.856418
vt 0.616953 0.856418
vt 0.392871 0.856418
vt 0.629402 0.856418
vt 0.405320 0.856418
vt 0.392871 0.856418
vt 0.417769 0.856418
vt 0.405320 0.856418
vt 0.430218 0.856418
vt 0.417769 0.856418
vt 0.442667 0.856418
vt 0.430218 0.856418
vt 0.455116 0.856418
vt 0.442667 0.856418
vt 0.430510 0.856444
vt 0.418062 0.856391
vt 0.442959 0.856444
vt 0.430510 0.856391
vt 0.455409 0.856445
vt 0.442959 0.856391
vt 0.467859 0.856445
vt 0.455407 0.856391
vt 0.480308 0.856445
vt 0.467856 0.856391
vt 0.492756 0.856445
vt 0.480305 0.856390
vt 0.505204 0.856445
vt 0.492755 0.856390
vt 0.517653 0.856445
vt 0.505205 0.856390
vt 0.530101 0.856445
vt 0.517654 0.856390
vt 0.542550 0.856445
vt 0.530103 0.856391
vt 0.555000 0.856444
vt 0.542552 0.856391
vt 0.567449 0.856444
vt 0.555000 0.856391
vt 0.579899 0.856445
vt 0.567449 0.856391
vt 0.592348 0.856445
vt 0.579897 0.856391
vt 0.604797 0.856445
vt 0.592346 0.856391
vt 0.617258 0.856452
vt 0.604795 0.856390
vt 0.617240 0.856418
vt 0.629694 0.856445
vt 0.617249 0.856384
vt 0.393163 0.856445
vt 0.629695 0.856390
vt 0.405611 0.856445
vt 0.393165 0.856390
vt 0.418060 0.856445
vt 0.405614 0.856391
vt 0.430351 0.856448
vt 0.417904 0.856387
vt 0.442801 0.856448
vt 0.430352 0.856388
vt 0.455251 0.856448
vt 0.442800 0.856388
vt 0.467701 0.856449
vt 0.455249 0.856387
vt 0.480150 0.856449
vt 0.467698 0.856387
vt 0.492599 0.856449
vt 0.480148 0.856387
vt 0.505047 0.856449
vt 0.492598 0.856386
vt 0.517495 0.856449
vt 0.505048 0.856386
vt 0.529943 0.856449
vt 0.517497 0.856387
vt 0.542392 0.856448
vt 0.529946 0.856387
vt 0.554841 0.856448
vt 0.542394 0.856387
vt 0.567291 0.856448
vt 0.554842 0.856388
vt 0.579741 0.856448
vt 0.567290 0.856388
vt 0.592191 0.856449
vt 0.579739 0.856387
vt 0.604640 0.856449
vt 0.592188 0.856387
vt 0.617105 0.856455
vt 0.604638 0.856387
vt 0.617082 0.856418
vt 0.629537 0.856449
vt 0.617094 0.856381
vt 0.393005 0.856449
vt 0.629538 0.856386
vt 0.405453 0.856449
vt 0.393007 0.856387
vt 0.417902 0.856448
vt 0.405456 0.856387
vt 0.430188 0.856418
vt 0.417739 0.856418
vt 0.442637 0.856418
vt 0.430188 0.856418
vt 0.455086 0.856418
vt 0.442636 0.856166
vt 0.467535 0.856418
vt 0.455085 0.856172
vt 0.479984 0.856418
vt 0.467535 0.856183
vt 0.492433 0.856418
vt 0.479984 0.856191
vt 0.504882 0.856418
vt 0.492433 0.856199
vt 0.517331 0.856418
vt 0.504882 0.856200
vt 0.529780 0.856418
vt 0.517331 0.856191
vt 0.542229 0.856418
vt 0.529780 0.856183
vt 0.554678 0.856418
vt 0.542230 0.856172
vt 0.567127 0.856418
vt 0.554678 0.856166
vt 0.579576 0.856418
vt 0.567126 0.856166
vt 0.592025 0.856418
vt 0.579575 0.856172
vt 0.604474 0.856418
vt 0.592024 0.856183
vt 0.616922 0.856516
vt 0.604474 0.856191
vt 0.616922 0.856441
vt 0.629372 0.856418
vt 0.616921 0.856297
vt 0.392841 0.856418
vt 0.629371 0.856199
vt 0.405290 0.856418
vt 0.392841 0.856191
vt 0.430189 0.856663
vt 0.405291 0.856183
vt 0.430466 0.856438
vt 0.418018 0.856398
vt 0.442863 0.856422
vt 0.430414 0.856413
vt 0.455312 0.856422
vt 0.442863 0.856413
vt 0.467761 0.856422
vt 0.455312 0.856413
vt 0.480210 0.856422
vt 0.467761 0.856413
vt 0.492659 0.856422
vt 0.480210 0.856413
vt 0.505108 0.856422
vt 0.492659 0.856413
vt 0.517557 0.856422
vt 0.505108 0.856413
vt 0.530006 0.856422
vt 0.517557 0.856413
vt 0.542454 0.856422
vt 0.530006 0.856413
vt 0.554903 0.856422
vt 0.542454 0.856413
vt 0.567352 0.856422
vt 0.554904 0.856413
vt 0.579801 0.856422
vt 0.567352 0.856413
vt 0.592250 0.856422
vt 0.579801 0.856413
vt 0.604700 0.856422
vt 0.592250 0.856413
vt 0.617155 0.856423
vt 0.604699 0.856413
vt 0.617147 0.856418
vt 0.629598 0.856422
vt 0.617151 0.856412
vt 0.393067 0.856422
vt 0.629598 0.856413
vt 0.405516 0.856422
vt 0.393067 0.856413
vt 0.417965 0.856422
vt 0.405516 0.856413
vt 0.430281 0.856444
vt 0.417834 0.856391
vt 0.442688 0.856418
vt 0.430239 0.856418
vt 0.455137 0.856418
vt 0.442688 0.856418
vt 0.467586 0.856418
vt 0.455137 0.856418
vt 0.480035 0.856418
vt 0.467586 0.856418
vt 0.492484 0.856418
vt 0.480035 0.856418
vt 0.504933 0.856418
vt 0.492484 0.856418
vt 0.517382 0.856418
vt 0.504933 0.856418
vt 0.529831 0.856418
vt 0.517382 0.856418
vt 0.542280 0.856418
vt 0.529831 0.856418
vt 0.554729 0.856418
vt 0.542280 0.856418
vt 0.567178 0.856418
vt 0.554729 0.856418
vt 0.579627 0.856418
vt 0.567178 0.856418
vt 0.592076 0.856418
vt 0.579627 0.856418
vt 0.604525 0.856418
vt 0.592076 0.856418
vt 0.616974 0.856418
vt 0.604525 0.856418
vt 0.616974 0.856418
vt 0.629423 0.856418
vt 0.616974 0.856418
vt 0.392892 0.856418
vt 0.629423 0.856418
vt 0.405341 0.856418
vt 0.392892 0.856418
vt 0.417790 0.856418
vt 0.405341 0.856418
vt 0.430600 0.856418
vt 0.418151 0.856418
vt 0.443035 0.856424
vt 0.430586 0.856411
vt 0.455484 0.856424
vt 0.443035 0.856411
vt 0.467933 0.856424
vt 0.455484 0.856411
vt 0.480382 0.856425
vt 0.467933 0.856411
vt 0.492831 0.856425
vt 0.480382 0.856411
vt 0.505280 0.856425
vt 0.492831 0.856411
vt 0.517729 0.856425
vt 0.505280 0.856411
vt 0.530178 0.856424
vt 0.517729 0.856411
vt 0.542627 0.856424
vt 0.530178 0.856411
vt 0.555076 0.856424
vt 0.542627 0.856411
vt 0.567525 0.856424
vt 0.555076 0.856411
vt 0.579974 0.856424
vt 0.567525 0.856411
vt 0.592423 0.856424
vt 0.579974 0.856411
vt 0.604872 0.856425
vt 0.592423 0.856411
vt 0.617329 0.856426
vt 0.604872 0.856411
vt 0.617318 0.856418
vt 0.629770 0.856425
vt 0.617323 0.856410
vt 0.393239 0.856425
vt 0.629770 0.856411
vt 0.405688 0.856424
vt 0.393239 0.856411
vt 0.418137 0.856424
vt 0.405688 0.856411
vt 0.380896 0.856418
vt 0.617427 0.856418
vt 0.604978 0.856481
vt 0.592529 0.856418
vt 0.580080 0.856418
vt 0.567631 0.856418
vt 0.555182 0.856418
vt 0.542733 0.856418
vt 0.530284 0.856418
vt 0.517835 0.856418
vt 0.505386 0.856418
vt 0.492937 0.856418
vt 0.480488 0.856418
vt 0.468039 0.856418
vt 0.455590 0.856418
vt 0.443141 0.856418
vt 0.430692 0.856418
vt 0.418245 0.856524
vt 0.418246 0.856730
vt 0.393345 0.856418
vt 0.617401 0.856401
vt 0.598962 0.875023
vt 0.567969 0.881944
vt 0.551228 0.888772
vt 0.537721 0.900699
vt 0.527297 0.912219
vt 0.505139 0.942351
vt 0.502808 0.932863
vt 0.499525 0.923730
vt 0.495109 0.915185
vt 0.489614 0.907362
vt 0.481907 0.898998
vt 0.471959 0.893922
vt 0.462823 0.891071
vt 0.453263 0.889191
vt 0.443118 0.888277
vt 0.433525 0.863759
vt 0.422091 0.860220
vt 0.410398 0.857715
vt 0.398382 0.856418
vt 0.405702 0.856418
vt 0.418151 0.856418
vt 0.430586 0.856424
vt 0.418137 0.856411
vt 0.393253 0.856418
vt 0.405702 0.856418
vt 0.629783 0.856418
vt 0.393253 0.856418
vt 0.617361 0.856401
vt 0.629783 0.856418
vt 0.617373 0.856418
vt 0.604885 0.856418
vt 0.617334 0.856418
vt 0.592436 0.856418
vt 0.604885 0.856418
vt 0.579987 0.856418
vt 0.592436 0.856418
vt 0.567538 0.856418
vt 0.579987 0.856418
vt 0.555090 0.856418
vt 0.567538 0.856418
vt 0.542641 0.856418
vt 0.555090 0.856418
vt 0.530192 0.856418
vt 0.542641 0.856418
vt 0.517743 0.856418
vt 0.530192 0.856418
vt 0.505294 0.856418
vt 0.517743 0.856418
vt 0.492845 0.856418
vt 0.505294 0.856418
vt 0.480396 0.856418
vt 0.492845 0.856418
vt 0.467947 0.856418
vt 0.480396 0.856418
vt 0.455498 0.856418
vt 0.467947 0.856418
vt 0.443049 0.856418
vt 0.455498 0.856418
vt 0.430600 0.856418
vt 0.443049 0.856418
vt 0.405569 0.856397
vt 0.418016 0.856438
vt 0.430414 0.856422
vt 0.417965 0.856413
vt 0.393120 0.856397
vt 0.405567 0.856438
vt 0.629649 0.856397
vt 0.393118 0.856438
vt 0.617192 0.856392
vt 0.629649 0.856438
vt 0.617209 0.856418
vt 0.604751 0.856397
vt 0.617177 0.856443
vt 0.592302 0.856397
vt 0.604752 0.856438
vt 0.579853 0.856398
vt 0.592304 0.856438
vt 0.567405 0.856398
vt 0.579855 0.856438
vt 0.554956 0.856398
vt 0.567405 0.856438
vt 0.542508 0.856398
vt 0.554956 0.856438
vt 0.530059 0.856397
vt 0.542506 0.856438
vt 0.517609 0.856397
vt 0.530057 0.856438
vt 0.505159 0.856397
vt 0.517608 0.856438
vt 0.492710 0.856397
vt 0.505159 0.856438
vt 0.480261 0.856397
vt 0.492711 0.856438
vt 0.467812 0.856397
vt 0.480262 0.856438
vt 0.455363 0.856398
vt 0.467814 0.856438
vt 0.442915 0.856398
vt 0.455365 0.856438
vt 0.430467 0.856398
vt 0.442916 0.856438
vt 0.405384 0.856391
vt 0.417831 0.856444
vt 0.430239 0.856418
vt 0.417790 0.856418
vt 0.392934 0.856391
vt 0.405381 0.856445
vt 0.629464 0.856390
vt 0.392932 0.856445
vt 0.617005 0.856385
vt 0.629462 0.856445
vt 0.617021 0.856418
vt 0.604565 0.856391
vt 0.616991 0.856450
vt 0.592116 0.856391
vt 0.604567 0.856445
vt 0.579668 0.856391
vt 0.592119 0.856445
vt 0.567220 0.856392
vt 0.579670 0.856444
vt 0.554772 0.856392
vt 0.567221 0.856444
vt 0.542323 0.856391
vt 0.554771 0.856444
vt 0.529874 0.856391
vt 0.542321 0.856444
vt 0.517424 0.856391
vt 0.529871 0.856445
vt 0.504973 0.856390
vt 0.517422 0.856445
vt 0.492524 0.856390
vt 0.504973 0.856445
vt 0.480075 0.856391
vt 0.492525 0.856445
vt 0.467626 0.856391
vt 0.480077 0.856445
vt 0.455178 0.856391
vt 0.467629 0.856445
vt 0.442730 0.856392
vt 0.455181 0.856444
vt 0.430282 0.856392
vt 0.442731 0.856444
vt 0.405290 0.856418
vt 0.417739 0.856418
vt 0.430188 0.856418
vt 0.392841 0.856418
vt 0.405290 0.856418
vt 0.629372 0.856418
vt 0.392841 0.856418
vt 0.616923 0.856418
vt 0.629372 0.856418
vt 0.616923 0.856418
vt 0.604474 0.856418
vt 0.616923 0.856418
vt 0.592025 0.856418
vt 0.604474 0.856418
vt 0.579576 0.856418
vt 0.592025 0.856418
vt 0.567127 0.856418
vt 0.579576 0.856418
vt 0.554678 0.856418
vt 0.567127 0.856418
vt 0.542229 0.856418
vt 0.554678 0.856418
vt 0.529780 0.856418
vt 0.542229 0.856418
vt 0.517331 0.856418
vt 0.529780 0.856418
vt 0.504882 0.856418
vt 0.517331 0.856418
vt 0.492433 0.856418
vt 0.504882 0.856418
vt 0.479984 0.856418
vt 0.492433 0.856418
vt 0.467535 0.856418
vt 0.479984 0.856418
vt 0.455086 0.856418
vt 0.467535 0.856418
vt 0.442637 0.856418
vt 0.455086 0.856418
vt 0.430188 0.856418
vt 0.442637 0.856418
vt 0.425708 0.784500
vt 0.424159 0.784825
vt 0.604978 0.856418
vt 0.418328 0.790299
vt 0.617426 0.856235
vt 0.426865 0.783888
vt 0.592528 0.856229
vt 0.430224 0.782029
vt 0.580079 0.856220
vt 0.454534 0.806292
vt 0.567630 0.856211
vt 0.470439 0.800256
vt 0.555181 0.856206
vt 0.489407 0.794190
vt 0.542732 0.856206
vt 0.585092 0.840480
vt 0.530284 0.856211
vt 0.568326 0.840528
vt 0.517835 0.856220
vt 0.553795 0.839449
vt 0.505386 0.856229
vt 0.541388 0.837675
vt 0.492937 0.856235
vt 0.532546 0.836502
vt 0.480488 0.856235
vt 0.521405 0.830526
vt 0.468038 0.856229
vt 0.521393 0.830517
vt 0.455589 0.856220
vt 0.521401 0.830531
vt 0.443140 0.856211
vt 0.521397 0.830520
vt 0.430692 0.856206
vt 0.521398 0.830524
vt 0.418245 0.856312
vt 0.404032 0.789807
vt 0.411462 0.786485
vt 0.393345 0.856220
vt 0.416591 0.786397
vt 0.380896 0.856229
vt 0.431742 0.888491
vt 0.406292 0.910908
vt 0.410471 0.906242
vt 0.414446 0.901445
vt 0.418141 0.896458
vt 0.421492 0.891300
vt 0.424492 0.886016
vt 0.427171 0.880622
vt 0.429559 0.875108
vt 0.431666 0.869477
vt 0.599622 0.821496
vt 0.598983 0.817001
vt 0.599192 0.819073
vt 0.495091 0.820047
vt 0.517542 0.924650
vt 0.460021 0.940754
vt 0.465180 0.942534
vt 0.470363 0.943857
vt 0.475517 0.944716
vt 0.480609 0.945160
vt 0.485635 0.945229
vt 0.490603 0.944951
vt 0.495514 0.944348
vt 0.500358 0.943460
vt 0.521397 0.830525
vt 0.521399 0.830523
vt 0.521396 0.830523
vt 0.530177 0.789949
vt 0.447911 0.827487
vt 0.449162 0.839095
vt 0.448166 0.833501
vt 0.434122 0.790238
vn 0.948125 0.308064 0.078461
vn 0.806523 0.585974 0.078459
vn 0.799334 0.580751 0.154248
vn 0.939675 0.305317 0.154248
vn 0.585973 0.806524 0.078457
vn 0.580750 0.799335 0.154249
vn 0.308066 0.948125 0.078453
vn 0.305318 0.939675 0.154248
vn -0.000000 0.996918 0.078451
vn 0.000000 0.988033 0.154245
vn -0.308067 0.948124 0.078455
vn -0.305319 0.939675 0.154247
vn -0.585974 0.806523 0.078458
vn -0.580751 0.799335 0.154249
vn -0.806523 0.585974 0.078457
vn -0.799335 0.580751 0.154249
vn -0.948125 0.308065 0.078458
vn -0.939675 0.305318 0.154248
vn -0.996917 0.000000 0.078460
vn -0.988032 -0.000000 0.154249
vn -0.948125 -0.308064 0.078460
vn -0.939674 -0.305318 0.154250
vn -0.806522 -0.585974 0.078462
vn -0.799334 -0.580751 0.154251
vn -0.585972 -0.806524 0.078462
vn -0.580750 -0.799335 0.154247
vn -0.308066 -0.948124 0.078457
vn -0.305320 -0.939674 0.154246
vn 0.000000 -0.996918 0.078457
vn -0.000000 -0.988032 0.154248
vn 0.308066 -0.948125 0.078456
vn 0.305320 -0.939674 0.154246
vn 0.585973 -0.806523 0.078458
vn 0.580751 -0.799335 0.154247
vn 0.806522 -0.585974 0.078462
vn 0.799334 -0.580752 0.154250
vn 0.907546 -0.412653 0.077967
vn 0.899511 -0.409014 0.153580
vn 0.984614 -0.156024 0.078686
vn 0.975736 -0.154610 0.155032
vn 0.995049 0.061198 0.078313
vn 0.986177 0.060666 0.154193
vn 0.770524 0.559819 0.304788
vn 0.905806 0.294313 0.304788
vn 0.559818 0.770525 0.304789
vn 0.294314 0.905805 0.304790
vn 0.000000 0.952420 0.304790
vn -0.294315 0.905805 0.304790
vn -0.559819 0.770523 0.304790
vn -0.770523 0.559819 0.304790
vn -0.905805 0.294314 0.304789
vn -0.952420 0.000000 0.304788
vn -0.905805 -0.294313 0.304789
vn -0.770523 -0.559819 0.304790
vn -0.559819 -0.770524 0.304789
vn -0.294315 -0.905805 0.304790
vn -0.000000 -0.952419 0.304792
vn 0.294314 -0.905805 0.304789
vn 0.559818 -0.770525 0.304787
vn 0.770524 -0.559819 0.304788
vn 0.867335 -0.394428 0.303573
vn 0.940224 -0.148970 0.306247
vn 0.950649 0.058518 0.304701
vn 0.723291 0.525502 0.447994
vn 0.850278 0.276272 0.447996
vn 0.525502 0.723292 0.447992
vn 0.276271 0.850279 0.447995
vn 0.000000 0.894035 0.447998
vn -0.276272 0.850279 0.447995
vn -0.525502 0.723292 0.447992
vn -0.723290 0.525502 0.447994
vn -0.850278 0.276273 0.447996
vn -0.894036 0.000000 0.447995
vn -0.850279 -0.276273 0.447994
vn -0.723290 -0.525503 0.447994
vn -0.525501 -0.723291 0.447995
vn -0.276272 -0.850278 0.447996
vn 0.000000 -0.894036 0.447996
vn 0.276272 -0.850280 0.447994
vn 0.525501 -0.723292 0.447992
vn 0.723291 -0.525503 0.447992
vn 0.814507 -0.370477 0.446459
vn 0.882062 -0.139735 0.449935
vn 0.892383 0.054993 0.447915
vn 0.658808 0.478651 0.580401
vn 0.774475 0.251641 0.580401
vn 0.478651 0.658807 0.580403
vn 0.251641 0.774474 0.580402
vn 0.000000 0.814331 0.580401
vn -0.251642 0.774475 0.580401
vn -0.478652 0.658808 0.580400
vn -0.658808 0.478651 0.580401
vn -0.774474 0.251642 0.580402
vn -0.814331 0.000000 0.580401
vn -0.774475 -0.251642 0.580401
vn -0.658808 -0.478652 0.580400
vn -0.478652 -0.658809 0.580399
vn -0.251642 -0.774476 0.580399
vn -0.000000 -0.814332 0.580399
vn 0.251641 -0.774475 0.580401
vn 0.478651 -0.658808 0.580400
vn 0.658808 -0.478652 0.580400
vn 0.742241 -0.337705 0.578821
vn 0.802769 -0.127143 0.582578
vn 0.812804 0.050171 0.580373
vn 0.578713 0.420459 0.698789
vn 0.680318 0.221049 0.698788
vn 0.420460 0.578712 0.698789
vn 0.221049 0.680319 0.698787
vn 0.000000 0.715331 0.698786
vn -0.221048 0.680318 0.698788
vn -0.420460 0.578711 0.698790
vn -0.578714 0.420459 0.698788
vn -0.680319 0.221050 0.698787
vn -0.715330 0.000000 0.698787
vn -0.680318 -0.221049 0.698788
vn -0.578713 -0.420460 0.698789
vn -0.420459 -0.578712 0.698789
vn -0.221049 -0.680318 0.698788
vn -0.000000 -0.715329 0.698788
vn 0.221048 -0.680317 0.698790
vn 0.420460 -0.578712 0.698789
vn 0.578713 -0.420460 0.698788
vn 0.652275 -0.296892 0.697419
vn 0.704448 -0.111535 0.700937
vn 0.713910 0.044166 0.698844
vn 0.485140 0.352475 0.800251
vn 0.570314 0.185306 0.800253
vn 0.352476 0.485140 0.800250
vn 0.185308 0.570314 0.800252
vn 0.000000 0.599663 0.800252
vn -0.185307 0.570314 0.800252
vn -0.352474 0.485139 0.800251
vn -0.485139 0.352475 0.800251
vn -0.570315 0.185306 0.800252
vn -0.599666 -0.000000 0.800251
vn -0.570316 -0.185305 0.800251
vn -0.485137 -0.352474 0.800252
vn -0.352473 -0.485138 0.800252
vn -0.185307 -0.570314 0.800252
vn -0.000000 -0.599665 0.800251
vn 0.185307 -0.570315 0.800251
vn 0.352474 -0.485139 0.800251
vn 0.485139 -0.352473 0.800252
vn 0.546922 -0.249077 0.799273
vn 0.589799 -0.093342 0.802138
vn 0.598317 0.037129 0.800399
vn 0.380847 0.276701 0.882265
vn 0.447711 0.145470 0.882266
vn 0.276701 0.380845 0.882266
vn 0.145471 0.447710 0.882267
vn -0.000000 0.470750 0.882267
vn -0.145471 0.447709 0.882267
vn -0.276700 0.380846 0.882266
vn -0.380846 0.276702 0.882265
vn -0.447711 0.145470 0.882266
vn -0.470752 0.000000 0.882266
vn -0.447712 -0.145470 0.882265
vn -0.380845 -0.276701 0.882266
vn -0.276700 -0.380847 0.882266
vn -0.145471 -0.447712 0.882265
vn -0.000000 -0.470751 0.882266
vn 0.145470 -0.447712 0.882266
vn 0.276700 -0.380845 0.882266
vn 0.380846 -0.276699 0.882266
vn 0.429255 -0.195649 0.881738
vn 0.462270 -0.073113 0.883720
vn 0.469440 0.029263 0.882479
vn 0.269871 0.196073 0.942722
vn 0.317253 0.103082 0.942722
vn 0.196072 0.269868 0.942723
vn 0.103082 0.317250 0.942723
vn -0.000000 0.333578 0.942723
vn -0.103082 0.317251 0.942723
vn -0.196073 0.269869 0.942723
vn -0.269870 0.196073 0.942722
vn -0.317251 0.103083 0.942722
vn -0.333579 0.000000 0.942722
vn -0.317250 -0.103082 0.942723
vn -0.269868 -0.196072 0.942723
vn -0.196074 -0.269870 0.942722
vn -0.103083 -0.317253 0.942722
vn -0.000000 -0.333578 0.942723
vn 0.103082 -0.317253 0.942722
vn 0.196073 -0.269870 0.942722
vn 0.269870 -0.196072 0.942723
vn 0.303868 -0.138685 0.942566
vn 0.326856 -0.051640 0.943662
vn 0.332307 0.020868 0.942940
vn 0.162096 0.117769 0.979722
vn 0.190556 0.061916 0.979722
vn 0.117770 0.162095 0.979722
vn 0.061915 0.190555 0.979722
vn -0.000000 0.200361 0.979722
vn -0.061915 0.190555 0.979722
vn -0.117771 0.162095 0.979722
vn -0.162095 0.117770 0.979722
vn -0.190555 0.061917 0.979722
vn -0.200362 -0.000000 0.979722
vn -0.190555 -0.061917 0.979722
vn -0.162095 -0.117770 0.979722
vn -0.117773 -0.162097 0.979722
vn -0.061916 -0.190556 0.979722
vn -0.000000 -0.200360 0.979722
vn 0.061915 -0.190556 0.979722
vn 0.117771 -0.162095 0.979722
vn 0.162095 -0.117768 0.979722
vn 0.171355 -0.075292 0.982328
vn 0.174084 -0.027442 0.984348
vn 0.193711 0.011058 0.980996
vn -0.000000 0.000000 1.000000
vn 0.792097 0.401678 0.459605
vn 0.792097 0.401678 0.459605
vn 0.892686 0.450614 0.007629
vn 0.892485 0.450569 0.021427
vn 0.630137 0.627573 0.457251
vn 0.630137 0.627573 0.457251
vn 0.709681 0.704521 0.001974
vn 0.709520 0.704435 0.018774
vn 0.405670 0.793617 0.453436
vn 0.405670 0.793617 0.453436
vn 0.455646 0.890155 -0.003403
vn 0.455608 0.890115 0.010830
vn 0.140097 0.881708 0.450515
vn 0.140097 0.881708 0.450515
vn 0.157040 0.987585 -0.003872
vn 0.157040 0.987591 0.001668
vn -0.140098 0.881711 0.450508
vn -0.140098 0.881711 0.450508
vn -0.157041 0.987591 0.001665
vn -0.157041 0.987585 -0.003874
vn -0.405668 0.793615 0.453441
vn -0.405668 0.793615 0.453441
vn -0.455607 0.890115 0.010834
vn -0.455645 0.890155 -0.003400
vn -0.630133 0.627572 0.457258
vn -0.630133 0.627572 0.457258
vn -0.709519 0.704436 0.018779
vn -0.709680 0.704521 0.001977
vn -0.792097 0.401675 0.459609
vn -0.792097 0.401675 0.459609
vn -0.892487 0.450564 0.021427
vn -0.892688 0.450610 0.007629
vn -0.875869 0.138540 0.462234
vn -0.875869 0.138540 0.462234
vn -0.987539 0.155809 0.022164
vn -0.987661 0.155823 0.015641
vn -0.875533 -0.138446 0.462898
vn -0.875533 -0.138446 0.462898
vn -0.987615 -0.155836 0.018195
vn -0.987549 -0.155828 0.021568
vn -0.791265 -0.401277 0.461386
vn -0.791265 -0.401277 0.461386
vn -0.892636 -0.450623 0.011802
vn -0.892450 -0.450573 0.022728
vn -0.629178 -0.626659 0.459820
vn -0.629178 -0.626659 0.459820
vn -0.709682 -0.704484 0.007311
vn -0.709500 -0.704370 0.021770
vn -0.404948 -0.792090 0.456740
vn -0.404947 -0.792090 0.456740
vn -0.455837 -0.890059 0.002852
vn -0.455769 -0.889964 0.015447
vn -0.139833 -0.879741 0.454426
vn -0.139833 -0.879741 0.454426
vn -0.157195 -0.987564 0.002863
vn -0.157189 -0.987538 0.007781
vn 0.139833 -0.879740 0.454427
vn 0.139833 -0.879740 0.454427
vn 0.157190 -0.987538 0.007782
vn 0.157196 -0.987563 0.002864
vn 0.404945 -0.792089 0.456742
vn 0.404945 -0.792090 0.456742
vn 0.455767 -0.889965 0.015453
vn 0.455836 -0.890059 0.002858
vn 0.629180 -0.626657 0.459820
vn 0.629180 -0.626657 0.459820
vn 0.709502 -0.704368 0.021765
vn 0.709684 -0.704482 0.007306
vn 0.791265 -0.401278 0.461384
vn 0.791265 -0.401278 0.461384
vn 0.892449 -0.450574 0.022727
vn 0.892636 -0.450624 0.011801
vn 0.873223 -0.138464 0.467235
vn 0.846398 -0.259765 0.464900
vn 0.956024 -0.292508 0.021401
vn 0.987600 -0.155966 0.017890
vn 0.875869 0.138535 0.462235
vn 0.875869 0.138535 0.462235
vn 0.987662 0.155815 0.015643
vn 0.987540 0.155801 0.022165
vn -0.000000 0.999643 -0.026722
vn -0.000000 0.999999 0.001720
vn 0.269055 0.963097 -0.007363
vn 0.289532 0.956537 -0.034765
vn 0.000001 -0.947256 -0.320477
vn 0.000002 -0.831509 -0.555511
vn -0.194214 -0.828836 -0.524702
vn -0.259744 -0.919022 -0.296532
vn -0.999456 0.032648 0.004571
vn -0.999677 0.025291 0.002538
vn -0.916845 0.399234 -0.002797
vn -0.918923 0.394110 -0.016086
vn -0.530885 0.846214 -0.045647
vn -0.510710 0.859498 -0.020926
vn -0.269055 0.963097 -0.007363
vn -0.289532 0.956537 -0.034765
vn -0.339215 0.938876 -0.058696
vn -0.564235 0.823048 -0.065050
vn -0.562955 0.823796 -0.066640
vn -0.325793 0.943563 -0.059560
vn -0.000000 0.998546 -0.053913
vn -0.000000 0.998538 -0.054055
vn -0.893242 0.447994 -0.037681
vn -0.994540 0.104347 -0.001335
vn -0.999729 0.023064 0.003271
vn -0.921942 0.386140 -0.030300
vn -0.735572 0.674714 -0.060785
vn -0.754908 0.653151 -0.059236
vn -0.730350 0.682789 -0.019710
vn -0.740846 0.670459 -0.040402
vn -0.774989 -0.627350 -0.076315
vn -0.726963 -0.663157 -0.178179
vn -0.932958 -0.356961 -0.046561
vn -0.944786 -0.327490 -0.011401
vn -0.963431 -0.267517 0.015352
vn -0.825967 -0.563664 0.007834
vn -0.787515 -0.616273 0.005182
vn -0.943528 -0.331015 0.013581
vn -0.324398 -0.945856 -0.011078
vn -0.000000 -0.999973 -0.007396
vn 0.000000 -0.999966 -0.008209
vn -0.285181 -0.958386 -0.012924
vn -0.609707 -0.792625 -0.001818
vn -0.558626 -0.829382 -0.007871
vn -0.442602 -0.807461 -0.390013
vn -0.530645 -0.825712 -0.191352
vn 0.983322 -0.181870 -0.001103
vn 0.981389 -0.191456 -0.014872
vn 0.863657 -0.497670 -0.080136
vn 0.876923 -0.479713 -0.029695
vn 0.530644 -0.825713 -0.191351
vn 0.442600 -0.807463 -0.390012
vn 0.194215 -0.828839 -0.524697
vn 0.259743 -0.919025 -0.296525
vn 0.324399 -0.945855 -0.011085
vn 0.609703 -0.792628 -0.001825
vn 0.558625 -0.829383 -0.007873
vn 0.285181 -0.958387 -0.012922
vn 0.898647 -0.438592 0.008394
vn 0.987790 -0.155361 0.011569
vn 0.980998 -0.193734 0.010469
vn 0.880492 -0.473985 0.008502
vn 0.825965 -0.563667 0.007833
vn 0.787514 -0.616275 0.005180
vn 0.726964 -0.663156 -0.178180
vn 0.774990 -0.627349 -0.076316
vn 0.740846 0.670459 -0.040401
vn 0.730350 0.682789 -0.019709
vn 0.916845 0.399234 -0.002797
vn 0.918922 0.394110 -0.016086
vn 0.893241 0.447997 -0.037680
vn 0.735572 0.674714 -0.060785
vn 0.754908 0.653150 -0.059235
vn 0.921942 0.386141 -0.030300
vn 0.990781 0.135437 -0.003084
vn 0.996561 0.082867 -0.000127
vn 0.995796 0.091506 0.004110
vn 0.996134 0.087659 0.005806
vn 0.339216 0.938876 -0.058695
vn 0.325793 0.943563 -0.059559
vn 0.564236 0.823047 -0.065050
vn 0.562956 0.823796 -0.066640
vn 0.510710 0.859498 -0.020925
vn 0.530885 0.846214 -0.045647
vn 0.848337 0.526527 -0.055614
vn 0.848337 0.526527 -0.055614
vn 0.848337 0.526527 -0.055614
vn 0.848337 0.526527 -0.055614
vn 0.980520 0.184167 -0.068292
vn 0.980520 0.184167 -0.068292
vn 0.980520 0.184167 -0.068292
vn 0.980520 0.184167 -0.068292
vn 0.980939 -0.181686 -0.068917
vn 0.937113 -0.343093 -0.064084
vn 0.937113 -0.343093 -0.064084
vn 0.980020 -0.186623 -0.068800
vn 0.847760 -0.525965 -0.068295
vn 0.847760 -0.525965 -0.068295
vn 0.847760 -0.525965 -0.068295
vn 0.847760 -0.525965 -0.068295
vn 0.633882 -0.770407 -0.068320
vn 0.633882 -0.770407 -0.068320
vn 0.633882 -0.770407 -0.068320
vn 0.633882 -0.770407 -0.068320
vn 0.386797 -0.919753 -0.066648
vn 0.386797 -0.919753 -0.066648
vn 0.386797 -0.919753 -0.066648
vn 0.386797 -0.919753 -0.066648
vn 0.128893 -0.989467 -0.065895
vn 0.128893 -0.989467 -0.065895
vn 0.128893 -0.989467 -0.065895
vn 0.128893 -0.989467 -0.065895
vn -0.128893 -0.989467 -0.065897
vn -0.128893 -0.989467 -0.065897
vn -0.128893 -0.989467 -0.065897
vn -0.128893 -0.989467 -0.065897
vn -0.386797 -0.919753 -0.066647
vn -0.386797 -0.919753 -0.066647
vn -0.386797 -0.919753 -0.066647
vn -0.386797 -0.919753 -0.066647
vn -0.633882 -0.770406 -0.068320
vn -0.633882 -0.770406 -0.068320
vn -0.633882 -0.770406 -0.068320
vn -0.633882 -0.770406 -0.068320
vn -0.847760 -0.525965 -0.068294
vn -0.847760 -0.525965 -0.068294
vn -0.847760 -0.525965 -0.068294
vn -0.847760 -0.525965 -0.068294
vn -0.980211 -0.184083 -0.072793
vn -0.980211 -0.184083 -0.072793
vn -0.980211 -0.184083 -0.072793
vn -0.980211 -0.184083 -0.072793
vn -0.980519 0.184171 -0.068290
vn -0.980519 0.184171 -0.068290
vn -0.980519 0.184171 -0.068290
vn -0.980519 0.184171 -0.068290
vn -0.848338 0.526526 -0.055612
vn -0.848338 0.526526 -0.055612
vn -0.848338 0.526526 -0.055612
vn -0.848338 0.526526 -0.055612
vn -0.634649 0.771188 -0.049910
vn -0.634649 0.771188 -0.049910
vn -0.634649 0.771188 -0.049910
vn -0.634649 0.771187 -0.049910
vn -0.388064 0.920588 -0.043855
vn -0.388064 0.920588 -0.043855
vn -0.388064 0.920588 -0.043855
vn -0.388064 0.920588 -0.043855
vn -0.129682 0.990752 -0.039907
vn -0.129682 0.990752 -0.039907
vn -0.129682 0.990752 -0.039907
vn -0.129682 0.990752 -0.039907
vn 0.129681 0.990752 -0.039906
vn 0.129681 0.990752 -0.039906
vn 0.129681 0.990752 -0.039906
vn 0.129681 0.990752 -0.039905
vn 0.388064 0.920588 -0.043858
vn 0.388064 0.920588 -0.043858
vn 0.388064 0.920588 -0.043858
vn 0.388064 0.920588 -0.043858
vn 0.634647 0.771189 -0.049909
vn 0.634647 0.771189 -0.049909
vn 0.634647 0.771189 -0.049909
vn 0.634647 0.771189 -0.049909
vn 0.992602 -0.098770 -0.070617
vn 0.992601 -0.098770 -0.070617
vn 0.881951 -0.073587 0.465562
vn 0.996369 -0.083073 0.018653
vn -0.648551 0.643723 0.406204
vn -0.664068 0.659001 0.353174
vn -0.591348 0.576612 0.563761
vn -0.615369 0.600257 0.510893
vn -0.818610 0.413581 0.398532
vn -0.834206 0.421337 0.355774
vn -0.737125 0.364136 0.569256
vn -0.762183 0.376612 0.526537
vn -0.911816 0.144232 0.384432
vn -0.919771 0.145470 0.364499
vn -0.812244 0.127374 0.569241
vn -0.825940 0.129513 0.548680
vn -0.918025 -0.145040 0.369043
vn -0.912737 -0.144214 0.382247
vn -0.822774 -0.128859 0.553569
vn -0.813584 -0.127420 0.567315
vn -0.832011 -0.420261 0.362132
vn -0.818496 -0.413538 0.398812
vn -0.758187 -0.374756 0.533582
vn -0.736499 -0.363957 0.570179
vn -0.661919 -0.656963 0.360920
vn -0.647642 -0.642917 0.408922
vn -0.611702 -0.596762 0.519322
vn -0.589696 -0.575114 0.567012
vn -0.424371 -0.827477 0.367683
vn -0.416322 -0.811784 0.409490
vn -0.397005 -0.764506 0.507856
vn -0.385233 -0.741589 0.549219
vn -0.145615 -0.912892 0.381345
vn -0.144536 -0.906100 0.397608
vn -0.137076 -0.848746 0.510726
vn -0.135550 -0.839164 0.526716
vn 0.144539 -0.906104 0.397598
vn 0.145618 -0.912896 0.381336
vn 0.135549 -0.839167 0.526712
vn 0.137076 -0.848748 0.510722
vn 0.416317 -0.811781 0.409502
vn 0.424367 -0.827476 0.367691
vn 0.385234 -0.741589 0.549218
vn 0.397007 -0.764506 0.507854
vn 0.647649 -0.642921 0.408905
vn 0.661927 -0.656967 0.360899
vn 0.589691 -0.575107 0.567024
vn 0.611699 -0.596757 0.519332
vn 0.818493 -0.413539 0.398817
vn 0.832007 -0.420261 0.362140
vn 0.736498 -0.363960 0.570179
vn 0.758186 -0.374760 0.533581
vn 0.917444 -0.144210 0.370809
vn 0.903529 -0.276811 0.327125
vn 0.758089 -0.229204 0.610547
vn 0.809817 -0.127930 0.572564
vn 0.928701 -0.077480 0.362646
vn 0.812860 -0.067705 0.578512
vn 0.919774 0.145456 0.364497
vn 0.911820 0.144219 0.384429
vn 0.825940 0.129503 0.548682
vn 0.812247 0.127364 0.569239
vn 0.834198 0.421343 0.355785
vn 0.818601 0.413588 0.398545
vn 0.762181 0.376615 0.526537
vn 0.737123 0.364139 0.569256
vn 0.664067 0.658998 0.353180
vn 0.648549 0.643721 0.406211
vn 0.615363 0.600258 0.510900
vn 0.591342 0.576612 0.563768
vn 0.425874 0.830590 0.358819
vn 0.417292 0.813818 0.404435
vn 0.399262 0.769768 0.498043
vn 0.386613 0.745094 0.543476
vn 0.146100 0.916485 0.372438
vn 0.144950 0.909225 0.390255
vn 0.137706 0.854884 0.500210
vn 0.136066 0.844555 0.517893
vn -0.144952 0.909226 0.390252
vn -0.146102 0.916488 0.372430
vn -0.136066 0.844557 0.517889
vn -0.137707 0.854888 0.500204
vn -0.417292 0.813822 0.404427
vn -0.425874 0.830595 0.358808
vn -0.386613 0.745095 0.543474
vn -0.399262 0.769769 0.498041
vn -0.715646 0.695665 0.062460
vn -0.717101 0.696948 -0.005373
vn -0.659002 0.628771 0.412751
vn -0.671699 0.641051 0.371314
vn -0.896192 0.440514 0.052798
vn -0.897513 0.440986 -0.001435
vn -0.818601 0.392964 0.418893
vn -0.831538 0.399222 0.386221
vn -0.987404 0.154260 0.035160
vn -0.987985 0.154313 0.008566
vn -0.895904 0.139004 0.421940
vn -0.903749 0.140205 0.404450
vn -0.987896 -0.154266 0.016232
vn -0.987532 -0.154223 0.031553
vn -0.901563 -0.139620 0.409500
vn -0.896570 -0.138850 0.420574
vn -0.897399 -0.441118 0.009499
vn -0.896092 -0.440620 0.053607
vn -0.828477 -0.397978 0.394004
vn -0.817624 -0.392728 0.421018
vn -0.717087 -0.696934 0.008344
vn -0.715378 -0.695419 0.068017
vn -0.668744 -0.638326 0.381210
vn -0.657227 -0.627210 0.417923
vn -0.461398 -0.887065 0.015073
vn -0.460406 -0.885074 0.068334
vn -0.433678 -0.822483 0.368028
vn -0.427371 -0.810290 0.400978
vn -0.159525 -0.986709 0.030933
vn -0.159400 -0.985858 0.051734
vn -0.150441 -0.917756 0.367548
vn -0.149633 -0.912703 0.380242
vn 0.159399 -0.985858 0.051736
vn 0.159524 -0.986709 0.030932
vn 0.149632 -0.912701 0.380246
vn 0.150440 -0.917755 0.367552
vn 0.460408 -0.885075 0.068315
vn 0.461400 -0.887065 0.015054
vn 0.427372 -0.810288 0.400982
vn 0.433679 -0.822481 0.368032
vn 0.715381 -0.695418 0.067998
vn 0.717089 -0.696932 0.008326
vn 0.657228 -0.627211 0.417920
vn 0.668745 -0.638327 0.381207
vn 0.896091 -0.440622 0.053611
vn 0.897398 -0.441120 0.009503
vn 0.817624 -0.392726 0.421020
vn 0.828477 -0.397976 0.394006
vn 0.987992 -0.153351 0.018826
vn 0.957397 -0.288197 -0.018272
vn 0.854382 -0.253915 0.453385
vn 0.894879 -0.139687 0.423886
vn 0.996447 -0.082912 0.014802
vn 0.900450 -0.074825 0.428475
vn 0.987987 0.154304 0.008560
vn 0.987406 0.154250 0.035151
vn 0.903749 0.140192 0.404454
vn 0.895907 0.138992 0.421939
vn 0.897511 0.440989 -0.001439
vn 0.896190 0.440517 0.052798
vn 0.831538 0.399223 0.386219
vn 0.818602 0.392965 0.418891
vn 0.717098 0.696951 -0.005367
vn 0.715642 0.695667 0.062474
vn 0.671694 0.641051 0.371322
vn 0.658996 0.628771 0.412761
vn 0.460845 0.887480 -0.000948
vn 0.460132 0.885942 0.058185
vn 0.435046 0.827054 0.355973
vn 0.428262 0.813867 0.392699
vn 0.159057 0.987165 0.014371
vn 0.158982 0.986570 0.037488
vn 0.150529 0.922959 0.354244
vn 0.149662 0.917484 0.368544
vn -0.158982 0.986570 0.037490
vn -0.159056 0.987165 0.014379
vn -0.149662 0.917483 0.368545
vn -0.150529 0.922958 0.354246
vn -0.460133 0.885943 0.058168
vn -0.460846 0.887480 -0.000963
vn -0.428263 0.813868 0.392695
vn -0.435046 0.827055 0.355970
vn -0.723959 0.685129 0.080513
vn -0.726207 0.687255 0.017425
vn -0.693313 0.720617 -0.005280
vn -0.693312 0.720616 -0.005523
vn -0.901280 0.427366 0.071088
vn -0.903396 0.428250 0.021856
vn -0.885098 0.465394 -0.003038
vn -0.885098 0.465394 -0.003182
vn -0.986854 0.152074 0.054710
vn -0.987898 0.152190 0.029913
vn -0.986202 0.165540 -0.001732
vn -0.986201 0.165540 -0.001843
vn -0.987680 -0.152040 0.037046
vn -0.987082 -0.151962 0.050756
vn -0.986206 -0.165514 -0.001902
vn -0.986206 -0.165514 -0.001819
vn -0.903051 -0.428382 0.031420
vn -0.901226 -0.427612 0.070278
vn -0.885024 -0.465533 -0.003368
vn -0.885024 -0.465533 -0.003251
vn -0.726034 -0.687047 0.029016
vn -0.723793 -0.684968 0.083322
vn -0.693352 -0.720576 -0.005813
vn -0.693353 -0.720576 -0.005595
vn -0.467827 -0.883155 0.034286
vn -0.466532 -0.880482 0.084253
vn -0.437643 -0.899113 -0.008046
vn -0.437644 -0.899114 -0.007799
vn -0.162173 -0.985515 0.049604
vn -0.162007 -0.984353 0.069308
vn -0.149721 -0.988685 -0.009285
vn -0.149722 -0.988686 -0.009186
vn 0.162005 -0.984354 0.069296
vn 0.162171 -0.985516 0.049593
vn 0.149721 -0.988686 -0.009186
vn 0.149721 -0.988685 -0.009285
vn 0.466535 -0.880482 0.084239
vn 0.467829 -0.883154 0.034271
vn 0.437645 -0.899114 -0.007799
vn 0.437643 -0.899113 -0.008046
vn 0.723796 -0.684964 0.083333
vn 0.726037 -0.687043 0.029025
vn 0.693355 -0.720575 -0.005595
vn 0.693353 -0.720574 -0.005813
vn 0.901226 -0.427614 0.070271
vn 0.903051 -0.428384 0.031410
vn 0.885024 -0.465535 -0.003251
vn 0.885023 -0.465534 -0.003368
vn 0.987564 -0.151569 0.041760
vn 0.959199 -0.282499 0.011522
vn 0.951746 -0.306882 -0.001680
vn 0.986211 -0.165485 -0.001751
vn 0.995821 -0.082599 0.038955
vn 0.995946 -0.089944 -0.001521
vn 0.987900 0.152177 0.029917
vn 0.986856 0.152060 0.054710
vn 0.986203 0.165529 -0.001843
vn 0.986203 0.165529 -0.001732
vn 0.903394 0.428254 0.021842
vn 0.901278 0.427370 0.071078
vn 0.885096 0.465398 -0.003182
vn 0.885096 0.465398 -0.003038
vn 0.726207 0.687255 0.017418
vn 0.723959 0.685129 0.080511
vn 0.693313 0.720616 -0.005523
vn 0.693314 0.720616 -0.005280
vn 0.466832 0.884093 0.021128
vn 0.465666 0.881540 0.077738
vn 0.436917 0.899469 -0.007672
vn 0.436919 0.899470 -0.007396
vn 0.161263 0.986220 0.036927
vn 0.161125 0.985150 0.059310
vn 0.149122 0.988779 -0.008839
vn 0.149123 0.988780 -0.008725
vn -0.161125 0.985150 0.059319
vn -0.161263 0.986220 0.036929
vn -0.149123 0.988780 -0.008725
vn -0.149123 0.988779 -0.008839
vn -0.465666 0.881540 0.077733
vn -0.466833 0.884093 0.021121
vn -0.436919 0.899470 -0.007396
vn -0.436917 0.899469 -0.007672
vn 0.151791 0.946034 -0.286321
vn 0.152016 0.947429 -0.281547
vn -0.152016 0.947430 -0.281546
vn -0.151791 0.946034 -0.286319
vn -0.442170 0.854531 -0.272512
vn -0.440540 0.851355 -0.284816
vn -0.690626 0.673330 -0.263937
vn -0.687662 0.670322 -0.278908
vn -0.865977 0.426751 -0.260706
vn -0.862884 0.425124 -0.273313
vn -0.954121 0.148900 -0.259773
vn -0.952634 0.148656 -0.265310
vn -0.953464 -0.148911 -0.262169
vn -0.954025 -0.149002 -0.260066
vn -0.864232 -0.425933 -0.267739
vn -0.866502 -0.427128 -0.258332
vn -0.689268 -0.671723 -0.271473
vn -0.691660 -0.674158 -0.259072
vn -0.442378 -0.853300 -0.276008
vn -0.443742 -0.855973 -0.265337
vn -0.152766 -0.948717 -0.276763
vn -0.152956 -0.949907 -0.272545
vn 0.152956 -0.949908 -0.272542
vn 0.152766 -0.948718 -0.276760
vn 0.443744 -0.855973 -0.265333
vn 0.442380 -0.853301 -0.276003
vn 0.691662 -0.674157 -0.259069
vn 0.689270 -0.671722 -0.271470
vn 0.866500 -0.427131 -0.258335
vn 0.864230 -0.425936 -0.267741
vn 0.920721 -0.277373 -0.274477
vn 0.951217 -0.148185 -0.270606
vn 0.959533 -0.079787 -0.270056
vn 0.952635 0.148646 -0.265312
vn 0.954122 0.148890 -0.259774
vn 0.862884 0.425127 -0.273310
vn 0.865976 0.426754 -0.260703
vn 0.687660 0.670325 -0.278906
vn 0.690624 0.673333 -0.263935
vn 0.440540 0.851355 -0.284814
vn 0.442170 0.854532 -0.272509
vn 0.155166 0.956128 -0.248481
vn 0.155380 0.957419 -0.243323
vn -0.155380 0.957419 -0.243322
vn -0.155166 0.956128 -0.248480
vn -0.451598 0.861199 -0.233230
vn -0.450068 0.858297 -0.246506
vn -0.705345 0.672855 -0.223058
vn -0.702514 0.670049 -0.239808
vn -0.880120 0.421134 -0.219169
vn -0.877140 0.419596 -0.233593
vn -0.964346 0.148687 -0.218927
vn -0.963152 0.148489 -0.224253
vn -0.963859 -0.148730 -0.221033
vn -0.964287 -0.148800 -0.219111
vn -0.878301 -0.420384 -0.227737
vn -0.880542 -0.421543 -0.216675
vn -0.704027 -0.671240 -0.231911
vn -0.706314 -0.673519 -0.217929
vn -0.452311 -0.859758 -0.237130
vn -0.453591 -0.862202 -0.225530
vn -0.156524 -0.958501 -0.238278
vn -0.156706 -0.959611 -0.233643
vn 0.156706 -0.959612 -0.233641
vn 0.156523 -0.958502 -0.238274
vn 0.453593 -0.862201 -0.225526
vn 0.452313 -0.859758 -0.237127
vn 0.706314 -0.673518 -0.217930
vn 0.704028 -0.671239 -0.231913
vn 0.880542 -0.421542 -0.216675
vn 0.878301 -0.420383 -0.227738
vn 0.931628 -0.275564 -0.236926
vn 0.961786 -0.147784 -0.230494
vn 0.969723 -0.080390 -0.230597
vn 0.963154 0.148476 -0.224252
vn 0.964349 0.148674 -0.218923
vn 0.877138 0.419597 -0.233595
vn 0.880119 0.421136 -0.219170
vn 0.702513 0.670051 -0.239807
vn 0.705343 0.672857 -0.223058
vn 0.450068 0.858297 -0.246506
vn 0.451597 0.861199 -0.233229
vn 0.149105 0.988733 -0.013235
vn 0.149105 0.988733 -0.013235
vn -0.149106 0.988733 -0.013235
vn -0.149106 0.988733 -0.013235
vn -0.436881 0.899438 -0.012056
vn -0.436881 0.899438 -0.012056
vn -0.693281 0.720598 -0.010017
vn -0.693281 0.720598 -0.010017
vn -0.885076 0.465381 -0.007806
vn -0.885076 0.465381 -0.007806
vn -0.986183 0.165531 -0.006520
vn -0.986183 0.165531 -0.006520
vn -0.986186 -0.165509 -0.006597
vn -0.986186 -0.165509 -0.006597
vn -0.885002 -0.465519 -0.008016
vn -0.885002 -0.465519 -0.008016
vn -0.693321 -0.720555 -0.010337
vn -0.693321 -0.720555 -0.010337
vn -0.437608 -0.899079 -0.012472
vn -0.437608 -0.899079 -0.012472
vn -0.149706 -0.988635 -0.013721
vn -0.149706 -0.988635 -0.013721
vn 0.149705 -0.988636 -0.013721
vn 0.149705 -0.988636 -0.013721
vn 0.437609 -0.899079 -0.012472
vn 0.437609 -0.899079 -0.012472
vn 0.693323 -0.720553 -0.010337
vn 0.693323 -0.720553 -0.010337
vn 0.885001 -0.465521 -0.008016
vn 0.885001 -0.465521 -0.008016
vn 0.951726 -0.306870 -0.006923
vn 0.986194 -0.165457 -0.006665
vn 0.995926 -0.089942 -0.006474
vn 0.986185 0.165521 -0.006520
vn 0.986185 0.165521 -0.006520
vn 0.885074 0.465385 -0.007806
vn 0.885074 0.465385 -0.007806
vn 0.693282 0.720597 -0.010017
vn 0.693282 0.720597 -0.010017
vn 0.436881 0.899438 -0.012056
vn 0.436881 0.899438 -0.012056
s 1
g pSphere7
usemtl initialShadingGroup
f 2313/3014/2932 2314/3790/2933 2334/3036/2934 2333/3035/2935
f 2314/3790/2933 2315/3789/2936 2335/3037/2937 2334/3036/2934
f 2315/3789/2936 2316/3788/2938 2336/3038/2939 2335/3037/2937
f 2316/3788/2938 2317/3787/2940 2337/4003/2941 2336/3038/2939
f 2317/3994/2940 2318/3786/2942 2338/3040/2943 2337/3039/2941
f 2318/3786/2942 2319/3785/2944 2339/3041/2945 2338/3040/2943
f 2319/3785/2944 2320/3784/2946 2340/3042/2947 2339/3041/2945
f 2320/3784/2946 2321/3783/2948 2341/3043/2949 2340/3042/2947
f 2321/3783/2948 2322/3782/2950 2342/3044/2951 2341/3043/2949
f 2322/3782/2950 2323/3781/2952 2343/3045/2953 2342/3044/2951
f 2323/3781/2952 2324/3780/2954 2344/3046/2955 2343/3045/2953
f 2324/3780/2954 2325/3779/2956 2345/3047/2957 2344/3046/2955
f 2325/3779/2956 2326/3778/2958 2346/3048/2959 2345/3047/2957
f 2326/3778/2958 2327/3777/2960 2347/4017/2961 2346/3048/2959
f 2327/4008/2960 2328/3776/2962 2348/3050/2963 2347/3049/2961
f 2328/3776/2962 2329/3775/2964 2349/3051/2965 2348/3050/2963
f 2329/3775/2964 2330/3774/2966 2350/3052/2967 2349/3051/2965
f 2330/3774/2966 2331/3773/2968 2351/3053/2969 2350/3052/2967
f 2331/3773/2968 2619/3371/2970 2620/3373/2971 2351/3053/2969
f 2332/3033/2972 2313/3772/2932 2333/3055/2935 2352/3054/2973
f 2333/3035/2935 2334/3036/2934 2354/3057/2974 2353/3056/2975
f 2334/3036/2934 2335/3037/2937 2355/3058/2976 2354/3057/2974
f 2335/3037/2937 2336/3038/2939 2356/3059/2977 2355/3058/2976
f 2336/3038/2939 2337/4003/2941 2357/4002/2978 2356/3059/2977
f 2337/3039/2941 2338/3040/2943 2358/3061/2979 2357/3060/2978
f 2338/3040/2943 2339/3041/2945 2359/3062/2980 2358/3061/2979
f 2339/3041/2945 2340/3042/2947 2360/3063/2981 2359/3062/2980
f 2340/3042/2947 2341/3043/2949 2361/3064/2982 2360/3063/2981
f 2341/3043/2949 2342/3044/2951 2362/3065/2983 2361/3064/2982
f 2342/3044/2951 2343/3045/2953 2363/3066/2984 2362/3065/2983
f 2343/3045/2953 2344/3046/2955 2364/3067/2985 2363/3066/2984
f 2344/3046/2955 2345/3047/2957 2365/3068/2986 2364/3067/2985
f 2345/3047/2957 2346/3048/2959 2366/3069/2987 2365/3068/2986
f 2346/3048/2959 2347/4017/2961 2367/4016/2988 2366/3069/2987
f 2347/3049/2961 2348/3050/2963 2368/3071/2989 2367/3070/2988
f 2348/3050/2963 2349/3051/2965 2369/3072/2990 2368/3071/2989
f 2349/3051/2965 2350/3052/2967 2370/3073/2991 2369/3072/2990
f 2350/3052/2967 2351/3053/2969 2371/3074/2992 2370/3073/2991
f 2351/3053/2969 2620/3373/2971 2621/3374/2993 2371/3074/2992
f 2352/3054/2973 2333/3055/2935 2353/3076/2975 2372/3075/2994
f 2353/3056/2975 2354/3057/2974 2374/3078/2995 2373/3077/2996
f 2354/3057/2974 2355/3058/2976 2375/3079/2997 2374/3078/2995
f 2355/3058/2976 2356/3059/2977 2376/3080/2998 2375/3079/2997
f 2356/3059/2977 2357/4002/2978 2377/4001/2999 2376/3080/2998
f 2357/3060/2978 2358/3061/2979 2378/3082/3000 2377/3081/2999
f 2358/3061/2979 2359/3062/2980 2379/3083/3001 2378/3082/3000
f 2359/3062/2980 2360/3063/2981 2380/3084/3002 2379/3083/3001
f 2360/3063/2981 2361/3064/2982 2381/3085/3003 2380/3084/3002
f 2361/3064/2982 2362/3065/2983 2382/3086/3004 2381/3085/3003
f 2362/3065/2983 2363/3066/2984 2383/3087/3005 2382/3086/3004
f 2363/3066/2984 2364/3067/2985 2384/3088/3006 2383/3087/3005
f 2364/3067/2985 2365/3068/2986 2385/3089/3007 2384/3088/3006
f 2365/3068/2986 2366/3069/2987 2386/3090/3008 2385/3089/3007
f 2366/3069/2987 2367/4016/2988 2387/4015/3009 2386/3090/3008
f 2367/3070/2988 2368/3071/2989 2388/3092/3010 2387/3091/3009
f 2368/3071/2989 2369/3072/2990 2389/3093/3011 2388/3092/3010
f 2369/3072/2990 2370/3073/2991 2390/3094/3012 2389/3093/3011
f 2370/3073/2991 2371/3074/2992 2391/3095/3013 2390/3094/3012
f 2371/3074/2992 2621/3374/2993 2622/3375/3014 2391/3095/3013
f 2372/3075/2994 2353/3076/2975 2373/3097/2996 2392/3096/3015
f 2373/3077/2996 2374/3078/2995 2394/3099/3016 2393/3098/3017
f 2374/3078/2995 2375/3079/2997 2395/3100/3018 2394/3099/3016
f 2375/3079/2997 2376/3080/2998 2396/3101/3019 2395/3100/3018
f 2376/3080/2998 2377/4001/2999 2397/4000/3020 2396/3101/3019
f 2377/3081/2999 2378/3082/3000 2398/3103/3021 2397/3102/3020
f 2378/3082/3000 2379/3083/3001 2399/3104/3022 2398/3103/3021
f 2379/3083/3001 2380/3084/3002 2400/3105/3023 2399/3104/3022
f 2380/3084/3002 2381/3085/3003 2401/3106/3024 2400/3105/3023
f 2381/3085/3003 2382/3086/3004 2402/3107/3025 2401/3106/3024
f 2382/3086/3004 2383/3087/3005 2403/3108/3026 2402/3107/3025
f 2383/3087/3005 2384/3088/3006 2404/3109/3027 2403/3108/3026
f 2384/3088/3006 2385/3089/3007 2405/3110/3028 2404/3109/3027
f 2385/3089/3007 2386/3090/3008 2406/3111/3029 2405/3110/3028
f 2386/3090/3008 2387/4015/3009 2407/4014/3030 2406/3111/3029
f 2387/3091/3009 2388/3092/3010 2408/3113/3031 2407/3112/3030
f 2388/3092/3010 2389/3093/3011 2409/3114/3032 2408/3113/3031
f 2389/3093/3011 2390/3094/3012 2410/3115/3033 2409/3114/3032
f 2390/3094/3012 2391/3095/3013 2411/3116/3034 2410/3115/3033
f 2391/3095/3013 2622/3375/3014 2623/3376/3035 2411/3116/3034
f 2392/3096/3015 2373/3097/2996 2393/3118/3017 2412/3117/3036
f 2393/3098/3017 2394/3099/3016 2414/3120/3037 2413/3119/3038
f 2394/3099/3016 2395/3100/3018 2415/3121/3039 2414/3120/3037
f 2395/3100/3018 2396/3101/3019 2416/3122/3040 2415/3121/3039
f 2396/3101/3019 2397/4000/3020 2417/3999/3041 2416/3122/3040
f 2397/3102/3020 2398/3103/3021 2418/3124/3042 2417/3123/3041
f 2398/3103/3021 2399/3104/3022 2419/3125/3043 2418/3124/3042
f 2399/3104/3022 2400/3105/3023 2420/3126/3044 2419/3125/3043
f 2400/3105/3023 2401/3106/3024 2421/3127/3045 2420/3126/3044
f 2401/3106/3024 2402/3107/3025 2422/3128/3046 2421/3127/3045
f 2402/3107/3025 2403/3108/3026 2423/3129/3047 2422/3128/3046
f 2403/3108/3026 2404/3109/3027 2424/3130/3048 2423/3129/3047
f 2404/3109/3027 2405/3110/3028 2425/3131/3049 2424/3130/3048
f 2405/3110/3028 2406/3111/3029 2426/3132/3050 2425/3131/3049
f 2406/3111/3029 2407/4014/3030 2427/4013/3051 2426/3132/3050
f 2407/3112/3030 2408/3113/3031 2428/3134/3052 2427/3133/3051
f 2408/3113/3031 2409/3114/3032 2429/3135/3053 2428/3134/3052
f 2409/3114/3032 2410/3115/3033 2430/3136/3054 2429/3135/3053
f 2410/3115/3033 2411/3116/3034 2431/3137/3055 2430/3136/3054
f 2411/3116/3034 2623/3376/3035 2624/3377/3056 2431/3137/3055
f 2412/3117/3036 2393/3118/3017 2413/3139/3038 2432/3138/3057
f 2413/3119/3038 2414/3120/3037 2434/3141/3058 2433/3140/3059
f 2414/3120/3037 2415/3121/3039 2435/3142/3060 2434/3141/3058
f 2415/3121/3039 2416/3122/3040 2436/3143/3061 2435/3142/3060
f 2416/3122/3040 2417/3999/3041 2437/3998/3062 2436/3143/3061
f 2417/3123/3041 2418/3124/3042 2438/3145/3063 2437/3144/3062
f 2418/3124/3042 2419/3125/3043 2439/3146/3064 2438/3145/3063
f 2419/3125/3043 2420/3126/3044 2440/3147/3065 2439/3146/3064
f 2420/3126/3044 2421/3127/3045 2441/3148/3066 2440/3147/3065
f 2421/3127/3045 2422/3128/3046 2442/3149/3067 2441/3148/3066
f 2422/3128/3046 2423/3129/3047 2443/3150/3068 2442/3149/3067
f 2423/3129/3047 2424/3130/3048 2444/3151/3069 2443/3150/3068
f 2424/3130/3048 2425/3131/3049 2445/3152/3070 2444/3151/3069
f 2425/3131/3049 2426/3132/3050 2446/3153/3071 2445/3152/3070
f 2426/3132/3050 2427/4013/3051 2447/4012/3072 2446/3153/3071
f 2427/3133/3051 2428/3134/3052 2448/3155/3073 2447/3154/3072
f 2428/3134/3052 2429/3135/3053 2449/3156/3074 2448/3155/3073
f 2429/3135/3053 2430/3136/3054 2450/3157/3075 2449/3156/3074
f 2430/3136/3054 2431/3137/3055 2451/3158/3076 2450/3157/3075
f 2431/3137/3055 2624/3377/3056 2625/3378/3077 2451/3158/3076
f 2432/3138/3057 2413/3139/3038 2433/3160/3059 2452/3159/3078
f 2433/3140/3059 2434/3141/3058 2454/3162/3079 2453/3161/3080
f 2434/3141/3058 2435/3142/3060 2455/3163/3081 2454/3162/3079
f 2435/3142/3060 2436/3143/3061 2456/3164/3082 2455/3163/3081
f 2436/3143/3061 2437/3998/3062 2457/3997/3083 2456/3164/3082
f 2437/3144/3062 2438/3145/3063 2458/3166/3084 2457/3165/3083
f 2438/3145/3063 2439/3146/3064 2459/3167/3085 2458/3166/3084
f 2439/3146/3064 2440/3147/3065 2460/3168/3086 2459/3167/3085
f 2440/3147/3065 2441/3148/3066 2461/3169/3087 2460/3168/3086
f 2441/3148/3066 2442/3149/3067 2462/3170/3088 2461/3169/3087
f 2442/3149/3067 2443/3150/3068 2463/3171/3089 2462/3170/3088
f 2443/3150/3068 2444/3151/3069 2464/3172/3090 2463/3171/3089
f 2444/3151/3069 2445/3152/3070 2465/3173/3091 2464/3172/3090
f 2445/3152/3070 2446/3153/3071 2466/3174/3092 2465/3173/3091
f 2446/3153/3071 2447/4012/3072 2467/4011/3093 2466/3174/3092
f 2447/3154/3072 2448/3155/3073 2468/3176/3094 2467/3175/3093
f 2448/3155/3073 2449/3156/3074 2469/3177/3095 2468/3176/3094
f 2449/3156/3074 2450/3157/3075 2470/3178/3096 2469/3177/3095
f 2450/3157/3075 2451/3158/3076 2471/3179/3097 2470/3178/3096
f 2451/3158/3076 2625/3378/3077 2626/3379/3098 2471/3179/3097
f 2452/3159/3078 2433/3160/3059 2453/3181/3080 2472/3180/3099
f 2453/3161/3080 2454/3162/3079 2474/3183/3100 2473/3182/3101
f 2454/3162/3079 2455/3163/3081 2475/3184/3102 2474/3183/3100
f 2455/3163/3081 2456/3164/3082 2476/3185/3103 2475/3184/3102
f 2456/3164/3082 2457/3997/3083 2477/3996/3104 2476/3185/3103
f 2457/3165/3083 2458/3166/3084 2478/3187/3105 2477/3186/3104
f 2458/3166/3084 2459/3167/3085 2479/3188/3106 2478/3187/3105
f 2459/3167/3085 2460/3168/3086 2480/3189/3107 2479/3188/3106
f 2460/3168/3086 2461/3169/3087 2481/3190/3108 2480/3189/3107
f 2461/3169/3087 2462/3170/3088 2482/3191/3109 2481/3190/3108
f 2462/3170/3088 2463/3171/3089 2483/3192/3110 2482/3191/3109
f 2463/3171/3089 2464/3172/3090 2484/3193/3111 2483/3192/3110
f 2464/3172/3090 2465/3173/3091 2485/3194/3112 2484/3193/3111
f 2465/3173/3091 2466/3174/3092 2486/3195/3113 2485/3194/3112
f 2466/3174/3092 2467/4011/3093 2487/4010/3114 2486/3195/3113
f 2467/3175/3093 2468/3176/3094 2488/3197/3115 2487/3196/3114
f 2468/3176/3094 2469/3177/3095 2489/3198/3116 2488/3197/3115
f 2469/3177/3095 2470/3178/3096 2490/3199/3117 2489/3198/3116
f 2470/3178/3096 2471/3179/3097 2491/3200/3118 2490/3199/3117
f 2471/3179/3097 2626/3379/3098 2627/3380/3119 2491/3200/3118
f 2472/3180/3099 2453/3181/3080 2473/3202/3101 2492/3201/3120
f 2473/3182/3101 2474/3183/3100 2494/3204/3121 2493/3203/3122
f 2474/3183/3100 2475/3184/3102 2495/3205/3123 2494/3204/3121
f 2475/3184/3102 2476/3185/3103 2496/3206/3124 2495/3205/3123
f 2476/3185/3103 2477/3996/3104 2497/3995/3125 2496/3206/3124
f 2477/3186/3104 2478/3187/3105 2498/3208/3126 2497/3207/3125
f 2478/3187/3105 2479/3188/3106 2499/3209/3127 2498/3208/3126
f 2479/3188/3106 2480/3189/3107 2500/3210/3128 2499/3209/3127
f 2480/3189/3107 2481/3190/3108 2501/3211/3129 2500/3210/3128
f 2481/3190/3108 2482/3191/3109 2502/3212/3130 2501/3211/3129
f 2482/3191/3109 2483/3192/3110 2503/3213/3131 2502/3212/3130
f 2483/3192/3110 2484/3193/3111 2504/3214/3132 2503/3213/3131
f 2484/3193/3111 2485/3194/3112 2505/3215/3133 2504/3214/3132
f 2485/3194/3112 2486/3195/3113 2506/3216/3134 2505/3215/3133
f 2486/3195/3113 2487/4010/3114 2507/4009/3135 2506/3216/3134
f 2487/3196/3114 2488/3197/3115 2508/3218/3136 2507/3217/3135
f 2488/3197/3115 2489/3198/3116 2509/3219/3137 2508/3218/3136
f 2489/3198/3116 2490/3199/3117 2510/3220/3138 2509/3219/3137
f 2490/3199/3117 2491/3200/3118 2511/3221/3139 2510/3220/3138
f 2491/3200/3118 2627/3380/3119 2628/3381/3140 2511/3221/3139
f 2492/3201/3120 2473/3202/3101 2493/3223/3122 2512/3222/3141
f 2493/3203/3122 2494/3204/3121 2513/3224/3142
f 2494/3204/3121 2495/3205/3123 2513/3225/3142
f 2495/3205/3123 2496/3206/3124 2513/3226/3142
f 2496/3206/3124 2497/3995/3125 2513/3227/3142
f 2497/3207/3125 2498/3208/3126 2513/3228/3142
f 2498/3208/3126 2499/3209/3127 2513/3229/3142
f 2499/3209/3127 2500/3210/3128 2513/3230/3142
f 2500/3210/3128 2501/3211/3129 2513/3231/3142
f 2501/3211/3129 2502/3212/3130 2513/3232/3142
f 2502/3212/3130 2503/3213/3131 2513/3232/3142
f 2503/3213/3131 2504/3214/3132 2513/3233/3142
f 2504/3214/3132 2505/3215/3133 2513/3234/3142
f 2505/3215/3133 2506/3216/3134 2513/3235/3142
f 2506/3216/3134 2507/4009/3135 2513/3236/3142
f 2507/3217/3135 2508/3218/3136 2513/3237/3142
f 2508/3218/3136 2509/3219/3137 2513/3238/3142
f 2509/3219/3137 2510/3220/3138 2513/3239/3142
f 2510/3220/3138 2511/3221/3139 2513/3239/3142
f 2511/3221/3139 2628/3381/3140 2512/3222/3141 2513/3240/3142
f 2512/3222/3141 2493/3223/3122 2513/3241/3142
s 2
f 2314/3015/3143 2313/3243/3144 2815/3798/3145 2816/3795/3146
s 3
f 2315/3016/3147 2314/3245/3148 2816/3796/3149 2817/3791/3150
s 4
f 2316/3017/3151 2315/3247/3152 2817/3792/3153 2797/3711/3154
s 5
f 2317/3018/3155 2316/3249/3156 2797/3710/3157 2798/3830/3158
s 6
f 2318/3019/3159 2317/3251/3160 2798/3831/3161 2799/3828/3162
s 7
f 2319/3020/3163 2318/3253/3164 2799/3829/3165 2800/3826/3166
s 8
f 2320/3021/3167 2319/3255/3168 2800/3827/3169 2801/3824/3170
s 9
f 2321/3022/3171 2320/3257/3172 2801/3825/3173 2802/3822/3174
s 10
f 2322/3023/3175 2321/3259/3176 2802/3823/3177 2803/3820/3178
s 11
f 2323/3024/3179 2322/3261/3180 2803/3821/3181 2804/3818/3182
s 12
f 2324/3025/3183 2323/3263/3184 2804/3819/3185 2805/3816/3186
s 13
f 2325/3026/3187 2324/3265/3188 2805/3817/3189 2806/3814/3190
s 14
f 2326/3027/3191 2325/3267/3192 2806/3815/3193 2807/3812/3194
s 15
f 2327/3028/3195 2326/3269/3196 2807/3813/3197 2808/3810/3198
s 16
f 2328/3029/3199 2327/3271/3200 2808/3811/3201 2809/3808/3202
s 17
f 2329/3030/3203 2328/3273/3204 2809/3809/3205 2810/3806/3206
s 18
f 2330/3031/3207 2329/3275/3208 2810/3807/3209 2811/3804/3210
s 19
f 2331/3032/3211 2330/3277/3212 2811/3805/3213 2812/3802/3214
s 20
f 2619/3372/3215 2331/3279/3216 2812/3803/3217 2813/3801/3218
s 21
f 2313/3034/3219 2332/3281/3220 2814/3800/3221 2815/3797/3222
s 22
f 2547/3282/3223 2535/3283/3224 2613/3284/3225 2612/3285/3226
f 2575/4006/3227 2537/4004/3228 2577/3288/3229 2576/3289/3230
f 2557/4020/3231 2539/4018/3232 2559/3292/3233 2558/3293/3234
f 2546/3294/3235 2541/3295/3236 2549/3296/3237 2548/3297/3238
f 2544/3298/3239 2540/3299/3240 2542/3300/3241 2545/3301/3242
f 2534/3302/3243 2544/3298/3239 2545/3301/3242 2543/3303/3244
f 2542/3300/3241 2546/3294/3235 2548/3297/3238 2545/3301/3242
f 2548/3297/3238 2547/3304/3223 2543/3303/3244 2545/3301/3242
f 2549/3296/3237 2535/3305/3224 2547/3304/3223 2548/3297/3238
f 2553/3306/3245 2538/3307/3246 2550/4019/3247 2554/3309/3248
f 2540/3299/3240 2551/3310/3249 2552/3311/3250 2542/3300/3241
f 2551/3310/3249 2553/3306/3245 2554/3309/3248 2552/3311/3250
f 2555/3312/3251 2541/3295/3236 2546/3294/3235 2556/3313/3252
f 2546/3294/3235 2542/3300/3241 2552/3311/3250 2556/3313/3252
f 2550/4019/3247 2557/4020/3231 2558/3293/3234 2554/3309/3248
f 2558/3293/3234 2556/3313/3252 2552/3311/3250 2554/3309/3248
f 2559/3292/3233 2555/3312/3251 2556/3313/3252 2558/3293/3234
f 2565/3314/3253 2561/3315/3254 2567/3316/3255 2566/3317/3256
f 2563/3318/3257 2560/3319/3258 2562/3320/3259 2564/3321/3260
f 2538/4021/3246 2563/3318/3257 2564/3321/3260 2550/3308/3247
f 2562/3320/3259 2565/3314/3253 2566/3317/3256 2564/3321/3260
f 2566/3317/3256 2557/3290/3231 2550/3308/3247 2564/3321/3260
f 2567/3316/3255 2539/3291/3232 2557/3290/3231 2566/3317/3256
f 2571/3322/3261 2536/3323/3262 2568/4005/3263 2572/3325/3264
f 2560/3319/3258 2569/3326/3265 2570/3327/3266 2562/3320/3259
f 2569/3326/3265 2571/3322/3261 2572/3325/3264 2570/3327/3266
f 2573/3328/3267 2561/3315/3254 2565/3314/3253 2574/3329/3268
f 2565/3314/3253 2562/3320/3259 2570/3327/3266 2574/3329/3268
f 2568/4005/3263 2575/4006/3227 2576/3289/3230 2572/3325/3264
f 2576/3289/3230 2574/3329/3268 2570/3327/3266 2572/3325/3264
f 2577/3288/3229 2573/3328/3267 2574/3329/3268 2576/3289/3230
f 2616/3368/3269 2617/3369/3270 2597/3332/3271 2596/3333/3272
f 2585/3334/3273 2581/3335/3274 2587/3336/3275 2586/3337/3276
f 2583/3338/3277 2580/3339/3278 2582/3340/3279 2584/3341/3280
f 2536/4007/3262 2583/3338/3277 2584/3341/3280 2568/3324/3263
f 2582/3340/3279 2585/3334/3273 2586/3337/3276 2584/3341/3280
f 2586/3337/3276 2575/3286/3227 2568/3324/3263 2584/3341/3280
f 2587/3336/3275 2537/3287/3228 2575/3286/3227 2586/3337/3276
f 2591/3342/3281 2614/3366/3282 2615/3367/3283 2592/3345/3284
f 2580/3339/3278 2589/3346/3285 2590/4023/3286 2582/3340/3279
f 2589/4025/3285 2591/3342/3281 2592/3345/3284 2590/3347/3286
f 2593/4022/3287 2581/3335/3274 2585/3334/3273 2594/4024/3288
f 2585/3334/3273 2582/3340/3279 2590/4023/3286 2594/4024/3288
f 2615/3367/3283 2616/3368/3269 2596/3333/3272 2592/3345/3284
f 2596/3333/3272 2594/3349/3288 2590/3347/3286 2592/3345/3284
f 2597/3332/3271 2593/3348/3287 2594/3349/3288 2596/3333/3272
f 2603/3350/3289 2599/3351/3290 2605/3352/3291 2604/3353/3292
f 2601/3354/3293 2598/3355/3294 2600/3356/3295 2602/3357/3296
f 2578/3343/3297 2601/3354/3293 2602/3357/3296 2588/3344/3298
f 2600/3356/3295 2603/3350/3289 2604/3353/3292 2602/3357/3296
f 2604/3353/3292 2595/3330/3299 2588/3344/3298 2602/3357/3296
f 2605/3352/3291 2579/3331/3300 2595/3330/3299 2604/3353/3292
f 2608/3358/3301 2534/3359/3243 2543/3360/3244 2609/3361/3302
f 2598/3355/3294 2606/3362/3303 2607/3363/3304 2600/3356/3295
f 2606/3362/3303 2608/3358/3301 2609/3361/3302 2607/3363/3304
f 2610/3364/3305 2599/3351/3290 2603/3350/3289 2611/3365/3306
f 2603/3350/3289 2600/3356/3295 2607/3363/3304 2611/3365/3306
f 2543/3360/3244 2547/3282/3223 2612/3285/3226 2609/3361/3302
f 2612/3285/3226 2611/3365/3306 2607/3363/3304 2609/3361/3302
f 2613/3284/3225 2610/3364/3305 2611/3365/3306 2612/3285/3226
s off
f 2515/3242/3307 2514/3957/3308 2605/3352/3309 2599/3351/3310
f 2514/3280/3311 2533/3955/3312 2579/3331/3313 2605/3352/3314
s 37
f 2618/3954/3315 2532/3959/3316 2597/3332/3317 2617/3369/3318
s off
f 2532/3276/3319 2531/3961/3320 2593/3348/3321 2597/3332/3322
f 2531/3274/3323 2530/3963/3324 2581/3335/3325 2593/4022/3326
f 2530/3272/3327 2529/3965/3328 2587/3336/3329 2581/3335/3330
f 2529/3270/3331 2528/3967/3332 2537/3287/3333 2587/3336/3334
f 2528/3268/3335 2527/3969/3336 2577/3288/3337 2537/4004/3338
f 2527/3266/3339 2526/3971/3340 2573/3328/3341 2577/3288/3342
f 2526/3264/3343 2525/3973/3344 2561/3315/3345 2573/3328/3346
f 2525/3262/3347 2524/3975/3348 2567/3316/3349 2561/3315/3350
f 2524/3260/3351 2523/3977/3352 2539/3291/3353 2567/3316/3354
f 2523/3258/3355 2522/3979/3356 2559/3292/3357 2539/4018/3358
f 2522/3256/3359 2521/3981/3360 2555/3312/3361 2559/3292/3362
f 2521/3254/3363 2520/3983/3364 2541/3295/3365 2555/3312/3366
f 2520/3252/3367 2519/3985/3368 2549/3296/3369 2541/3295/3370
f 2519/3250/3371 2518/3987/3372 2535/3305/3373 2549/3296/3374
f 2518/3248/3375 2517/3989/3376 2613/3284/3377 2535/3283/3378
f 2517/3246/3379 2516/3990/3380 2610/3364/3381 2613/3284/3382
f 2516/3244/3383 2515/3992/3384 2599/3351/3385 2610/3364/3386
s 22
f 2614/3366/3282 2578/3343/3297 2588/3344/3298 2615/3367/3283
f 2588/3344/3298 2595/3330/3299 2616/3368/3269 2615/3367/3283
f 2595/3330/3299 2579/3331/3300 2617/3369/3270 2616/3368/3269
s 37
f 2533/3278/3387 2618/3954/3315 2617/3369/3318 2579/3331/3388
s 20
f 2332/3771/3389 2619/3372/3215 2813/3801/3218 2814/3799/3390
s 1
f 2620/3373/2971 2619/3371/2970 2332/3033/2972 2352/3054/2973
f 2621/3374/2993 2620/3373/2971 2352/3054/2973 2372/3075/2994
f 2622/3375/3014 2621/3374/2993 2372/3075/2994 2392/3096/3015
f 2623/3376/3035 2622/3375/3014 2392/3096/3015 2412/3117/3036
f 2624/3377/3056 2623/3376/3035 2412/3117/3036 2432/3138/3057
f 2625/3378/3077 2624/3377/3056 2432/3138/3057 2452/3159/3078
f 2626/3379/3098 2625/3378/3077 2452/3159/3078 2472/3180/3099
f 2627/3380/3119 2626/3379/3098 2472/3180/3099 2492/3201/3120
f 2628/3381/3140 2627/3380/3119 2492/3201/3120 2512/3222/3141
s 8
f 2630/3385/3391 2629/3382/3392 2695/3511/3393 2696/3514/3394
s 9
f 2631/3387/3395 2630/3384/3396 2696/3513/3397 2697/3516/3398
s 10
f 2632/3389/3399 2631/3386/3400 2697/3515/3401 2698/3518/3402
s 11
f 2633/3391/3403 2632/3388/3404 2698/3517/3405 2699/3520/3406
s 12
f 2634/3393/3407 2633/3390/3408 2699/3519/3409 2700/3522/3410
s 13
f 2635/3395/3411 2634/3392/3412 2700/3521/3413 2701/3524/3414
s 14
f 2636/3397/3415 2635/3394/3416 2701/3523/3417 2702/3526/3418
s 15
f 2637/3399/3419 2636/3396/3420 2702/3525/3421 2703/3528/3422
s 16
f 2638/3401/3423 2637/3398/3424 2703/3527/3425 2704/3530/3426
s 17
f 2639/3403/3427 2638/3400/3428 2704/3529/3429 2705/3532/3430
s 18
f 2640/3405/3431 2639/3402/3432 2705/3531/3433 2706/3534/3434
s 19
f 2641/3407/3435 2640/3404/3436 2706/3533/3437 2707/3536/3438
s 20
f 2642/3408/3439 2641/3406/3440 2707/3535/3441 2708/3537/3442
f 2643/3410/3443 2642/3408/3439 2708/3537/3442 2709/3539/3444
s 21
f 2644/3412/3445 2643/3409/3446 2709/3538/3447 2710/3541/3448
s 2
f 2645/3414/3449 2644/3411/3450 2710/3540/3451 2711/3543/3452
s 3
f 2646/3416/3453 2645/3413/3454 2711/3542/3455 2712/3545/3456
s 4
f 2647/3418/3457 2646/3415/3458 2712/3544/3459 2692/3506/3460
s 5
f 2648/3420/3461 2647/3417/3462 2692/3505/3463 2693/3508/3464
s 6
f 2649/3422/3465 2648/3419/3466 2693/3507/3467 2694/3510/3468
s 7
f 2629/3383/3469 2649/3421/3470 2694/3509/3471 2695/3512/3472
s 8
f 2651/3426/3473 2650/3423/3474 2716/3552/3475 2717/3555/3476
s 9
f 2652/3428/3477 2651/3425/3478 2717/3554/3479 2718/3557/3480
s 10
f 2653/3430/3481 2652/3427/3482 2718/3556/3483 2719/3559/3484
s 11
f 2654/3432/3485 2653/3429/3486 2719/3558/3487 2720/3561/3488
s 12
f 2655/3434/3489 2654/3431/3490 2720/3560/3491 2721/3563/3492
s 13
f 2656/3436/3493 2655/3433/3494 2721/3562/3495 2722/3565/3496
s 14
f 2657/3438/3497 2656/3435/3498 2722/3564/3499 2723/3567/3500
s 15
f 2658/3440/3501 2657/3437/3502 2723/3566/3503 2724/3569/3504
s 16
f 2659/3442/3505 2658/3439/3506 2724/3568/3507 2725/3571/3508
s 17
f 2660/3444/3509 2659/3441/3510 2725/3570/3511 2726/3573/3512
s 18
f 2661/3446/3513 2660/3443/3514 2726/3572/3515 2727/3575/3516
s 19
f 2662/3448/3517 2661/3445/3518 2727/3574/3519 2728/3577/3520
s 20
f 2663/3449/3521 2662/3447/3522 2728/3576/3523 2729/3578/3524
f 2664/3451/3525 2663/3449/3521 2729/3578/3524 2730/3580/3526
s 21
f 2665/3453/3527 2664/3450/3528 2730/3579/3529 2731/3582/3530
s 2
f 2666/3455/3531 2665/3452/3532 2731/3581/3533 2732/3584/3534
s 3
f 2667/3457/3535 2666/3454/3536 2732/3583/3537 2733/3586/3538
s 4
f 2668/3459/3539 2667/3456/3540 2733/3585/3541 2713/3547/3542
s 5
f 2669/3461/3543 2668/3458/3544 2713/3546/3545 2714/3549/3546
s 6
f 2670/3463/3547 2669/3460/3548 2714/3548/3549 2715/3551/3550
s 7
f 2650/3424/3551 2670/3462/3552 2715/3550/3553 2716/3553/3554
s 8
f 2672/3467/3555 2671/3464/3556 2737/3949/3557 2738/3946/3558
s 9
f 2673/3469/3559 2672/3466/3560 2738/3947/3561 2739/3944/3562
s 10
f 2674/3471/3563 2673/3468/3564 2739/3945/3565 2740/3942/3566
s 11
f 2675/3473/3567 2674/3470/3568 2740/3943/3569 2741/3940/3570
s 12
f 2676/3475/3571 2675/3472/3572 2741/3941/3573 2742/3938/3574
s 13
f 2677/3477/3575 2676/3474/3576 2742/3939/3577 2743/3936/3578
s 14
f 2678/3479/3579 2677/3476/3580 2743/3937/3581 2744/3934/3582
s 15
f 2679/3481/3583 2678/3478/3584 2744/3935/3585 2745/3932/3586
s 16
f 2680/3483/3587 2679/3480/3588 2745/3933/3589 2746/3930/3590
s 17
f 2681/3485/3591 2680/3482/3592 2746/3931/3593 2747/3928/3594
s 18
f 2682/3487/3595 2681/3484/3596 2747/3929/3597 2748/3926/3598
s 19
f 2683/3489/3599 2682/3486/3600 2748/3927/3601 2749/3924/3602
s 20
f 2684/3490/3603 2683/3488/3604 2749/3925/3605 2750/3923/3606
f 2685/3492/3607 2684/3490/3603 2750/3923/3606 2751/3921/3608
s 21
f 2686/3494/3609 2685/3491/3610 2751/3922/3611 2752/3919/3612
s 2
f 2687/3496/3613 2686/3493/3614 2752/3920/3615 2753/3917/3616
s 3
f 2688/3498/3617 2687/3495/3618 2753/3918/3619 2754/3914/3620
s 4
f 2689/3500/3621 2688/3497/3622 2754/3915/3623 2734/3588/3624
s 5
f 2690/3502/3625 2689/3499/3626 2734/3587/3627 2735/3952/3628
s 6
f 2691/3504/3629 2690/3501/3630 2735/3953/3631 2736/3950/3632
s 7
f 2671/3465/3633 2691/3503/3634 2736/3951/3635 2737/3948/3636
s 5
f 2693/3508/3464 2692/3505/3463 2755/3628/3637 2756/3871/3638
s 6
f 2694/3510/3468 2693/3507/3467 2756/3872/3639 2757/3869/3640
s 7
f 2695/3512/3472 2694/3509/3471 2757/3870/3641 2758/3867/3642
s 8
f 2696/3514/3394 2695/3511/3393 2758/3868/3643 2759/3865/3644
s 9
f 2697/3516/3398 2696/3513/3397 2759/3866/3645 2760/3863/3646
s 10
f 2698/3518/3402 2697/3515/3401 2760/3864/3647 2761/3861/3648
s 11
f 2699/3520/3406 2698/3517/3405 2761/3862/3649 2762/3859/3650
s 12
f 2700/3522/3410 2699/3519/3409 2762/3860/3651 2763/3857/3652
s 13
f 2701/3524/3414 2700/3521/3413 2763/3858/3653 2764/3855/3654
s 14
f 2702/3526/3418 2701/3523/3417 2764/3856/3655 2765/3853/3656
s 15
f 2703/3528/3422 2702/3525/3421 2765/3854/3657 2766/3851/3658
s 16
f 2704/3530/3426 2703/3527/3425 2766/3852/3659 2767/3849/3660
s 17
f 2705/3532/3430 2704/3529/3429 2767/3850/3661 2768/3847/3662
s 18
f 2706/3534/3434 2705/3531/3433 2768/3848/3663 2769/3845/3664
s 19
f 2707/3536/3438 2706/3533/3437 2769/3846/3665 2770/3843/3666
s 20
f 2708/3537/3442 2707/3535/3441 2770/3844/3667 2771/3842/3668
f 2709/3539/3444 2708/3537/3442 2771/3842/3668 2772/3840/3669
s 21
f 2710/3541/3448 2709/3538/3447 2772/3841/3670 2773/3838/3671
s 2
f 2711/3543/3452 2710/3540/3451 2773/3839/3672 2774/3836/3673
s 3
f 2712/3545/3456 2711/3542/3455 2774/3837/3674 2775/3832/3675
s 4
f 2692/3506/3460 2712/3544/3459 2775/3833/3676 2755/3629/3677
s 5
f 2714/3549/3546 2713/3546/3545 2776/3669/3678 2777/3912/3679
s 6
f 2715/3551/3550 2714/3548/3549 2777/3913/3680 2778/3910/3681
s 7
f 2716/3553/3554 2715/3550/3553 2778/3911/3682 2779/3908/3683
s 8
f 2717/3555/3476 2716/3552/3475 2779/3909/3684 2780/3906/3685
s 9
f 2718/3557/3480 2717/3554/3479 2780/3907/3686 2781/3904/3687
s 10
f 2719/3559/3484 2718/3556/3483 2781/3905/3688 2782/3902/3689
s 11
f 2720/3561/3488 2719/3558/3487 2782/3903/3690 2783/3900/3691
s 12
f 2721/3563/3492 2720/3560/3491 2783/3901/3692 2784/3898/3693
s 13
f 2722/3565/3496 2721/3562/3495 2784/3899/3694 2785/3896/3695
s 14
f 2723/3567/3500 2722/3564/3499 2785/3897/3696 2786/3894/3697
s 15
f 2724/3569/3504 2723/3566/3503 2786/3895/3698 2787/3892/3699
s 16
f 2725/3571/3508 2724/3568/3507 2787/3893/3700 2788/3890/3701
s 17
f 2726/3573/3512 2725/3570/3511 2788/3891/3702 2789/3888/3703
s 18
f 2727/3575/3516 2726/3572/3515 2789/3889/3704 2790/3886/3705
s 19
f 2728/3577/3520 2727/3574/3519 2790/3887/3706 2791/3884/3707
s 20
f 2729/3578/3524 2728/3576/3523 2791/3885/3708 2792/3883/3709
f 2730/3580/3526 2729/3578/3524 2792/3883/3709 2793/3881/3710
s 21
f 2731/3582/3530 2730/3579/3529 2793/3882/3711 2794/3879/3712
s 2
f 2732/3584/3534 2731/3581/3533 2794/3880/3713 2795/3877/3714
s 3
f 2733/3586/3538 2732/3583/3537 2795/3878/3715 2796/3873/3716
s 4
f 2713/3547/3542 2733/3585/3541 2796/3874/3717 2776/3670/3718
s 5
f 2735/3590/3628 2734/3916/3627 2517/3768/3719 2518/3988/3720
s 6
f 2736/3592/3632 2735/3589/3631 2518/3767/3721 2519/3986/3722
s 7
f 2737/3594/3636 2736/3591/3635 2519/3766/3723 2520/3984/3724
s 8
f 2738/3596/3558 2737/3593/3557 2520/3765/3725 2521/3982/3726
s 9
f 2739/3598/3562 2738/3595/3561 2521/3764/3727 2522/3980/3728
s 10
f 2740/3600/3566 2739/3597/3565 2522/3763/3729 2523/3978/3730
s 11
f 2741/3602/3570 2740/3599/3569 2523/3762/3731 2524/3976/3732
s 12
f 2742/3604/3574 2741/3601/3573 2524/3761/3733 2525/3974/3734
s 13
f 2743/3606/3578 2742/3603/3577 2525/3760/3735 2526/3972/3736
s 14
f 2744/3608/3582 2743/3605/3581 2526/3759/3737 2527/3970/3738
s 15
f 2745/3610/3586 2744/3607/3585 2527/3758/3739 2528/3968/3740
s 16
f 2746/3612/3590 2745/3609/3589 2528/3757/3741 2529/3966/3742
s 17
f 2747/3614/3594 2746/3611/3593 2529/3756/3743 2530/3964/3744
s 18
f 2748/3616/3598 2747/3613/3597 2530/3755/3745 2531/3962/3746
s 19
f 2749/3618/3602 2748/3615/3601 2531/3754/3747 2532/3960/3748
s 20
f 2750/3619/3606 2749/3617/3605 2532/3753/3749 2618/3370/3750
f 2751/3621/3608 2750/3619/3606 2618/3370/3750 2533/3956/3751
s 21
f 2752/3623/3612 2751/3620/3611 2533/3752/3752 2514/3958/3753
s 2
f 2753/3625/3616 2752/3622/3615 2514/3751/3754 2515/3993/3755
s 3
f 2754/3627/3620 2753/3624/3619 2515/3770/3756 2516/3991/3757
s 4
f 2734/3916/3624 2754/3626/3623 2516/3769/3758 2517/3768/3759
s 5
f 2756/3631/3638 2755/3834/3637 2668/3458/3544 2669/3461/3543
s 6
f 2757/3633/3640 2756/3630/3639 2669/3460/3548 2670/3463/3547
s 7
f 2758/3635/3642 2757/3632/3641 2670/3462/3552 2650/3424/3551
s 8
f 2759/3637/3644 2758/3634/3643 2650/3423/3474 2651/3426/3473
s 9
f 2760/3639/3646 2759/3636/3645 2651/3425/3478 2652/3428/3477
s 10
f 2761/3641/3648 2760/3638/3647 2652/3427/3482 2653/3430/3481
s 11
f 2762/3643/3650 2761/3640/3649 2653/3429/3486 2654/3432/3485
s 12
f 2763/3645/3652 2762/3642/3651 2654/3431/3490 2655/3434/3489
s 13
f 2764/3647/3654 2763/3644/3653 2655/3433/3494 2656/3436/3493
s 14
f 2765/3649/3656 2764/3646/3655 2656/3435/3498 2657/3438/3497
s 15
f 2766/3651/3658 2765/3648/3657 2657/3437/3502 2658/3440/3501
s 16
f 2767/3653/3660 2766/3650/3659 2658/3439/3506 2659/3442/3505
s 17
f 2768/3655/3662 2767/3652/3661 2659/3441/3510 2660/3444/3509
s 18
f 2769/3657/3664 2768/3654/3663 2660/3443/3514 2661/3446/3513
s 19
f 2770/3659/3666 2769/3656/3665 2661/3445/3518 2662/3448/3517
s 20
f 2771/3660/3668 2770/3658/3667 2662/3447/3522 2663/3449/3521
f 2772/3662/3669 2771/3660/3668 2663/3449/3521 2664/3451/3525
s 21
f 2773/3664/3671 2772/3661/3670 2664/3450/3528 2665/3453/3527
s 2
f 2774/3666/3673 2773/3663/3672 2665/3452/3532 2666/3455/3531
s 3
f 2775/3668/3675 2774/3665/3674 2666/3454/3536 2667/3457/3535
s 4
f 2755/3835/3677 2775/3667/3676 2667/3456/3540 2668/3459/3539
s 5
f 2777/3672/3679 2776/3875/3678 2689/3499/3626 2690/3502/3625
s 6
f 2778/3674/3681 2777/3671/3680 2690/3501/3630 2691/3504/3629
s 7
f 2779/3676/3683 2778/3673/3682 2691/3503/3634 2671/3465/3633
s 8
f 2780/3678/3685 2779/3675/3684 2671/3464/3556 2672/3467/3555
s 9
f 2781/3680/3687 2780/3677/3686 2672/3466/3560 2673/3469/3559
s 10
f 2782/3682/3689 2781/3679/3688 2673/3468/3564 2674/3471/3563
s 11
f 2783/3684/3691 2782/3681/3690 2674/3470/3568 2675/3473/3567
s 12
f 2784/3686/3693 2783/3683/3692 2675/3472/3572 2676/3475/3571
s 13
f 2785/3688/3695 2784/3685/3694 2676/3474/3576 2677/3477/3575
s 14
f 2786/3690/3697 2785/3687/3696 2677/3476/3580 2678/3479/3579
s 15
f 2787/3692/3699 2786/3689/3698 2678/3478/3584 2679/3481/3583
s 16
f 2788/3694/3701 2787/3691/3700 2679/3480/3588 2680/3483/3587
s 17
f 2789/3696/3703 2788/3693/3702 2680/3482/3592 2681/3485/3591
s 18
f 2790/3698/3705 2789/3695/3704 2681/3484/3596 2682/3487/3595
s 19
f 2791/3700/3707 2790/3697/3706 2682/3486/3600 2683/3489/3599
s 20
f 2792/3701/3709 2791/3699/3708 2683/3488/3604 2684/3490/3603
f 2793/3703/3710 2792/3701/3709 2684/3490/3603 2685/3492/3607
s 21
f 2794/3705/3712 2793/3702/3711 2685/3491/3610 2686/3494/3609
s 2
f 2795/3707/3714 2794/3704/3713 2686/3493/3614 2687/3496/3613
s 3
f 2796/3709/3716 2795/3706/3715 2687/3495/3618 2688/3498/3617
s 4
f 2776/3876/3718 2796/3708/3717 2688/3497/3622 2689/3500/3621
s 5
f 2798/3713/3158 2797/3793/3157 2647/3417/3462 2648/3420/3461
s 6
f 2799/3715/3162 2798/3712/3161 2648/3419/3466 2649/3422/3465
s 7
f 2800/3717/3166 2799/3714/3165 2649/3421/3470 2629/3383/3469
s 8
f 2801/3719/3170 2800/3716/3169 2629/3382/3392 2630/3385/3391
s 9
f 2802/3721/3174 2801/3718/3173 2630/3384/3396 2631/3387/3395
s 10
f 2803/3723/3178 2802/3720/3177 2631/3386/3400 2632/3389/3399
s 11
f 2804/3725/3182 2803/3722/3181 2632/3388/3404 2633/3391/3403
s 12
f 2805/3727/3186 2804/3724/3185 2633/3390/3408 2634/3393/3407
s 13
f 2806/3729/3190 2805/3726/3189 2634/3392/3412 2635/3395/3411
s 14
f 2807/3731/3194 2806/3728/3193 2635/3394/3416 2636/3397/3415
s 15
f 2808/3733/3198 2807/3730/3197 2636/3396/3420 2637/3399/3419
s 16
f 2809/3735/3202 2808/3732/3201 2637/3398/3424 2638/3401/3423
s 17
f 2810/3737/3206 2809/3734/3205 2638/3400/3428 2639/3403/3427
s 18
f 2811/3739/3210 2810/3736/3209 2639/3402/3432 2640/3405/3431
s 19
f 2812/3741/3214 2811/3738/3213 2640/3404/3436 2641/3407/3435
s 20
f 2813/3742/3218 2812/3740/3217 2641/3406/3440 2642/3408/3439
f 2814/3744/3390 2813/3742/3218 2642/3408/3439 2643/3410/3443
s 21
f 2815/3746/3222 2814/3743/3221 2643/3409/3446 2644/3412/3445
s 2
f 2816/3748/3146 2815/3745/3145 2644/3411/3450 2645/3414/3449
s 3
f 2817/3750/3150 2816/3747/3149 2645/3413/3454 2646/3416/3453
s 4
f 2797/3794/3154 2817/3749/3153 2646/3415/3458 2647/3418/3457
g default
v 0.116396 3.297441 2.653540
v 0.116396 3.297441 2.677091
v 0.116396 3.075691 2.653540
v 0.116396 3.075691 2.677091
v 0.005521 3.186566 2.653540
v 0.005521 3.186566 2.677091
v 0.037996 3.264967 2.653540
v 0.037996 3.264967 2.677091
v 0.037996 3.264967 2.661390
v 0.116396 3.297441 2.661390
v 0.074015 3.288884 2.653540
v 0.074015 3.288884 2.661390
v 0.037996 3.264967 2.669240
v 0.116396 3.297441 2.669240
v 0.074015 3.288884 2.669240
v 0.074015 3.288884 2.677091
v 0.005521 3.186566 2.661390
v 0.014079 3.228947 2.653540
v 0.014079 3.228947 2.661390
v 0.005521 3.186566 2.669240
v 0.014079 3.228947 2.669240
v 0.014079 3.228947 2.677091
v 0.037996 3.108165 2.653540
v 0.037996 3.108165 2.677091
v 0.037996 3.108165 2.661390
v 0.014079 3.144185 2.653540
v 0.014079 3.144185 2.661390
v 0.037996 3.108165 2.669240
v 0.014079 3.144185 2.669240
v 0.014079 3.144185 2.677091
v 0.116396 3.075691 2.661390
v 0.074015 3.084249 2.653540
v 0.074015 3.084249 2.661390
v 0.116396 3.075691 2.669240
v 0.074015 3.084249 2.669240
v 0.074015 3.084249 2.677091
v 0.227272 3.186566 2.653540
v 0.227272 3.186566 2.677091
v 0.194797 3.108165 2.653540
v 0.194797 3.108165 2.677091
v 0.194797 3.108165 2.661390
v 0.158778 3.084249 2.653540
v 0.158778 3.084249 2.661390
v 0.194797 3.108165 2.669240
v 0.158778 3.084249 2.669240
v 0.158778 3.084249 2.677091
v 0.227272 3.186566 2.661390
v 0.218714 3.144185 2.653540
v 0.218714 3.144185 2.661390
v 0.227272 3.186566 2.669240
v 0.218714 3.144185 2.669240
v 0.218714 3.144185 2.677091
v 0.194797 3.264967 2.653540
v 0.194797 3.264967 2.677091
v 0.194797 3.264967 2.661390
v 0.218714 3.228947 2.653540
v 0.218714 3.228947 2.661390
v 0.194797 3.264967 2.669240
v 0.218714 3.228947 2.669240
v 0.218714 3.228947 2.677091
v 0.158778 3.288884 2.653540
v 0.158778 3.288884 2.661390
v 0.158778 3.288884 2.669240
v 0.158778 3.288884 2.677091
v 0.092667 3.243855 2.653540
v 0.072419 3.230543 2.653540
v 0.116396 3.248759 2.653540
v 0.059107 3.210296 2.653540
v 0.054203 3.186566 2.653540
v 0.059107 3.162836 2.653540
v 0.072419 3.142589 2.653540
v 0.092667 3.129277 2.653540
v 0.116396 3.124373 2.653540
v 0.140126 3.129277 2.653540
v 0.160374 3.142589 2.653540
v 0.173686 3.162836 2.653540
v 0.178590 3.186566 2.653540
v 0.173686 3.210296 2.653540
v 0.160374 3.230543 2.653540
v 0.140126 3.243855 2.653540
v 0.099512 3.227329 2.600196
v 0.085105 3.217857 2.600196
v 0.116396 3.230819 2.600196
v 0.075633 3.203451 2.600196
v 0.072144 3.186566 2.600196
v 0.075633 3.169681 2.600196
v 0.085105 3.155275 2.600196
v 0.099512 3.145803 2.600196
v 0.116396 3.142313 2.600196
v 0.133281 3.145803 2.600196
v 0.147688 3.155275 2.600196
v 0.157160 3.169681 2.600196
v 0.160649 3.186566 2.600196
v 0.157160 3.203451 2.600196
v 0.147688 3.217857 2.600196
v 0.133281 3.227329 2.600196
v 0.106160 3.211278 2.598249
v 0.097279 3.205684 2.598249
v 0.116396 3.213603 2.598249
v 0.091684 3.196802 2.598249
v 0.089360 3.186566 2.598249
v 0.091684 3.176330 2.598249
v 0.097279 3.167449 2.598249
v 0.106160 3.161854 2.598249
v 0.116396 3.159529 2.598249
v 0.126632 3.161854 2.598249
v 0.135514 3.167449 2.598249
v 0.141109 3.176330 2.598249
v 0.143433 3.186566 2.598249
v 0.141109 3.196802 2.598249
v 0.135514 3.205684 2.598249
v 0.126633 3.211278 2.598249
v 0.106160 3.211278 2.534943
v 0.097279 3.205684 2.534943
v 0.116396 3.213603 2.534943
v 0.091684 3.196802 2.534943
v 0.089360 3.186566 2.534943
v 0.091684 3.176330 2.534943
v 0.097279 3.167449 2.534943
v 0.106161 3.161854 2.534943
v 0.116396 3.159529 2.534943
v 0.126632 3.161854 2.534943
v 0.135514 3.167449 2.534943
v 0.141109 3.176330 2.534943
v 0.143433 3.186566 2.534943
v 0.141109 3.196802 2.534943
v 0.135514 3.205684 2.534943
v 0.126633 3.211278 2.534943
v 0.147688 3.217857 2.609801
v 0.133281 3.227329 2.609801
v 0.116396 3.230819 2.609801
v 0.099512 3.227329 2.609801
v 0.085105 3.217857 2.609801
v 0.075633 3.203451 2.609801
v 0.072144 3.186566 2.609801
v 0.075633 3.169681 2.609801
v 0.085105 3.155275 2.609801
v 0.099512 3.145803 2.609801
v 0.116396 3.142313 2.609801
v 0.133281 3.145803 2.609801
v 0.147688 3.155275 2.609801
v 0.157160 3.169681 2.609801
v 0.160649 3.186566 2.609801
v 0.157160 3.203451 2.609801
v 0.617965 3.021779 2.827705
v 0.543016 2.874683 2.827705
v 0.426280 2.757947 2.827705
v 0.279185 2.682998 2.827705
v 0.116128 2.657173 2.827705
v -0.046929 2.682998 2.827705
v -0.194024 2.757947 2.827705
v -0.310760 2.874683 2.827705
v -0.385709 3.021779 2.827705
v -0.411534 3.184835 2.827705
v -0.385709 3.347892 2.827705
v -0.310760 3.494987 2.827705
v -0.194024 3.611723 2.827705
v -0.046929 3.686672 2.827705
v 0.116128 3.712498 2.827705
v 0.279185 3.686672 2.827705
v 0.426280 3.611723 2.827705
v 0.543016 3.494987 2.827705
v 0.617965 3.347892 2.827705
v 0.643790 3.184835 2.827705
v 0.611787 3.023786 2.800907
v 0.537761 2.878501 2.800907
v 0.422462 2.763203 2.800907
v 0.277177 2.689177 2.800907
v 0.116128 2.663669 2.800907
v -0.044921 2.689177 2.800907
v -0.190206 2.763203 2.800907
v -0.305504 2.878501 2.800907
v -0.379530 3.023786 2.800907
v -0.405038 3.184835 2.800907
v -0.379530 3.345884 2.800907
v -0.305504 3.491169 2.800907
v -0.190206 3.606467 2.800907
v -0.044921 3.680494 2.800907
v 0.116128 3.706001 2.800907
v 0.277177 3.680494 2.800907
v 0.422462 3.606467 2.800907
v 0.537760 3.491169 2.800907
v 0.611786 3.345884 2.800907
v 0.637294 3.184835 2.800907
v 0.593404 3.029759 2.774770
v 0.522123 2.889863 2.774770
v 0.411101 2.778841 2.774770
v 0.271204 2.707560 2.774770
v 0.116128 2.682998 2.774770
v -0.038948 2.707560 2.774770
v -0.178844 2.778841 2.774770
v -0.289866 2.889863 2.774770
v -0.361147 3.029759 2.774770
v -0.385709 3.184835 2.774770
v -0.361147 3.339911 2.774770
v -0.289866 3.479808 2.774770
v -0.178844 3.590830 2.774770
v -0.038948 3.662111 2.774770
v 0.116128 3.686672 2.774770
v 0.271204 3.662111 2.774770
v 0.411100 3.590830 2.774770
v 0.522123 3.479808 2.774770
v 0.593403 3.339911 2.774770
v 0.617965 3.184835 2.774770
v 0.563268 3.039551 2.749937
v 0.496488 2.908488 2.749937
v 0.392476 2.804475 2.749937
v 0.261413 2.737695 2.749937
v 0.116128 2.714684 2.749937
v -0.029156 2.737695 2.749937
v -0.160220 2.804476 2.749937
v -0.264232 2.908488 2.749937
v -0.331012 3.039551 2.749937
v -0.354023 3.184835 2.749937
v -0.331012 3.330120 2.749937
v -0.264232 3.461183 2.749937
v -0.160220 3.565195 2.749937
v -0.029156 3.631975 2.749937
v 0.116128 3.654986 2.749937
v 0.261413 3.631975 2.749937
v 0.392476 3.565195 2.749937
v 0.496488 3.461183 2.749937
v 0.563268 3.330120 2.749937
v 0.586279 3.184835 2.749937
v 0.522123 3.052920 2.727018
v 0.461488 2.933917 2.727018
v 0.367047 2.839476 2.727018
v 0.248044 2.778841 2.727018
v 0.116128 2.757947 2.727018
v -0.015787 2.778841 2.727018
v -0.134790 2.839476 2.727018
v -0.229232 2.933917 2.727018
v -0.289866 3.052920 2.727018
v -0.310760 3.184835 2.727018
v -0.289866 3.316751 2.727018
v -0.229231 3.435754 2.727018
v -0.134790 3.530195 2.727018
v -0.015787 3.590830 2.727018
v 0.116128 3.611723 2.727018
v 0.248044 3.590830 2.727018
v 0.367047 3.530195 2.727018
v 0.461488 3.435754 2.727018
v 0.522123 3.316751 2.727018
v 0.543016 3.184835 2.727018
v 0.470980 3.069537 2.706578
v 0.417984 2.965524 2.706578
v 0.335439 2.882980 2.706578
v 0.231427 2.829983 2.706578
v 0.116128 2.811721 2.706578
v 0.000830 2.829983 2.706578
v -0.103183 2.882980 2.706578
v -0.185727 2.965524 2.706578
v -0.238724 3.069537 2.706578
v -0.256986 3.184835 2.706578
v -0.238724 3.300134 2.706578
v -0.185727 3.404146 2.706578
v -0.103183 3.486691 2.706578
v 0.000830 3.539688 2.706578
v 0.116128 3.557949 2.706578
v 0.231427 3.539688 2.706578
v 0.335439 3.486691 2.706578
v 0.417983 3.404146 2.706578
v 0.470980 3.300134 2.706578
v 0.489242 3.184835 2.706578
v 0.411101 3.088993 2.689122
v 0.367047 3.002532 2.689122
v 0.298431 2.933917 2.689122
v 0.211970 2.889863 2.689122
v 0.116128 2.874683 2.689122
v 0.020286 2.889863 2.689122
v -0.066175 2.933917 2.689122
v -0.134790 3.002532 2.689122
v -0.178844 3.088993 2.689122
v -0.194024 3.184835 2.689122
v -0.178844 3.280678 2.689122
v -0.134790 3.367138 2.689122
v -0.066175 3.435754 2.689122
v 0.020286 3.479808 2.689122
v 0.116128 3.494987 2.689122
v 0.211970 3.479808 2.689122
v 0.298431 3.435754 2.689122
v 0.367047 3.367138 2.689122
v 0.411100 3.280678 2.689122
v 0.426280 3.184835 2.689122
v 0.343957 3.110809 2.675078
v 0.309931 3.044029 2.675078
v 0.256934 2.991032 2.675078
v 0.190154 2.957006 2.675078
v 0.116128 2.945282 2.675078
v 0.042102 2.957006 2.675078
v -0.024678 2.991032 2.675078
v -0.077675 3.044029 2.675078
v -0.111701 3.110809 2.675078
v -0.123426 3.184835 2.675078
v -0.111701 3.258862 2.675078
v -0.077675 3.325642 2.675078
v -0.024678 3.378638 2.675078
v 0.042102 3.412664 2.675078
v 0.116128 3.424389 2.675078
v 0.190154 3.412664 2.675078
v 0.256934 3.378638 2.675078
v 0.309931 3.325642 2.675078
v 0.343957 3.258862 2.675078
v 0.355682 3.184835 2.675078
v 0.271204 3.134448 2.664791
v 0.248044 3.088993 2.664791
v 0.211970 3.052920 2.664791
v 0.166515 3.029759 2.664791
v 0.116128 3.021779 2.664791
v 0.065741 3.029759 2.664791
v 0.020286 3.052920 2.664791
v -0.015787 3.088993 2.664791
v -0.038948 3.134448 2.664791
v -0.046929 3.184835 2.664791
v -0.038948 3.235223 2.664791
v -0.015787 3.280678 2.664791
v 0.020286 3.316751 2.664791
v 0.065741 3.339911 2.664791
v 0.116128 3.347892 2.664791
v 0.166515 3.339911 2.664791
v 0.211970 3.316751 2.664791
v 0.248044 3.280678 2.664791
v 0.271204 3.235223 2.664791
v 0.279185 3.184835 2.664791
v 0.194633 3.159328 2.658515
v 0.182908 3.136317 2.658515
v 0.164647 3.118055 2.658515
v 0.141636 3.106331 2.658515
v 0.116128 3.102291 2.658515
v 0.090620 3.106331 2.658515
v 0.067610 3.118055 2.658515
v 0.049348 3.136317 2.658515
v 0.037624 3.159328 2.658515
v 0.033584 3.184835 2.658515
v 0.037624 3.210343 2.658515
v 0.049348 3.233354 2.658515
v 0.067610 3.251615 2.658515
v 0.090620 3.263340 2.658515
v 0.116128 3.267380 2.658515
v 0.141636 3.263340 2.658515
v 0.164647 3.251615 2.658515
v 0.182908 3.233354 2.658515
v 0.194633 3.210343 2.658515
v 0.198673 3.184835 2.658515
v 0.116128 3.184835 2.656407
v 0.142710 3.176198 2.654113
v 0.138740 3.168408 2.654114
v 0.132556 3.162225 2.654116
v 0.124764 3.158256 2.654118
v 0.116128 3.156888 2.654119
v 0.107492 3.158256 2.654118
v 0.099701 3.162225 2.654115
v 0.093517 3.168407 2.654115
v 0.089547 3.176199 2.654114
v 0.088179 3.184835 2.654114
v 0.089547 3.193472 2.654114
v 0.093517 3.201263 2.654114
v 0.099701 3.207446 2.654116
v 0.107491 3.211416 2.654115
v 0.116128 3.212784 2.654115
v 0.124765 3.211416 2.654115
v 0.132556 3.207447 2.654113
v 0.138739 3.201263 2.654113
v 0.142710 3.193472 2.654112
v 0.144077 3.184835 2.654113
v 0.490022 3.456485 2.803179
v 0.555666 3.327650 2.803178
v 0.578286 3.184835 2.803179
v 0.555667 3.042021 2.803179
v 0.490022 2.913186 2.803179
v 0.387778 2.810942 2.803179
v 0.258943 2.745297 2.803179
v 0.116128 2.722677 2.803180
v -0.026686 2.745297 2.803179
v -0.155521 2.810942 2.803179
v -0.257765 2.913186 2.803179
v -0.323410 3.042021 2.803179
v -0.346030 3.184835 2.803179
v -0.323410 3.327650 2.803179
v -0.257765 3.456485 2.803179
v -0.155521 3.558729 2.803179
v -0.026686 3.624374 2.803179
v 0.116128 3.646993 2.803179
v 0.258943 3.624374 2.803179
v 0.387778 3.558729 2.803179
v 0.262090 3.290883 2.696803
v 0.287717 3.240588 2.696802
v 0.296547 3.184835 2.696803
v 0.287717 3.129082 2.696803
v 0.262090 3.078788 2.696804
v 0.222175 3.038874 2.696805
v 0.171880 3.013247 2.696806
v 0.116128 3.004417 2.696807
v 0.060376 3.013247 2.696807
v 0.010081 3.038874 2.696805
v -0.029834 3.078788 2.696804
v -0.055460 3.129083 2.696804
v -0.064291 3.184835 2.696804
v -0.055460 3.240588 2.696804
v -0.029834 3.290883 2.696804
v 0.010081 3.330797 2.696805
v 0.060376 3.356424 2.696805
v 0.116128 3.365254 2.696805
v 0.171881 3.356424 2.696805
v 0.222176 3.330797 2.696803
v 0.630842 3.184835 2.827301
v 0.605650 3.025780 2.827301
v 0.532541 2.882294 2.827301
v 0.418669 2.768423 2.827301
v 0.275183 2.695313 2.827301
v 0.116128 2.670121 2.827301
v -0.042927 2.695313 2.827301
v -0.186413 2.768423 2.827301
v -0.300284 2.882294 2.827301
v -0.373394 3.025780 2.827301
v -0.398586 3.184835 2.827301
v -0.373394 3.343891 2.827301
v -0.300284 3.487376 2.827301
v -0.186413 3.601248 2.827301
v -0.042927 3.674357 2.827301
v 0.116128 3.699549 2.827301
v 0.275183 3.674357 2.827301
v 0.418669 3.601247 2.827301
v 0.532540 3.487376 2.827301
v 0.605650 3.343891 2.827301
v 0.566032 3.184835 2.797801
v 0.544013 3.045807 2.797801
v 0.480108 2.920388 2.797802
v 0.380575 2.820856 2.797802
v 0.255156 2.756951 2.797802
v 0.116128 2.734931 2.797803
v -0.022900 2.756951 2.797802
v -0.148319 2.820855 2.797802
v -0.247852 2.920388 2.797802
v -0.311756 3.045808 2.797802
v -0.333776 3.184835 2.797802
v -0.311756 3.323864 2.797802
v -0.247852 3.449282 2.797802
v -0.148319 3.548816 2.797802
v -0.022900 3.612720 2.797802
v 0.116128 3.634739 2.797802
v 0.255156 3.612720 2.797802
v 0.380575 3.548815 2.797802
v 0.480108 3.449282 2.797801
v 0.544012 3.323864 2.797801
v 0.309915 3.184835 2.701112
v 0.300431 3.124952 2.701112
v 0.272905 3.070931 2.701113
v 0.230033 3.028059 2.701114
v 0.176011 3.000534 2.701116
v 0.116128 2.991050 2.701117
v 0.056245 3.000534 2.701116
v 0.002224 3.028059 2.701114
v -0.040648 3.070930 2.701113
v -0.068174 3.124952 2.701113
v -0.077658 3.184835 2.701113
v -0.068174 3.244719 2.701113
v -0.040648 3.298740 2.701113
v 0.002224 3.341612 2.701114
v 0.056245 3.369137 2.701114
v 0.116128 3.378622 2.701114
v 0.176011 3.369137 2.701114
v 0.230033 3.341612 2.701113
v 0.272905 3.298740 2.701112
v 0.300430 3.244719 2.701111
v 0.166199 3.184835 2.660030
v 0.163749 3.169362 2.660030
v 0.156636 3.155405 2.660031
v 0.145558 3.144328 2.660034
v 0.131600 3.137216 2.660035
v 0.116128 3.134766 2.660037
v 0.100656 3.137217 2.660035
v 0.086698 3.144328 2.660033
v 0.075620 3.155405 2.660032
v 0.068508 3.169363 2.660031
v 0.066058 3.184835 2.660031
v 0.068508 3.200308 2.660032
v 0.075620 3.214266 2.660032
v 0.086698 3.225343 2.660034
v 0.100655 3.232455 2.660033
v 0.116128 3.234905 2.660033
v 0.131601 3.232455 2.660033
v 0.145559 3.225343 2.660031
v 0.156636 3.214266 2.660030
v 0.163749 3.200308 2.660029
v -0.307774 3.023685 -3.137674
v 0.508625 3.023685 -3.137674
v -0.362054 3.154006 -3.093415
v 0.562905 3.154006 -3.093415
v -0.362054 3.154006 -3.847604
v 0.562905 3.154006 -3.847604
v -0.307774 3.023685 -3.803345
v 0.508625 3.023685 -3.803345
v 0.562905 3.128364 -3.847604
v -0.362054 3.128364 -3.847604
v -0.362054 3.128364 -3.093415
v 0.562905 3.128364 -3.093415
v 0.559187 3.045575 -3.844573
v -0.358336 3.045575 -3.844573
v -0.358336 3.045575 -3.096447
v 0.559187 3.045575 -3.096447
v 0.534831 3.132823 -3.555523
v 0.472855 3.132823 -3.667944
v 0.376324 3.132823 -3.757163
v 0.254688 3.132823 -3.814444
v 0.119853 3.132823 -3.834182
v -0.014981 3.132823 -3.814444
v -0.136617 3.132823 -3.757163
v -0.233148 3.132823 -3.667944
v -0.295125 3.132823 -3.555523
v -0.316480 3.132823 -3.430903
v -0.295125 3.132823 -3.306283
v -0.233148 3.132823 -3.193862
v -0.136617 3.132823 -3.104644
v -0.014981 3.132823 -3.047363
v 0.119853 3.132823 -3.027625
v 0.254688 3.132823 -3.047363
v 0.376324 3.132823 -3.104644
v 0.472855 3.132823 -3.193862
v 0.534831 3.132823 -3.306283
v 0.556187 3.132823 -3.430903
v 0.529722 3.205679 -3.553989
v 0.468509 3.205679 -3.665026
v 0.373166 3.205679 -3.753146
v 0.253028 3.205679 -3.809722
v 0.119853 3.205679 -3.829217
v -0.013321 3.205679 -3.809722
v -0.133460 3.205679 -3.753146
v -0.228802 3.205679 -3.665026
v -0.290015 3.205679 -3.553989
v -0.311108 3.205679 -3.430903
v -0.290015 3.205679 -3.307817
v -0.228802 3.205679 -3.196780
v -0.133459 3.205679 -3.108661
v -0.013321 3.205679 -3.052084
v 0.119853 3.205679 -3.032590
v 0.253028 3.205679 -3.052084
v 0.373166 3.205679 -3.108661
v 0.468509 3.205679 -3.196780
v 0.529722 3.205679 -3.307817
v 0.550815 3.205679 -3.430903
v 0.514521 3.276742 -3.549424
v 0.455578 3.276742 -3.656343
v 0.363771 3.276742 -3.741194
v 0.248089 3.276742 -3.795672
v 0.119853 3.276742 -3.814444
v -0.008382 3.276742 -3.795672
v -0.124065 3.276742 -3.741194
v -0.215871 3.276742 -3.656343
v -0.274814 3.276742 -3.549424
v -0.295125 3.276742 -3.430903
v -0.274814 3.276742 -3.312383
v -0.215871 3.276742 -3.205464
v -0.124064 3.276742 -3.120612
v -0.008382 3.276742 -3.066134
v 0.119853 3.276742 -3.047363
v 0.248089 3.276742 -3.066134
v 0.363771 3.276742 -3.120612
v 0.455578 3.276742 -3.205464
v 0.514521 3.276742 -3.312383
v 0.534831 3.276742 -3.430903
v 0.489601 3.344260 -3.541940
v 0.434380 3.344260 -3.642108
v 0.348370 3.344260 -3.721602
v 0.239992 3.344260 -3.772640
v 0.119853 3.344260 -3.790227
v -0.000285 3.344260 -3.772640
v -0.108663 3.344260 -3.721602
v -0.194673 3.344260 -3.642108
v -0.249895 3.344260 -3.541940
v -0.268923 3.344260 -3.430903
v -0.249895 3.344260 -3.319866
v -0.194673 3.344260 -3.219698
v -0.108663 3.344260 -3.140204
v -0.000285 3.344260 -3.089166
v 0.119853 3.344260 -3.071579
v 0.239992 3.344260 -3.089166
v 0.348370 3.344260 -3.140204
v 0.434380 3.344260 -3.219698
v 0.489601 3.344260 -3.319866
v 0.508629 3.344260 -3.430903
v 0.455578 3.406573 -3.531723
v 0.405438 3.406573 -3.622674
v 0.327342 3.406573 -3.694853
v 0.228937 3.406573 -3.741194
v 0.119853 3.406573 -3.757163
v 0.010770 3.406573 -3.741194
v -0.087636 3.406573 -3.694853
v -0.165731 3.406573 -3.622674
v -0.215871 3.406573 -3.531723
v -0.233148 3.406573 -3.430903
v -0.215871 3.406573 -3.330084
v -0.165731 3.406573 -3.239133
v -0.087636 3.406573 -3.166954
v 0.010770 3.406573 -3.120612
v 0.119853 3.406573 -3.104644
v 0.228937 3.406573 -3.120612
v 0.327342 3.406573 -3.166954
v 0.405437 3.406573 -3.239133
v 0.455578 3.406573 -3.330084
v 0.472855 3.406573 -3.430903
v 0.400145 3.462144 -3.515076
v 0.358284 3.462144 -3.591010
v 0.293083 3.462144 -3.651271
v 0.210926 3.462144 -3.689961
v 0.119853 3.462144 -3.703293
v 0.028781 3.462144 -3.689961
v -0.053376 3.462144 -3.651271
v -0.118577 3.462144 -3.591010
v -0.160438 3.462144 -3.515076
v -0.174863 3.462144 -3.430903
v -0.160438 3.462144 -3.346730
v -0.118577 3.462144 -3.270797
v -0.053376 3.462144 -3.210536
v 0.028781 3.462144 -3.171845
v 0.119853 3.462144 -3.158514
v 0.210926 3.462144 -3.171845
v 0.293083 3.462144 -3.210536
v 0.358283 3.462144 -3.270797
v 0.400145 3.462144 -3.346730
v 0.414569 3.462144 -3.430903
v 0.363771 3.509607 -3.504153
v 0.327342 3.509607 -3.570233
v 0.270603 3.509607 -3.622674
v 0.199107 3.509607 -3.656343
v 0.119853 3.509607 -3.667944
v 0.040600 3.509607 -3.656343
v -0.030896 3.509607 -3.622674
v -0.087636 3.509607 -3.570232
v -0.124064 3.509607 -3.504153
v -0.136617 3.509607 -3.430903
v -0.124064 3.509607 -3.357653
v -0.087636 3.509607 -3.291574
v -0.030896 3.509607 -3.239133
v 0.040600 3.509607 -3.205464
v 0.119853 3.509607 -3.193862
v 0.199107 3.509607 -3.205464
v 0.270603 3.509607 -3.239133
v 0.327342 3.509607 -3.291574
v 0.363771 3.509607 -3.357653
v 0.376324 3.509607 -3.430903
v 0.308250 3.547792 -3.487479
v 0.280113 3.547792 -3.538518
v 0.236289 3.547792 -3.579022
v 0.181067 3.547792 -3.605027
v 0.119853 3.547792 -3.613988
v 0.058640 3.547792 -3.605027
v 0.003418 3.547792 -3.579022
v -0.040406 3.547792 -3.538518
v -0.068543 3.547792 -3.487479
v -0.078238 3.547792 -3.430903
v -0.068543 3.547792 -3.374327
v -0.040406 3.547792 -3.323289
v 0.003418 3.547792 -3.282785
v 0.058640 3.547792 -3.256779
v 0.119853 3.547792 -3.247818
v 0.181067 3.547792 -3.256779
v 0.236289 3.547792 -3.282785
v 0.280113 3.547792 -3.323289
v 0.308249 3.547792 -3.374327
v 0.317945 3.547792 -3.430903
v 0.248089 3.575759 -3.469413
v 0.228937 3.575759 -3.504153
v 0.199107 3.575759 -3.531723
v 0.161520 3.575759 -3.549424
v 0.119853 3.575759 -3.555523
v 0.078187 3.575759 -3.549424
v 0.040600 3.575759 -3.531723
v 0.010770 3.575759 -3.504153
v -0.008382 3.575759 -3.469413
v -0.014981 3.575759 -3.430903
v -0.008382 3.575759 -3.392394
v 0.010770 3.575759 -3.357653
v 0.040600 3.575759 -3.330084
v 0.078187 3.575759 -3.312383
v 0.119853 3.575759 -3.306283
v 0.161520 3.575759 -3.312383
v 0.199107 3.575759 -3.330084
v 0.228937 3.575759 -3.357653
v 0.248089 3.575759 -3.392394
v 0.254688 3.575759 -3.430903
v 0.184770 3.592820 -3.450398
v 0.175075 3.592820 -3.467985
v 0.159974 3.592820 -3.481941
v 0.140946 3.592820 -3.490902
v 0.119853 3.592820 -3.493990
v 0.098761 3.592820 -3.490902
v 0.079733 3.592820 -3.481941
v 0.064632 3.592820 -3.467985
v 0.054937 3.592820 -3.450398
v 0.051596 3.592820 -3.430903
v 0.054937 3.592820 -3.411408
v 0.064632 3.592820 -3.393822
v 0.079733 3.592820 -3.379865
v 0.098761 3.592820 -3.370904
v 0.119853 3.592820 -3.367816
v 0.140946 3.592820 -3.370904
v 0.159974 3.592820 -3.379865
v 0.175075 3.592820 -3.393822
v 0.184770 3.592820 -3.411408
v 0.188111 3.592820 -3.430903
v 0.119853 3.598553 -3.430903
v 0.124072 3.026182 -3.509157
v 0.124072 2.668378 -2.531555
v 0.124072 3.670907 -3.663039
v 0.124072 3.784310 -2.531555
v -0.245812 3.439063 -3.538576
v -0.433894 3.226344 -2.531555
v -0.137476 3.149228 -3.509157
v -0.270470 2.831803 -2.531555
v -0.181807 3.043420 -3.183290
v 0.124072 2.906914 -3.183290
v -0.017314 3.056571 -3.509157
v -0.041278 2.941528 -3.183290
v -0.226138 2.937611 -2.857423
v 0.124072 2.787646 -2.857423
v -0.065242 2.826486 -2.857423
v -0.089206 2.711444 -2.531555
v -0.308506 3.368157 -3.202902
v -0.217263 3.294990 -3.512835
v -0.275118 3.201015 -3.185742
v -0.371200 3.297251 -2.867229
v -0.332973 3.107041 -2.858648
v -0.390828 3.013066 -2.531555
v -0.137476 3.593120 -3.650593
v -0.270470 3.620886 -2.531555
v -0.181807 3.602375 -3.277580
v -0.217263 3.532219 -3.596706
v -0.275118 3.501354 -3.241656
v -0.226138 3.611630 -2.904568
v -0.332973 3.470488 -2.886606
v -0.390828 3.439623 -2.531555
v 0.124072 3.708708 -3.285878
v -0.017314 3.646176 -3.665726
v -0.041278 3.677865 -3.287669
v 0.124072 3.746509 -2.908717
v -0.065242 3.709555 -2.909612
v -0.089206 3.741244 -2.531555
v 0.493956 3.439063 -3.538576
v 0.682038 3.226344 -2.531555
v 0.385620 3.593120 -3.650593
v 0.518614 3.620886 -2.531555
v 0.429951 3.602375 -3.277580
v 0.265458 3.646176 -3.665726
v 0.289422 3.677865 -3.287669
v 0.474282 3.611630 -2.904568
v 0.313386 3.709555 -2.909612
v 0.337350 3.741244 -2.531555
v 0.556650 3.368157 -3.202902
v 0.465407 3.532219 -3.596706
v 0.523262 3.501354 -3.241656
v 0.619344 3.297251 -2.867229
v 0.581117 3.470488 -2.886606
v 0.638972 3.439623 -2.531555
v 0.385620 3.149228 -3.509157
v 0.518614 2.831803 -2.531555
v 0.429951 3.043420 -3.183290
v 0.465407 3.294990 -3.512835
v 0.523262 3.201015 -3.185742
v 0.474282 2.937611 -2.857423
v 0.581117 3.107041 -2.858648
v 0.638972 3.013066 -2.531555
v 0.265458 3.056571 -3.509157
v 0.289422 2.941528 -3.183290
v 0.313386 2.826486 -2.857423
v 0.337350 2.711444 -2.531555
v 0.007637 3.110241 -3.488115
v -0.091906 3.188337 -3.490060
v 0.124072 3.085281 -3.487437
v -0.159877 3.317301 -3.496665
v -0.184314 3.439681 -3.526802
v -0.165294 3.501395 -3.588518
v -0.103357 3.539893 -3.643913
v 0.001370 3.585567 -3.659644
v 0.124072 3.607905 -3.656898
v 0.246774 3.585567 -3.659644
v 0.351501 3.539893 -3.643913
v 0.413438 3.501395 -3.588518
v 0.432458 3.439681 -3.526802
v 0.408021 3.317301 -3.496665
v 0.340051 3.188337 -3.490060
v 0.240507 3.110241 -3.488115
v -0.005732 3.083286 -3.401454
v -0.114177 3.172629 -3.402475
v 0.124072 3.054136 -3.401124
v -0.184331 3.321335 -3.408940
v -0.194030 3.480194 -3.450311
v -0.145687 3.556913 -3.520026
v -0.082175 3.570109 -3.562921
v 0.003394 3.596672 -3.568511
v 0.124072 3.616412 -3.565322
v 0.244750 3.596672 -3.568511
v 0.330319 3.570109 -3.562921
v 0.393831 3.556913 -3.520026
v 0.442174 3.480194 -3.450311
v 0.432475 3.321335 -3.408940
v 0.362321 3.172629 -3.402475
v 0.253877 3.083286 -3.401454
v -0.111062 3.514249 -3.504655
v -0.063120 3.513016 -3.548320
v -0.147170 3.460328 -3.439679
v 0.015359 3.546780 -3.561283
v 0.124072 3.565350 -3.559958
v 0.232785 3.546780 -3.561283
v 0.311265 3.503659 -3.548320
v 0.359206 3.504891 -3.504655
v 0.395314 3.439439 -3.439679
v 0.267535 3.089374 -3.401392
v 0.252848 3.115523 -3.488153
v 0.280268 3.062839 -3.509049
v 0.306522 2.948340 -3.183215
v 0.332770 2.833850 -2.857384
v 0.359014 2.719368 -2.531555
v 0.319675 2.890970 -3.019946
v 0.301430 2.883882 -3.020002
v 0.124072 2.847151 -3.020002
v -0.053286 2.883882 -3.020002
v -0.204021 2.990401 -3.020002
v -0.304108 3.153926 -3.021840
v -0.339921 3.332626 -3.034701
v -0.304108 3.485887 -3.063745
v -0.204021 3.607013 -3.090669
v -0.053286 3.693744 -3.098230
v 0.124072 3.727650 -3.096887
v 0.301430 3.693744 -3.098230
v 0.452165 3.607013 -3.090669
v 0.552252 3.485887 -3.063745
v 0.588065 3.332627 -3.034701
v 0.552252 3.153926 -3.021840
v 0.452165 2.990401 -3.020002
v 0.282920 3.098100 -3.401314
v 0.266797 3.123117 -3.488214
v 0.297030 3.071837 -3.508902
v 0.325955 2.958106 -3.183113
v 0.340443 2.901125 -3.019869
v 0.354865 2.844396 -2.857332
v 0.383765 2.730702 -2.531555
v 0.615843 3.364185 -2.492591
v 0.542021 3.536436 -2.492591
v 0.427042 3.673133 -2.492591
v 0.282159 3.760899 -2.492591
v 0.121556 3.791141 -2.492591
v -0.039048 3.760899 -2.492591
v -0.183931 3.673133 -2.492591
v -0.298910 3.536436 -2.492591
v -0.372731 3.364185 -2.492591
v -0.398168 3.173245 -2.492591
v -0.372731 2.982306 -2.492591
v -0.298910 2.810057 -2.492591
v -0.183931 2.673358 -2.492591
v -0.039048 2.585593 -2.492591
v 0.121556 2.555351 -2.492591
v 0.282159 2.585593 -2.492591
v 0.427042 2.673358 -2.492591
v 0.542021 2.810057 -2.492591
v 0.615843 2.982306 -2.492591
v 0.641280 3.173245 -2.492591
v 0.615843 3.333848 2.552302
v 0.542021 3.478733 2.552302
v 0.427042 3.593712 2.552302
v 0.282159 3.667532 2.552302
v 0.121556 3.692969 2.552302
v -0.039048 3.667532 2.552302
v -0.183931 3.593712 2.552302
v -0.298910 3.478733 2.552302
v -0.372731 3.333848 2.552302
v -0.398168 3.173245 2.552302
v -0.372731 3.012643 2.552302
v -0.298910 2.867760 2.552302
v -0.183931 2.752779 2.552302
v -0.039048 2.678959 2.552302
v 0.121556 2.653522 2.552302
v 0.282159 2.678959 2.552302
v 0.427042 2.752779 2.552302
v 0.542021 2.867760 2.552302
v 0.615843 3.012643 2.552302
v 0.641280 3.173245 2.552302
v 0.121556 3.173245 -2.492591
v 0.121556 3.173245 2.552302
v 0.641280 3.173245 2.476385
v 0.615843 3.011947 2.476385
v 0.542021 2.866439 2.476385
v 0.427042 2.750962 2.476385
v 0.282159 2.676823 2.476385
v 0.121556 2.651275 2.476385
v -0.039048 2.676823 2.476385
v -0.183931 2.750962 2.476385
v -0.298910 2.866439 2.476385
v -0.372731 3.011947 2.476385
v -0.398168 3.173245 2.476385
v -0.372731 3.334544 2.476385
v -0.298910 3.480053 2.476385
v -0.183931 3.595529 2.476385
v -0.039048 3.669668 2.476385
v 0.121556 3.695217 2.476385
v 0.282159 3.669668 2.476385
v 0.427042 3.595529 2.476385
v 0.542021 3.480053 2.476385
v 0.615843 3.334544 2.476385
v 0.739726 3.173245 2.474125
v 0.709471 2.979882 2.474125
v 0.621666 2.805443 2.474125
v 0.484907 2.667011 2.474125
v 0.312581 2.578129 2.474125
v 0.121556 2.547503 2.474125
v -0.069470 2.578129 2.474125
v -0.241796 2.667011 2.474125
v -0.378555 2.805443 2.474125
v -0.466360 2.979882 2.474125
v -0.496616 3.173245 2.474125
v -0.466360 3.366610 2.474125
v -0.378555 3.541048 2.474125
v -0.241796 3.679481 2.474125
v -0.069470 3.768362 2.474125
v 0.121556 3.798988 2.474125
v 0.312581 3.768362 2.474125
v 0.484908 3.679481 2.474125
v 0.621667 3.541048 2.474125
v 0.709471 3.366610 2.474125
v 0.702050 3.406602 2.080439
v 0.731923 3.173245 2.080439
v 0.702050 2.939889 2.080439
v 0.615353 2.729374 2.080439
v 0.480321 2.562309 2.080439
v 0.310170 2.455046 2.080439
v 0.121556 2.418086 2.080439
v -0.067058 2.455046 2.080439
v -0.237209 2.562309 2.080439
v -0.372242 2.729374 2.080439
v -0.458939 2.939889 2.080439
v -0.488812 3.173245 2.080439
v -0.458939 3.406602 2.080439
v -0.372242 3.617117 2.080439
v -0.237210 3.784183 2.080439
v -0.067058 3.891445 2.080439
v 0.121556 3.928405 2.080439
v 0.310170 3.891445 2.080439
v 0.480321 3.784183 2.080439
v 0.615354 3.617117 2.080439
v 0.700464 3.408468 1.996283
v 0.730255 3.173245 1.996283
v 0.700463 2.938023 1.996283
v 0.614004 2.725826 1.996283
v 0.479340 2.557426 1.996283
v 0.309654 2.449306 1.996283
v 0.121556 2.412050 1.996283
v -0.066543 2.449306 1.996283
v -0.236229 2.557426 1.996283
v -0.370893 2.725826 1.996283
v -0.457352 2.938023 1.996283
v -0.487144 3.173245 1.996283
v -0.457352 3.408468 1.996283
v -0.370893 3.620665 1.996283
v -0.236229 3.789066 1.996283
v -0.066543 3.897186 1.996283
v 0.121556 3.934441 1.996283
v 0.309654 3.897186 1.996283
v 0.479340 3.789066 1.996283
v 0.614004 3.620665 1.996283
v 0.698455 3.436557 1.889725
v 0.728143 3.173245 1.889725
v 0.698455 2.909934 1.889725
v 0.612295 2.672395 1.889725
v 0.478099 2.483886 1.889725
v 0.309001 2.362853 1.889725
v 0.121556 2.321150 1.889725
v -0.065890 2.362853 1.889725
v -0.234988 2.483886 1.889725
v -0.369184 2.672395 1.889725
v -0.455343 2.909934 1.889725
v -0.485032 3.173245 1.889725
v -0.455343 3.436557 1.889725
v -0.369184 3.674096 1.889725
v -0.234988 3.862607 1.889725
v -0.065890 3.983638 1.889725
v 0.121556 4.025343 1.889725
v 0.309002 3.983638 1.889725
v 0.478099 3.862607 1.889725
v 0.612296 3.674096 1.889725
v 0.681648 3.445023 0.998177
v 0.710471 3.173245 0.998177
v 0.681648 2.901469 0.998177
v 0.597998 2.656298 0.998177
v 0.467712 2.461726 0.998177
v 0.303541 2.336806 0.998177
v 0.121556 2.293761 0.998177
v -0.060429 2.336806 0.998177
v -0.224600 2.461726 0.998177
v -0.354887 2.656298 0.998177
v -0.438537 2.901469 0.998177
v -0.467360 3.173245 0.998177
v -0.438537 3.445022 0.998177
v -0.354887 3.690195 0.998177
v -0.224601 3.884765 0.998177
v -0.060429 4.009687 0.998177
v 0.121556 4.052732 0.998177
v 0.303541 4.009687 0.998177
v 0.467712 3.884765 0.998177
v 0.597999 3.690195 0.998177
v 0.690324 3.452538 1.458405
v 0.719593 3.173245 1.458405
v 0.690324 2.893953 1.458405
v 0.605379 2.642001 1.458405
v 0.473074 2.442050 1.458405
v 0.306360 2.313675 1.458405
v 0.121556 2.269439 1.458405
v -0.063248 2.313675 1.458405
v -0.229962 2.442050 1.458405
v -0.362267 2.642001 1.458405
v -0.447213 2.893953 1.458405
v -0.476483 3.173245 1.458405
v -0.447213 3.452538 1.458405
v -0.362267 3.704490 1.458405
v -0.229963 3.904442 1.458405
v -0.063248 4.032818 1.458405
v 0.121556 4.077054 1.458405
v 0.306360 4.032818 1.458405
v 0.473074 3.904442 1.458405
v 0.605379 3.704490 1.458405
v 0.584236 3.373027 -2.614751
v 0.514190 3.509878 -2.614660
v 0.405849 3.617712 -2.614531
v 0.270543 3.686333 -2.614412
v 0.121556 3.709822 -2.614363
v -0.027432 3.686333 -2.614412
v -0.162738 3.617712 -2.614531
v -0.271079 3.509878 -2.614660
v -0.341125 3.373027 -2.614751
v -0.365346 3.220767 -2.614783
v -0.341125 3.068509 -2.614751
v -0.271079 2.931658 -2.614660
v -0.162738 2.823824 -2.614531
v -0.027432 2.755203 -2.614412
v 0.121556 2.731714 -2.614363
v 0.270543 2.755203 -2.614412
v 0.405849 2.823824 -2.614531
v 0.514190 2.931658 -2.614660
v 0.584236 3.068509 -2.614751
v 0.608457 3.220767 -2.614783
v 0.462177 3.582419 -2.568425
v 0.335694 3.673362 -2.564950
v 0.189143 3.723196 -2.559339
v 0.033833 3.725401 -2.555111
v -0.115357 3.676470 -2.553753
v -0.241539 3.579568 -2.555377
v -0.329925 3.445521 -2.559729
v -0.371848 3.290669 -2.565297
v -0.366021 3.132059 -2.568617
v -0.316214 2.983516 -2.566560
v -0.228153 2.855336 -2.559705
v -0.107079 2.756888 -2.552262
v 0.040439 2.699287 -2.547637
v 0.201650 2.692523 -2.545824
v 0.358468 2.740158 -2.545512
v 0.492278 2.838355 -2.546090
v 0.586566 2.976961 -2.548026
v 0.629455 3.139581 -2.552608
v 0.618220 3.305696 -2.559897
v 0.559326 3.457238 -2.566561
v -0.227810 3.588816 -1.264960
v -0.134546 3.744764 -1.250416
v -0.014712 3.848014 -1.238366
v 0.121556 3.884268 -1.233923
v 0.257824 3.848014 -1.238366
v 0.377657 3.744764 -1.250416
v 0.470921 3.588818 -1.264960
v 0.534571 3.396360 -1.273219
v 0.567160 3.181402 -1.268081
v 0.564491 2.957743 -1.250437
v 0.518406 2.743270 -1.229074
v 0.422433 2.563531 -1.212739
v 0.283463 2.445297 -1.203895
v 0.121556 2.404481 -1.201218
v -0.040351 2.445297 -1.203895
v -0.179322 2.563531 -1.212739
v -0.275295 2.743270 -1.229074
v -0.321380 2.957742 -1.250437
v -0.324048 3.181402 -1.268081
v -0.291459 3.396358 -1.273219
v -0.330635 3.416457 -0.422613
v -0.261692 3.628943 -0.417394
v -0.158802 3.799956 -0.408203
v -0.027157 3.912098 -0.400639
v 0.121556 3.951244 -0.397863
v 0.270268 3.912098 -0.400639
v 0.401913 3.799956 -0.408203
v 0.504803 3.628944 -0.417394
v 0.573747 3.416458 -0.422613
v 0.605914 3.179584 -0.419286
v 0.597278 2.936026 -0.408082
v 0.541883 2.706709 -0.394763
v 0.436633 2.517622 -0.384860
v 0.290061 2.394157 -0.379673
v 0.121556 2.351572 -0.378136
v -0.046950 2.394157 -0.379673
v -0.193522 2.517622 -0.384860
v -0.298772 2.706709 -0.394763
v -0.354167 2.936025 -0.408082
v -0.362802 3.179584 -0.419286
v 0.050859 2.664719 2.552302
v 0.050859 2.662520 2.476385
v 0.037468 2.560985 2.474125
v 0.038529 2.434355 2.080439
v 0.038756 2.428451 1.996283
v 0.039043 2.339508 1.889725
v 0.040206 2.288911 1.458405
v 0.041447 2.312708 0.998177
v 0.047381 2.370317 -0.378814
v 0.050285 2.422448 -1.202397
v 0.050859 2.568663 -2.492591
v 0.055973 2.742054 -2.614385
v 0.289438 2.719190 -2.545649
v -2.358809 5.587569 -1.410994
v -2.265545 5.743515 -1.396449
v -2.392691 5.627694 -0.563427
v -2.289801 5.798710 -0.554236
v 2.508659 5.713809 -1.396449
v 2.601921 5.557862 -1.410994
v 2.532915 5.769002 -0.554236
v 2.635804 5.597988 -0.563427
v 0.401913 3.799956 -0.408203
v 0.504803 3.628944 -0.417394
v 0.470921 3.588818 -1.264960
v 0.377657 3.744764 -1.250416
v 2.601921 5.557862 -1.410994
v 2.635804 5.597988 -0.563427
v 2.532915 5.769002 -0.554236
v 2.508659 5.713809 -1.396449
v 2.542353 5.787219 -0.554883
v 2.645243 5.616207 -0.564074
v 2.611360 5.576080 -1.411640
v 2.518097 5.732027 -1.397095
v 2.785566 5.934341 -0.571550
v 2.888456 5.763328 -0.580740
v 2.854573 5.723202 -1.428307
v 2.761310 5.879148 -1.413762
v 4.985575 7.012254 -1.574341
v 5.019456 7.052380 -0.726773
v 4.916567 7.223394 -0.717582
v 4.892312 7.168200 -1.559795
v 0.130845 3.178170 3.288165
v 0.128067 3.172717 3.288165
v 0.123740 3.168389 3.288165
v 0.118287 3.165611 3.288165
v 0.112242 3.164654 3.288165
v 0.106197 3.165611 3.288165
v 0.100744 3.168389 3.288165
v 0.096417 3.172717 3.288165
v 0.093639 3.178170 3.288165
v 0.092681 3.184214 3.288165
v 0.093639 3.190259 3.288165
v 0.096417 3.195712 3.288165
v 0.100744 3.200039 3.288165
v 0.106197 3.202818 3.288165
v 0.112242 3.203775 3.288165
v 0.118287 3.202818 3.288165
v 0.123740 3.200039 3.288165
v 0.128067 3.195712 3.288165
v 0.130845 3.190259 3.288165
v 0.131803 3.184214 3.288165
v 0.152247 3.171216 2.654322
v 0.146272 3.159490 2.654322
v 0.136966 3.150184 2.654322
v 0.125240 3.144210 2.654322
v 0.112242 3.142151 2.654322
v 0.099244 3.144210 2.654322
v 0.087518 3.150184 2.654322
v 0.078212 3.159490 2.654322
v 0.072237 3.171216 2.654322
v 0.070178 3.184214 2.654322
v 0.072237 3.197213 2.654322
v 0.078212 3.208939 2.654322
v 0.087518 3.218245 2.654322
v 0.099244 3.224219 2.654322
v 0.112242 3.226278 2.654322
v 0.125240 3.224219 2.654322
v 0.136966 3.218245 2.654322
v 0.146272 3.208939 2.654322
v 0.152247 3.197213 2.654322
v 0.154306 3.184214 2.654322
v 0.112242 3.184214 3.288165
v 0.112242 3.184214 2.654322
v 0.078624 3.184214 3.224056
v 0.080269 3.173826 3.224056
v 0.085045 3.164454 3.224056
v 0.092482 3.157017 3.224056
v 0.101853 3.152242 3.224056
v 0.112242 3.150596 3.224056
v 0.122630 3.152242 3.224056
v 0.132002 3.157017 3.224056
v 0.139439 3.164454 3.224056
v 0.144215 3.173826 3.224056
v 0.145860 3.184214 3.224056
v 0.144215 3.194603 3.224056
v 0.139439 3.203974 3.224056
v 0.132002 3.211412 3.224056
v 0.122630 3.216187 3.224056
v 0.112242 3.217832 3.224056
v 0.101853 3.216187 3.224056
v 0.092482 3.211412 3.224056
v 0.085045 3.203974 3.224056
v 0.080269 3.194603 3.224056
v 0.078391 3.184214 2.702084
v 0.080048 3.173754 2.702084
v 0.084856 3.164317 2.702084
v 0.092345 3.156828 2.702084
v 0.101781 3.152020 2.702084
v 0.112242 3.150363 2.702084
v 0.122703 3.152020 2.702084
v 0.132139 3.156828 2.702084
v 0.139628 3.164317 2.702084
v 0.144436 3.173754 2.702084
v 0.146093 3.184214 2.702084
v 0.144436 3.194675 2.702084
v 0.139628 3.204111 2.702084
v 0.132139 3.211600 2.702084
v 0.122703 3.216408 2.702084
v 0.112242 3.218065 2.702084
v 0.101781 3.216408 2.702084
v 0.092345 3.211600 2.702084
v 0.084856 3.204111 2.702084
v 0.080048 3.194675 2.702084
v 0.138698 3.192811 2.765103
v 0.134747 3.200565 2.765103
v 0.128593 3.206719 2.765103
v 0.120838 3.210670 2.765103
v 0.112242 3.212032 2.765103
v 0.103646 3.210670 2.765103
v 0.095891 3.206719 2.765103
v 0.089737 3.200565 2.765103
v 0.085786 3.192811 2.765103
v 0.084424 3.184214 2.765103
v 0.085786 3.175618 2.765103
v 0.089737 3.167864 2.765103
v 0.095891 3.161710 2.765103
v 0.103646 3.157758 2.765103
v 0.112242 3.156397 2.765103
v 0.120838 3.157758 2.765103
v 0.128593 3.161710 2.765103
v 0.134747 3.167864 2.765103
v 0.138698 3.175618 2.765103
v 0.140060 3.184214 2.765103
v 0.136545 3.192111 3.210944
v 0.132916 3.199234 3.210944
v 0.127262 3.204888 3.210944
v 0.120139 3.208518 3.210944
v 0.112242 3.209768 3.210944
v 0.104345 3.208518 3.210944
v 0.097222 3.204888 3.210944
v 0.091568 3.199234 3.210944
v 0.087939 3.192111 3.210944
v 0.086688 3.184214 3.210944
v 0.087939 3.176318 3.210944
v 0.091568 3.169194 3.210944
v 0.097222 3.163541 3.210944
v 0.104345 3.159911 3.210944
v 0.112242 3.158660 3.210944
v 0.120139 3.159911 3.210944
v 0.127262 3.163541 3.210944
v 0.132916 3.169194 3.210944
v 0.136545 3.176318 3.210944
v 0.137796 3.184214 3.210944
v 0.142074 3.193907 3.241743
v 0.137619 3.202652 3.241743
v 0.130679 3.209591 3.241743
v 0.121935 3.214046 3.241743
v 0.112242 3.215581 3.241743
v 0.102549 3.214046 3.241743
v 0.093805 3.209591 3.241743
v 0.086865 3.202652 3.241743
v 0.082410 3.193907 3.241743
v 0.080875 3.184214 3.241743
v 0.082410 3.174521 3.241743
v 0.086865 3.165777 3.241743
v 0.093805 3.158838 3.241743
v 0.102549 3.154382 3.241743
v 0.112242 3.152847 3.241743
v 0.121935 3.154382 3.241743
v 0.130679 3.158838 3.241743
v 0.137619 3.165777 3.241743
v 0.142074 3.174521 3.241743
v 0.143609 3.184214 3.241743
vt 0.553000 0.332199
vt 0.547996 0.333662
vt 0.546872 0.293299
vt 0.551943 0.294494
vt 0.643930 0.303991
vt 0.646424 0.303528
vt 0.646861 0.318038
vt 0.644329 0.317710
vt 0.620214 0.351724
vt 0.621507 0.354254
vt 0.605497 0.359577
vt 0.605080 0.356534
vt 0.587680 0.355947
vt 0.586940 0.359319
vt 0.567063 0.351659
vt 0.569376 0.348290
vt 0.573791 0.342376
vt 0.589229 0.349890
vt 0.588444 0.352815
vt 0.571627 0.345199
vt 0.561422 0.326914
vt 0.557429 0.329289
vt 0.604470 0.350965
vt 0.617943 0.347068
vt 0.619025 0.349334
vt 0.604739 0.353666
vt 0.640351 0.331105
vt 0.642698 0.332237
vt 0.634068 0.344687
vt 0.632140 0.342816
vt 0.628657 0.339341
vt 0.636072 0.329007
vt 0.638146 0.330030
vt 0.630338 0.341032
vt 0.639671 0.317097
vt 0.639355 0.304852
vt 0.641580 0.304431
vt 0.641932 0.317395
vt 0.602758 0.267316
vt 0.602991 0.264230
vt 0.619497 0.268645
vt 0.618327 0.271271
vt 0.630819 0.279692
vt 0.632682 0.277734
vt 0.641635 0.289820
vt 0.639363 0.291037
vt 0.635201 0.293294
vt 0.627464 0.283308
vt 0.629085 0.281549
vt 0.637220 0.292187
vt 0.616277 0.276094
vt 0.602478 0.272918
vt 0.602592 0.270206
vt 0.617257 0.273751
vt 0.567518 0.277527
vt 0.565037 0.274291
vt 0.584465 0.265654
vt 0.585389 0.268969
vt 0.587280 0.274924
vt 0.572226 0.283180
vt 0.569919 0.280487
vt 0.586333 0.272059
vt 0.560690 0.299318
vt 0.556549 0.297160
vt 0.588139 0.326790
vt 0.595526 0.332178
vt 0.583301 0.318015
vt 0.603827 0.333892
vt 0.611720 0.332447
vt 0.618272 0.328299
vt 0.622935 0.322285
vt 0.625217 0.315101
vt 0.625070 0.307609
vt 0.622399 0.300609
vt 0.617527 0.294817
vt 0.610731 0.291080
vt 0.602742 0.289984
vt 0.594529 0.292223
vt 0.587359 0.297920
vt 0.583063 0.306985
vt 0.598851 0.317966
vt 0.601520 0.320551
vt 0.597251 0.314219
vt 0.604726 0.321651
vt 0.607942 0.321266
vt 0.610716 0.319533
vt 0.612728 0.316791
vt 0.613738 0.313395
vt 0.613676 0.309829
vt 0.612508 0.306532
vt 0.610388 0.303921
vt 0.607499 0.302390
vt 0.604230 0.302165
vt 0.601062 0.303435
vt 0.598515 0.306123
vt 0.597144 0.309942
vt 0.602484 0.319100
vt 0.600460 0.316919
vt 0.231411 0.208808
vt 0.230013 0.208011
vt 0.599282 0.313787
vt 0.230752 0.221933
vt 0.607419 0.319784
vt 0.604928 0.320076
vt 0.227983 0.207912
vt 0.226047 0.208524
vt 0.611154 0.316046
vt 0.609587 0.318348
vt 0.224518 0.209630
vt 0.223405 0.210984
vt 0.611911 0.310126
vt 0.611955 0.313148
vt 0.222690 0.212475
vt 0.222275 0.214027
vt 0.609348 0.305150
vt 0.611000 0.307333
vt 0.222179 0.215609
vt 0.222365 0.217233
vt 0.604502 0.303755
vt 0.607068 0.303912
vt 0.222945 0.218833
vt 0.223921 0.220337
vt 0.600155 0.307076
vt 0.602070 0.304830
vt 0.225369 0.221586
vt 0.227214 0.222429
vt 0.599182 0.310233
vt 0.229225 0.222523
vt 0.225823 0.214477
vt 0.225866 0.213740
vt 0.225775 0.215545
vt 0.225872 0.213339
vt 0.225851 0.213223
vt 0.225825 0.213361
vt 0.225791 0.213682
vt 0.225764 0.214146
vt 0.225716 0.214696
vt 0.225680 0.215257
vt 0.225669 0.215811
vt 0.225674 0.216300
vt 0.225684 0.216674
vt 0.225687 0.216832
vt 0.225710 0.216713
vt 0.225739 0.216290
vt 0.508020 0.329778
vt 0.506801 0.338768
vt 0.505365 0.338408
vt 0.506495 0.329858
vt 0.503031 0.347372
vt 0.501758 0.346543
vt 0.496675 0.354358
vt 0.495726 0.353153
vt 0.488312 0.358955
vt 0.487808 0.357501
vt 0.478962 0.360458
vt 0.478964 0.358944
vt 0.469840 0.358932
vt 0.470307 0.357521
vt 0.461806 0.354744
vt 0.462670 0.353568
vt 0.455576 0.348397
vt 0.456733 0.347555
vt 0.451568 0.340680
vt 0.452900 0.340214
vt 0.449919 0.332214
vt 0.451327 0.332147
vt 0.450757 0.323560
vt 0.452140 0.323910
vt 0.454154 0.315421
vt 0.455389 0.316176
vt 0.459942 0.308512
vt 0.460906 0.309634
vt 0.467757 0.303675
vt 0.468330 0.305063
vt 0.476870 0.301512
vt 0.476970 0.303031
vt 0.486289 0.302451
vt 0.485884 0.303929
vt 0.494861 0.306447
vt 0.494003 0.307708
vt 0.501666 0.312902
vt 0.500469 0.313814
vt 0.506030 0.321078
vt 0.504646 0.321548
vt 0.503717 0.337990
vt 0.504748 0.329945
vt 0.500303 0.345592
vt 0.494640 0.351775
vt 0.487230 0.355835
vt 0.478960 0.357213
vt 0.470837 0.355904
vt 0.463661 0.352215
vt 0.458058 0.346584
vt 0.454431 0.339678
vt 0.452944 0.332070
vt 0.453729 0.324313
vt 0.456805 0.317046
vt 0.462011 0.310926
vt 0.468984 0.306651
vt 0.477080 0.304772
vt 0.485421 0.305624
vt 0.493026 0.309152
vt 0.499098 0.314860
vt 0.503052 0.322094
vt 0.501705 0.337469
vt 0.502641 0.330044
vt 0.498546 0.344437
vt 0.493327 0.350103
vt 0.486530 0.353825
vt 0.478952 0.355112
vt 0.471476 0.353937
vt 0.464855 0.350568
vt 0.459669 0.345396
vt 0.456295 0.339021
vt 0.454919 0.331980
vt 0.455659 0.324807
vt 0.458525 0.318111
vt 0.463343 0.312494
vt 0.469773 0.308583
vt 0.477211 0.306881
vt 0.484861 0.307671
vt 0.491845 0.310903
vt 0.497441 0.316131
vt 0.501102 0.322770
vt 0.499290 0.336830
vt 0.500118 0.330153
vt 0.496443 0.343050
vt 0.491762 0.348104
vt 0.485694 0.351426
vt 0.478932 0.352599
vt 0.472234 0.351579
vt 0.466282 0.348585
vt 0.461597 0.343960
vt 0.458539 0.338226
vt 0.457298 0.331873
vt 0.457979 0.325410
vt 0.460584 0.319397
vt 0.464935 0.314376
vt 0.470708 0.310898
vt 0.477365 0.309400
vt 0.484193 0.310117
vt 0.490438 0.312996
vt 0.495456 0.317659
vt 0.498759 0.323595
vt 0.496481 0.336070
vt 0.497191 0.330273
vt 0.494005 0.341433
vt 0.489951 0.345788
vt 0.484726 0.348651
vt 0.478899 0.349684
vt 0.473103 0.348832
vt 0.467929 0.346267
vt 0.463840 0.342275
vt 0.461161 0.337288
vt 0.460080 0.331753
vt 0.460688 0.326123
vt 0.462976 0.320904
vt 0.466776 0.316570
vt 0.471781 0.313591
vt 0.477538 0.312316
vt 0.483421 0.312945
vt 0.488813 0.315424
vt 0.493155 0.319443
vt 0.496027 0.324570
vt 0.493319 0.335195
vt 0.493902 0.330404
vt 0.491264 0.339604
vt 0.487920 0.343187
vt 0.483633 0.345538
vt 0.478845 0.346406
vt 0.474067 0.345733
vt 0.469775 0.343634
vt 0.466371 0.340355
vt 0.464131 0.336218
vt 0.463234 0.331616
vt 0.463751 0.326941
vt 0.465672 0.322619
vt 0.468837 0.319056
vt 0.472977 0.316622
vt 0.477717 0.315591
vt 0.482553 0.316118
vt 0.486989 0.318150
vt 0.490572 0.321457
vt 0.492949 0.325682
vt 0.489856 0.334224
vt 0.490307 0.330538
vt 0.488273 0.337606
vt 0.485709 0.340347
vt 0.482428 0.342143
vt 0.478767 0.342823
vt 0.475099 0.342333
vt 0.471787 0.340737
vt 0.469144 0.338223
vt 0.467401 0.335032
vt 0.466711 0.331467
vt 0.467121 0.327850
vt 0.468618 0.324519
vt 0.471073 0.321791
vt 0.474264 0.319940
vt 0.477896 0.319167
vt 0.481596 0.319577
vt 0.485001 0.321124
vt 0.487750 0.323657
vt 0.489576 0.326904
vt 0.486164 0.333179
vt 0.486472 0.330676
vt 0.485092 0.335471
vt 0.483362 0.337323
vt 0.481144 0.338543
vt 0.478670 0.339013
vt 0.476183 0.338694
vt 0.473929 0.337621
vt 0.472118 0.335916
vt 0.470923 0.333741
vt 0.470450 0.331305
vt 0.470737 0.328838
vt 0.471767 0.326574
vt 0.473447 0.324728
vt 0.475618 0.323484
vt 0.478077 0.322973
vt 0.480580 0.323253
vt 0.482883 0.324299
vt 0.484742 0.326009
vt 0.485979 0.328207
vt 0.482330 0.332093
vt 0.482486 0.330826
vt 0.481791 0.333251
vt 0.480920 0.334186
vt 0.479805 0.334803
vt 0.478555 0.335045
vt 0.477299 0.334886
vt 0.476155 0.334349
vt 0.475236 0.333485
vt 0.474624 0.332383
vt 0.474381 0.331145
vt 0.474529 0.329893
vt 0.475056 0.328745
vt 0.475910 0.327811
vt 0.477012 0.327188
vt 0.478257 0.326933
vt 0.479523 0.327078
vt 0.480681 0.327604
vt 0.481617 0.328466
vt 0.482239 0.329575
vt 0.478418 0.330985
vt 0.872273 0.256803
vt 0.872274 0.256815
vt 0.872288 0.256844
vt 0.872352 0.256864
vt 0.872391 0.256841
vt 0.872404 0.256810
vt 0.872394 0.256786
vt 0.872360 0.256766
vt 0.872345 0.256771
vt 0.872343 0.256739
vt 0.872301 0.256749
vt 0.872313 0.256766
vt 0.872325 0.256747
vt 0.872293 0.256744
vt 0.872306 0.256787
vt 0.872354 0.256782
vt 0.872359 0.256748
vt 0.872307 0.256740
vt 0.872308 0.256770
vt 0.506682 0.320857
vt 0.872313 0.256750
vt 0.872313 0.256754
vt 0.872311 0.256772
vt 0.872311 0.256772
vt 0.872300 0.256779
vt 0.872298 0.256782
vt 0.872273 0.256803
vt 0.872276 0.256802
vt 0.872277 0.256815
vt 0.872277 0.256815
vt 0.872296 0.256832
vt 0.872297 0.256828
vt 0.872347 0.256841
vt 0.872344 0.256838
vt 0.872379 0.256828
vt 0.872376 0.256826
vt 0.872395 0.256810
vt 0.872392 0.256812
vt 0.872390 0.256794
vt 0.872387 0.256794
vt 0.872361 0.256769
vt 0.872360 0.256771
vt 0.872337 0.256774
vt 0.872338 0.256775
vt 0.872331 0.256753
vt 0.872331 0.256756
vt 0.872306 0.256756
vt 0.872309 0.256757
vt 0.872313 0.256764
vt 0.872315 0.256763
vt 0.872320 0.256757
vt 0.872318 0.256760
vt 0.872301 0.256756
vt 0.872304 0.256759
vt 0.872313 0.256772
vt 0.872312 0.256769
vt 0.872338 0.256771
vt 0.872334 0.256770
vt 0.872343 0.256755
vt 0.872341 0.256757
vt 0.872286 0.256789
vt 0.872306 0.256769
vt 0.872308 0.256772
vt 0.872288 0.256793
vt 0.872291 0.256796
vt 0.872307 0.256770
vt 0.872289 0.256786
vt 0.872311 0.256767
vt 0.872294 0.256783
vt 0.872315 0.256763
vt 0.872306 0.256775
vt 0.872318 0.256760
vt 0.872320 0.256775
vt 0.872323 0.256757
vt 0.872334 0.256779
vt 0.872328 0.256762
vt 0.872331 0.256779
vt 0.872329 0.256767
vt 0.872329 0.256785
vt 0.872328 0.256772
vt 0.872323 0.256787
vt 0.872324 0.256777
vt 0.872320 0.256789
vt 0.872318 0.256782
vt 0.872326 0.256794
vt 0.872315 0.256782
vt 0.872332 0.256790
vt 0.872309 0.256781
vt 0.872326 0.256788
vt 0.872306 0.256775
vt 0.872322 0.256788
vt 0.872305 0.256772
vt 0.872304 0.256780
vt 0.872303 0.256768
vt 0.872292 0.256784
vt 0.872303 0.256766
vt 0.872290 0.256789
vt 0.872305 0.256767
vt 0.872286 0.256789
vt 0.872306 0.256769
vt 0.872289 0.256794
vt 0.872287 0.256789
vt 0.872294 0.256784
vt 0.872307 0.256778
vt 0.872319 0.256778
vt 0.872333 0.256781
vt 0.872335 0.256782
vt 0.872330 0.256783
vt 0.872326 0.256788
vt 0.872321 0.256789
vt 0.872326 0.256792
vt 0.872331 0.256789
vt 0.872327 0.256790
vt 0.872319 0.256784
vt 0.872307 0.256783
vt 0.872294 0.256785
vt 0.872291 0.256786
vt 0.872291 0.256788
vt 0.872285 0.256790
vt 0.872291 0.256791
vt 0.872313 0.256779
vt 0.872303 0.256772
vt 0.872302 0.256750
vt 0.872310 0.256737
vt 0.872321 0.256729
vt 0.872337 0.256732
vt 0.872356 0.256747
vt 0.872360 0.256769
vt 0.872349 0.256788
vt 0.872327 0.256804
vt 0.872303 0.256812
vt 0.872282 0.256801
vt 0.872275 0.256778
vt 0.872272 0.256755
vt 0.872281 0.256740
vt 0.872298 0.256730
vt 0.872324 0.256744
vt 0.872337 0.256750
vt 0.872328 0.256764
vt 0.872328 0.256776
vt 0.916873 0.129893
vt 0.919128 0.211965
vt 0.222133 0.201565
vt 0.222132 0.201567
vt 0.222133 0.201565
vt 0.222133 0.201563
vt 0.222133 0.201565
vt 0.926209 0.143516
vt 0.211450 0.200416
vt 0.211450 0.200416
vt 0.211450 0.200416
vt 0.211450 0.200416
vt 0.923983 0.198131
vt 0.211450 0.200416
vt 0.211450 0.200416
vt 0.211450 0.200416
vt 0.749115 0.304892
vt 0.747123 0.308768
vt 0.745182 0.306927
vt 0.749115 0.304892
vt 0.742697 0.313013
vt 0.740621 0.310259
vt 0.736860 0.316936
vt 0.734971 0.313612
vt 0.730153 0.320345
vt 0.690315 0.232142
vt 0.701042 0.222562
vt 0.702235 0.229072
vt 0.713303 0.221033
vt 0.713645 0.227417
vt 0.725103 0.221271
vt 0.724445 0.227444
vt 0.736183 0.223505
vt 0.734457 0.229275
vt 0.746180 0.227697
vt 0.743445 0.232850
vt 0.754871 0.233636
vt 0.751265 0.238001
vt 0.762041 0.241150
vt 0.757756 0.244574
vt 0.767469 0.249865
vt 0.762732 0.252270
vt 0.770970 0.259394
vt 0.766009 0.260735
vt 0.772441 0.269235
vt 0.767472 0.269516
vt 0.771865 0.278892
vt 0.767127 0.278136
vt 0.769329 0.287737
vt 0.765077 0.286034
vt 0.765114 0.295219
vt 0.761614 0.292752
vt 0.759752 0.300841
vt 0.757236 0.297963
vt 0.753962 0.304303
vt 0.752631 0.301689
vt 0.743344 0.304672
vt 0.747292 0.302261
vt 0.738774 0.307494
vt 0.733281 0.310330
vt 0.692294 0.238655
vt 0.703517 0.235295
vt 0.714045 0.233420
vt 0.723893 0.233175
vt 0.732942 0.234595
vt 0.741036 0.237605
vt 0.748074 0.242056
vt 0.753939 0.247799
vt 0.758470 0.254575
vt 0.761511 0.262061
vt 0.762955 0.269860
vt 0.762818 0.277526
vt 0.761202 0.284580
vt 0.758382 0.290639
vt 0.754775 0.295483
vt 0.750894 0.299199
vt 0.741578 0.302211
vt 0.745458 0.299765
vt 0.737089 0.304659
vt 0.731775 0.307012
vt 0.694657 0.245012
vt 0.704984 0.241287
vt 0.714570 0.239143
vt 0.723472 0.238596
vt 0.731611 0.239609
vt 0.738878 0.242090
vt 0.745198 0.245899
vt 0.750474 0.250880
vt 0.754574 0.256808
vt 0.757376 0.263386
vt 0.758789 0.270260
vt 0.758827 0.277042
vt 0.757590 0.283320
vt 0.755310 0.288773
vt 0.752316 0.293254
vt 0.748946 0.296830
vt 0.739858 0.299612
vt 0.743586 0.297300
vt 0.735528 0.301719
vt 0.730457 0.303610
vt 0.697503 0.251170
vt 0.706721 0.247080
vt 0.715276 0.244668
vt 0.723206 0.243812
vt 0.730453 0.244427
vt 0.736928 0.246406
vt 0.742561 0.249608
vt 0.747274 0.253879
vt 0.750955 0.259007
vt 0.753513 0.264723
vt 0.754883 0.270720
vt 0.755062 0.276662
vt 0.754148 0.282205
vt 0.752323 0.287078
vt 0.749823 0.291176
vt 0.746868 0.294536
vt 0.737896 0.296488
vt 0.741365 0.294424
vt 0.733857 0.298211
vt 0.729175 0.299595
vt 0.701456 0.257700
vt 0.709091 0.253462
vt 0.716326 0.250814
vt 0.723089 0.249645
vt 0.729317 0.249840
vt 0.734906 0.251278
vt 0.739782 0.253822
vt 0.743876 0.257311
vt 0.747089 0.261550
vt 0.749362 0.266305
vt 0.750654 0.271321
vt 0.750955 0.276322
vt 0.750345 0.281039
vt 0.748937 0.285254
vt 0.746898 0.288879
vt 0.744351 0.291915
vt 0.736432 0.293891
vt 0.739623 0.292098
vt 0.732701 0.295281
vt 0.728382 0.296263
vt 0.704989 0.262710
vt 0.711393 0.258292
vt 0.717517 0.255498
vt 0.723299 0.254115
vt 0.728670 0.254001
vt 0.733518 0.255028
vt 0.737765 0.257069
vt 0.741350 0.259964
vt 0.744183 0.263532
vt 0.746219 0.267576
vt 0.747430 0.271867
vt 0.747800 0.276168
vt 0.747388 0.280251
vt 0.746264 0.283942
vt 0.744553 0.287151
vt 0.742326 0.289861
vt 0.734733 0.290681
vt 0.737526 0.289249
vt 0.731469 0.291673
vt 0.727717 0.292193
vt 0.709905 0.267828
vt 0.714555 0.263596
vt 0.719247 0.260803
vt 0.723813 0.259273
vt 0.728139 0.258865
vt 0.732101 0.259457
vt 0.735605 0.260932
vt 0.738585 0.263145
vt 0.740967 0.265941
vt 0.742707 0.269151
vt 0.743786 0.272583
vt 0.744191 0.276049
vt 0.743953 0.279374
vt 0.743108 0.282422
vt 0.741729 0.285108
vt 0.739859 0.287387
vt 0.733032 0.287005
vt 0.735285 0.286013
vt 0.730421 0.287562
vt 0.727467 0.287625
vt 0.715794 0.272180
vt 0.718555 0.268617
vt 0.721643 0.266127
vt 0.724834 0.264621
vt 0.727968 0.264014
vt 0.730912 0.264212
vt 0.733567 0.265121
vt 0.735856 0.266631
vt 0.737717 0.268616
vt 0.739105 0.270938
vt 0.739993 0.273448
vt 0.740378 0.276012
vt 0.740268 0.278504
vt 0.739679 0.280821
vt 0.738634 0.282883
vt 0.737159 0.284627
vt 0.731408 0.282548
vt 0.732859 0.282076
vt 0.729774 0.282677
vt 0.728015 0.282395
vt 0.722646 0.275280
vt 0.723646 0.273098
vt 0.725039 0.271419
vt 0.726675 0.270283
vt 0.728386 0.269672
vt 0.730105 0.269575
vt 0.731702 0.269951
vt 0.733118 0.270706
vt 0.734304 0.271801
vt 0.735196 0.273112
vt 0.735799 0.274567
vt 0.736071 0.276076
vt 0.736049 0.277570
vt 0.735692 0.278987
vt 0.735033 0.280238
vt 0.734080 0.281291
vt 0.730257 0.276436
vt 0.274253 0.038254
vt 0.136962 0.106917
vt 0.106521 0.095036
vt 0.113896 0.075498
vt 0.132509 0.048264
vt 0.240474 0.091238
vt 0.256180 0.105260
vt 0.247681 0.113926
vt 0.261354 0.070376
vt 0.267229 0.062282
vt 0.283689 0.067145
vt 0.278292 0.077130
vt 0.271780 0.053738
vt 0.274444 0.045659
vt 0.289386 0.047144
vt 0.287453 0.057054
vt 0.244002 0.032304
vt 0.261539 0.040179
vt 0.256655 0.047765
vt 0.239263 0.039631
vt 0.247555 0.024949
vt 0.172356 0.105593
vt 0.268925 0.043833
vt 0.264482 0.051158
vt 0.274253 0.038254
vt 0.233020 0.047429
vt 0.250909 0.055626
vt 0.244528 0.062446
vt 0.226465 0.054057
vt 0.259190 0.059192
vt 0.253019 0.066567
vt 0.247726 0.083868
vt 0.254738 0.077215
vt 0.271657 0.086830
vt 0.264218 0.096220
vt 0.221083 0.057262
vt 0.237991 0.066892
vt 0.231565 0.071273
vt 0.216241 0.059599
vt 0.246423 0.072151
vt 0.239640 0.077575
vt 0.211267 0.063382
vt 0.225306 0.077083
vt 0.144393 0.053781
vt 0.146879 0.067125
vt 0.232810 0.084150
vt 0.143645 0.049999
vt 0.131576 0.159849
vt 0.154147 0.028850
vt 0.145869 0.012072
vt 0.100397 0.155007
vt 0.147205 0.034713
vt 0.139968 0.040740
vt 0.127583 0.025545
vt 0.136641 0.018545
vt 0.152054 0.066002
vt 0.149390 0.052228
vt 0.154863 0.049893
vt 0.156619 0.064579
vt 0.146386 0.046369
vt 0.151879 0.042330
vt 0.195249 0.177897
vt 0.160084 0.046649
vt 0.161813 0.164629
vt 0.190675 0.170231
vt 0.150623 0.175660
vt 0.146831 0.162239
vt 0.132616 0.124411
vt 0.130801 0.142452
vt 0.100148 0.135142
vt 0.102032 0.115130
vt 0.189164 0.157741
vt 0.160535 0.149933
vt 0.162170 0.134032
vt 0.190304 0.143667
vt 0.145774 0.146169
vt 0.147521 0.129175
vt 0.193461 0.131296
vt 0.166157 0.119207
vt 0.192996 0.132536
vt 0.165588 0.120729
vt 0.151797 0.112940
vt 0.151178 0.114620
vt 0.136339 0.108732
vt 0.105876 0.097141
vt 0.236178 0.037348
vt 0.240695 0.030530
vt 0.244039 0.024183
vt 0.223622 0.050546
vt 0.229998 0.044568
vt 0.214797 0.057439
vt 0.219175 0.054653
vt 0.147776 0.069670
vt 0.209608 0.060701
vt 0.157187 0.066721
vt 0.152802 0.068288
vt 0.195915 0.168541
vt 0.197545 0.174670
vt 0.195698 0.144720
vt 0.194785 0.157598
vt 0.198711 0.132926
vt 0.198269 0.134237
vt 0.231901 0.034062
vt 0.236128 0.027618
vt 0.239860 0.021277
vt 0.219759 0.046762
vt 0.226179 0.040825
vt 0.212175 0.053508
vt 0.215833 0.050991
vt 0.148690 0.073888
vt 0.207042 0.056110
vt 0.158211 0.070583
vt 0.154050 0.072091
vt 0.201829 0.168330
vt 0.202015 0.174113
vt 0.203038 0.145736
vt 0.201711 0.157695
vt 0.205920 0.135681
vt 0.205544 0.136672
vt 0.210264 0.049948
vt 0.214186 0.048478
vt 0.217618 0.044759
vt 0.149814 0.076076
vt 0.205459 0.053231
vt 0.159192 0.074105
vt 0.154781 0.074429
vt 0.204908 0.167529
vt 0.204843 0.172530
vt 0.197780 0.135804
vt 0.205140 0.137835
vt 0.192503 0.134023
vt 0.164971 0.122544
vt 0.150513 0.116621
vt 0.135674 0.110884
vt 0.105181 0.099631
vt 0.395688 0.290142
vt 0.384058 0.284637
vt 0.235147 0.287762
vt 0.391502 0.249593
vt 0.378241 0.286616
vt 0.235147 0.287762
vt 0.375099 0.290149
vt 0.371968 0.248801
vt 0.372901 0.293838
vt 0.366878 0.249033
vt 0.377556 0.297010
vt 0.372716 0.334564
vt 0.382264 0.299402
vt 0.179448 0.282917
vt 0.387051 0.301032
vt 0.161140 0.279779
vt 0.391830 0.301925
vt 0.389865 0.333935
vt 0.396528 0.302135
vt 0.396559 0.333843
vt 0.401097 0.301669
vt 0.403387 0.333884
vt 0.405454 0.300536
vt 0.410048 0.333855
vt 0.409543 0.298841
vt 0.416203 0.333573
vt 0.413434 0.296700
vt 0.421684 0.332982
vt 0.415520 0.295319
vt 0.417314 0.294143
vt 0.426659 0.332061
vt 0.424465 0.332469
vt 0.415378 0.291035
vt 0.427404 0.251958
vt 0.413443 0.288108
vt 0.421300 0.250885
vt 0.411212 0.285228
vt 0.414457 0.250191
vt 0.408031 0.282607
vt 0.407017 0.249850
vt 0.402797 0.282134
vt 0.399263 0.249724
vt 0.397508 0.293324
vt 0.704010 0.212892
vt 0.699405 0.221174
vt 0.791397 0.182155
vt 0.687697 0.227338
vt 0.671360 0.230511
vt 0.652844 0.230430
vt 0.633139 0.237006
vt 0.622526 0.232896
vt 0.613614 0.222200
vt 0.607521 0.207627
vt 0.604970 0.191868
vt 0.606031 0.176893
vt 0.610771 0.164021
vt 0.619014 0.153696
vt 0.630121 0.145641
vt 0.637119 0.142430
vt 0.682244 0.251213
vt 0.667073 0.150277
vt 0.678638 0.158746
vt 0.687735 0.169502
vt 0.693856 0.182652
vt 0.697521 0.198812
vt 0.700899 0.180016
vt 0.705674 0.196748
vt 0.693501 0.165561
vt 0.683278 0.153585
vt 0.670591 0.144252
vt 0.640287 0.133946
vt 0.634382 0.136396
vt 0.614507 0.148839
vt 0.626644 0.139862
vt 0.605043 0.160633
vt 0.599150 0.175301
vt 0.597398 0.192189
vt 0.600074 0.209869
vt 0.607460 0.226197
vt 0.618983 0.238222
vt 0.633679 0.242949
vt 0.652853 0.239170
vt 0.672271 0.239056
vt 0.690276 0.234287
vt 0.703425 0.225291
vt 0.709119 0.212902
vt 0.481012 0.215211
vt 0.492896 0.228432
vt 0.469013 0.201877
vt 0.456776 0.189089
vt 0.443766 0.177224
vt 0.578873 0.153980
vt 0.578873 0.153980
vt 0.578387 0.169887
vt 0.578568 0.159316
vt 0.578483 0.181634
vt 0.578552 0.194335
vt 0.578225 0.207701
vt 0.577540 0.221533
vt 0.576737 0.235768
vt 0.576185 0.250235
vt 0.576478 0.264775
vt 0.547174 0.297391
vt 0.538263 0.282366
vt 0.527967 0.268192
vt 0.516657 0.254729
vt 0.504819 0.241580
vt 0.519484 0.204517
vt 0.533785 0.220357
vt 0.505245 0.188546
vt 0.491467 0.173012
vt 0.478069 0.158669
vt 0.464706 0.146089
vt 0.562846 0.145822
vt 0.561354 0.149248
vt 0.556990 0.164034
vt 0.559498 0.153951
vt 0.555063 0.176124
vt 0.553312 0.190175
vt 0.551466 0.205708
vt 0.549446 0.222072
vt 0.547475 0.238566
vt 0.546055 0.254548
vt 0.545795 0.269718
vt 0.580223 0.279948
vt 0.571331 0.265081
vt 0.560369 0.250495
vt 0.547633 0.235698
vt 0.525169 0.199421
vt 0.539574 0.215379
vt 0.510832 0.183306
vt 0.496949 0.167568
vt 0.483352 0.152912
vt 0.469565 0.139939
vt 0.559465 0.144043
vt 0.557715 0.147594
vt 0.552480 0.162882
vt 0.555452 0.152506
vt 0.550122 0.175141
vt 0.547969 0.189337
vt 0.545766 0.204982
vt 0.543446 0.221481
vt 0.541206 0.238183
vt 0.539618 0.254508
vt 0.539288 0.270231
vt 0.586714 0.276184
vt 0.577933 0.260967
vt 0.566636 0.245919
vt 0.553624 0.230866
vt 0.409755 0.136589
vt 0.400008 0.135579
vt 0.419481 0.137681
vt 0.428764 0.138828
vt 0.437272 0.139962
vt 0.444911 0.140952
vt 0.442677 0.429542
vt 0.439873 0.429775
vt 0.429463 0.430796
vt 0.436311 0.430054
vt 0.421878 0.431668
vt 0.413595 0.432563
vt 0.404897 0.433382
vt 0.396163 0.434052
vt 0.387809 0.434550
vt 0.380143 0.434908
vt 0.373254 0.435234
vt 0.366850 0.132334
vt 0.374108 0.133200
vt 0.381947 0.133922
vt 0.390624 0.134685
vt 0.406433 0.168975
vt 0.396572 0.168055
vt 0.397871 0.151350
vt 0.408091 0.152354
vt 0.416265 0.170018
vt 0.418273 0.153473
vt 0.425569 0.171109
vt 0.427853 0.154635
vt 0.433976 0.172184
vt 0.436422 0.155755
vt 0.441389 0.173223
vt 0.443914 0.156759
vt 0.439245 0.400184
vt 0.441797 0.415094
vt 0.436641 0.400609
vt 0.439068 0.415429
vt 0.426789 0.402051
vt 0.433328 0.401140
vt 0.435640 0.415839
vt 0.428925 0.416677
vt 0.419367 0.402962
vt 0.421278 0.417590
vt 0.411159 0.403850
vt 0.412758 0.418508
vt 0.402496 0.404662
vt 0.403722 0.419346
vt 0.393827 0.405342
vt 0.394669 0.420035
vt 0.385599 0.405855
vt 0.386113 0.420545
vt 0.378144 0.406186
vt 0.378426 0.420894
vt 0.371551 0.406336
vt 0.371681 0.421150
vt 0.364142 0.166471
vt 0.364495 0.148807
vt 0.371067 0.166516
vt 0.371635 0.149334
vt 0.378644 0.166801
vt 0.379385 0.149866
vt 0.387183 0.167319
vt 0.388163 0.150518
vt 0.364044 0.253333
vt 0.372471 0.213840
vt 0.362779 0.277360
vt 0.365193 0.290521
vt 0.369063 0.297821
vt 0.374904 0.302014
vt 0.380940 0.304171
vt 0.386326 0.305115
vt 0.391024 0.305496
vt 0.395433 0.305641
vt 0.399971 0.305591
vt 0.404914 0.305068
vt 0.410157 0.303622
vt 0.415111 0.300871
vt 0.417178 0.298651
vt 0.419547 0.292252
vt 0.418311 0.296689
vt 0.419674 0.287333
vt 0.419488 0.280470
vt 0.416555 0.267846
vt 0.403048 0.245597
vt 0.357137 0.287120
vt 0.353321 0.264157
vt 0.363141 0.298089
vt 0.369548 0.303729
vt 0.376826 0.306592
vt 0.383421 0.307503
vt 0.388871 0.307467
vt 0.393540 0.307257
vt 0.398065 0.307141
vt 0.402913 0.306993
vt 0.408277 0.306354
vt 0.413917 0.304553
vt 0.419010 0.301002
vt 0.422188 0.295909
vt 0.422803 0.292718
vt 0.424117 0.283858
vt 0.423303 0.290368
vt 0.424650 0.273096
vt 0.419223 0.253687
vt 0.397504 0.228104
vt 0.361094 0.215606
vt 0.169305 0.239600
vt 0.174928 0.241850
vt 0.170394 0.243517
vt 0.170117 0.243057
vt 0.151325 0.269927
vt 0.371874 0.361567
vt 0.365392 0.217910
vt 0.371060 0.217930
vt 0.138902 0.309231
vt 0.178596 0.300280
vt 0.392844 0.219640
vt 0.401485 0.220191
vt 0.410280 0.220640
vt 0.418781 0.221145
vt 0.426568 0.221838
vt 0.433457 0.222720
vt 0.431658 0.357097
vt 0.429282 0.357480
vt 0.426267 0.357969
vt 0.420293 0.358666
vt 0.413515 0.359182
vt 0.406099 0.359522
vt 0.398420 0.359817
vt 0.390877 0.360217
vt 0.152801 0.272064
vt 0.104909 -4.394667
vt 0.104993 -4.394609
vt 0.104864 -4.394107
vt 0.104765 -4.394202
vt 0.450369 7.017874
vt 0.405066 7.179517
vt -0.226137 7.172996
vt -0.124228 7.013502
vt 0.104978 -4.394392
vt 0.104970 -4.394375
vt 0.104964 -4.394284
vt 0.104957 -4.394303
vt 0.216792 0.186242
vt 0.216792 0.186242
vt 0.216792 0.186242
vt 0.216792 0.186242
vt 0.216792 0.205955
vt 0.216792 0.205955
vt 0.216792 0.205955
vt 0.216792 0.205955
vt 0.104980 -4.394578
vt 0.104928 -4.394569
vt 0.104909 -4.394347
vt 0.104992 -4.394317
vt 0.920388 0.260231
vt 0.920322 0.246653
vt 0.222987 0.193368
vt 0.222448 0.193800
vt 0.916059 0.233768
vt 0.222109 0.193189
vt 0.908029 0.222821
vt 0.221236 0.192552
vt 0.897005 0.214897
vt 0.220371 0.191598
vt 0.884074 0.210769
vt 0.219594 0.190419
vt 0.870495 0.210831
vt 0.218908 0.189113
vt 0.857610 0.215092
vt 0.218260 0.187705
vt 0.215028 0.141475
vt 0.294829 0.198308
vt 0.211645 0.145539
vt 0.297790 0.199896
vt 0.209687 0.150452
vt 0.299559 0.201478
vt 0.209335 0.155726
vt 0.300394 0.202996
vt 0.210642 0.160854
vt 0.300452 0.204370
vt 0.213454 0.165327
vt 0.299941 0.205538
vt 0.217527 0.168707
vt 0.298953 0.206469
vt 0.222433 0.170672
vt 0.297618 0.207118
vt 0.227712 0.171016
vt 0.296152 0.207577
vt 0.232837 0.169717
vt 0.294696 0.207835
vt 0.908332 0.284186
vt 0.772803 0.236442
vt 0.916257 0.273163
vt 0.222075 0.194614
vt 0.877498 0.253657
vt 0.264817 0.452768
vt 0.268056 0.452199
vt 0.271277 0.477126
vt 0.271708 0.452064
vt 0.275749 0.452361
vt 0.280217 0.453139
vt 0.285205 0.454506
vt 0.290871 0.456636
vt 0.297445 0.459800
vt 0.339638 0.144846
vt 0.334885 0.147689
vt 0.330410 0.149601
vt 0.326110 0.150795
vt 0.321888 0.151398
vt 0.317655 0.151469
vt 0.313302 0.151012
vt 0.308705 0.149974
vt 0.303710 0.148230
vt 0.298123 0.145573
vt 0.238202 0.464881
vt 0.242561 0.462171
vt 0.294829 0.204881
vt 0.296901 0.204112
vt 0.334844 0.465296
vt 0.339469 0.465392
vt 0.220849 0.186590
vt 0.288715 0.132249
vt 0.221260 0.188132
vt 0.284064 0.132284
vt 0.221700 0.189459
vt 0.279413 0.132310
vt 0.222142 0.190627
vt 0.274762 0.132328
vt 0.222588 0.191672
vt 0.270111 0.132336
vt 0.222919 0.192547
vt 0.265459 0.132336
vt 0.222987 0.193368
vt 0.260808 0.132327
vt 0.223392 0.194036
vt 0.256157 0.132310
vt 0.223552 0.194853
vt 0.251506 0.132284
vt 0.223648 0.195823
vt 0.225155 0.195565
vt 0.294247 0.205380
vt 0.297839 0.464804
vt 0.295657 0.205250
vt 0.302464 0.464839
vt 0.296912 0.205063
vt 0.307090 0.464881
vt 0.298004 0.204820
vt 0.311715 0.464932
vt 0.298806 0.204578
vt 0.316341 0.464989
vt 0.299203 0.204300
vt 0.320967 0.465054
vt 0.299071 0.204079
vt 0.325593 0.465128
vt 0.298324 0.203948
vt 0.330219 0.465208
vt 0.347956 0.170836
vt 0.341592 0.171056
vt 0.297466 0.428740
vt 0.291111 0.429174
vt 0.284917 0.429414
vt 0.278831 0.429572
vt 0.272775 0.429722
vt 0.266649 0.429911
vt 0.260328 0.430164
vt 0.253654 0.430494
vt 0.246423 0.430902
vt 0.239275 0.430985
vt 0.296507 0.171767
vt 0.302233 0.171731
vt 0.307822 0.171769
vt 0.313319 0.171803
vt 0.318776 0.171791
vt 0.324261 0.171703
vt 0.329836 0.171539
vt 0.335585 0.171312
vt 0.299573 0.206929
vt 0.244658 0.391762
vt 0.304589 0.206915
vt 0.309620 0.206920
vt 0.314662 0.206942
vt 0.319712 0.206982
vt 0.324770 0.207040
vt 0.329833 0.207118
vt 0.334899 0.207215
vt 0.339963 0.207335
vt 0.345023 0.207478
vt 0.290928 0.391631
vt 0.285845 0.391767
vt 0.280736 0.391875
vt 0.275605 0.391952
vt 0.270458 0.392001
vt 0.265299 0.392018
vt 0.260133 0.392005
vt 0.254966 0.391959
vt 0.249804 0.391879
vt 0.502231 0.312472
vt 0.872295 0.256774
vt 0.495263 0.305853
vt 0.486479 0.301755
vt 0.476823 0.300793
vt 0.467486 0.303022
vt 0.459490 0.307984
vt 0.453571 0.315066
vt 0.450108 0.323398
vt 0.449258 0.332246
vt 0.450943 0.340897
vt 0.455031 0.348793
vt 0.461400 0.355296
vt 0.469620 0.359595
vt 0.478963 0.361173
vt 0.488548 0.359640
vt 0.497123 0.354927
vt 0.503632 0.347762
vt 0.507477 0.338936
vt 0.508020 0.329778
vt 0.226718 0.227044
vt 0.232390 0.227323
vt 0.238913 0.222379
vt 0.221333 0.222252
vt 0.223272 0.224720
vt 0.219874 0.217614
vt 0.220340 0.219867
vt 0.220087 0.213682
vt 0.219881 0.215531
vt 0.221064 0.209794
vt 0.220441 0.211782
vt 0.224187 0.205187
vt 0.222135 0.207589
vt 0.233815 0.203540
vt 0.227961 0.203120
vt 0.239685 0.209459
vt 0.224998 0.194673
vt 0.246854 0.132250
vt 0.224804 0.193761
vt 0.224522 0.192924
vt 0.224315 0.192024
vt 0.224115 0.191109
vt 0.223847 0.190039
vt 0.223648 0.188993
vt 0.223450 0.187812
vt 0.294154 0.208702
vt 0.296091 0.207679
vt 0.297741 0.206587
vt 0.298835 0.205610
vt 0.299338 0.204807
vt 0.299309 0.204159
vt 0.298829 0.203690
vt 0.297950 0.203373
vt 0.296855 0.203233
vt 0.295660 0.203142
vt 0.225337 0.196430
vt 0.772198 0.221550
vt 0.221847 0.195711
vt 0.771095 0.207359
vt 0.768936 0.193276
vt 0.765715 0.179384
vt 0.761430 0.165769
vt 0.756102 0.152520
vt 0.749779 0.139722
vt 0.742485 0.127445
vt 0.864896 0.128413
vt 0.862409 0.138267
vt 0.858875 0.148396
vt 0.856113 0.158810
vt 0.854154 0.169442
vt 0.853020 0.180224
vt 0.852720 0.191077
vt 0.853261 0.201933
vt 0.854643 0.212720
vt 0.856862 0.223372
vt 0.771632 0.250922
vt 0.702104 0.224462
vt 0.701485 0.215483
vt 0.702043 0.233488
vt 0.910287 0.216949
vt 0.908386 0.210411
vt 0.907016 0.203755
vt 0.906135 0.196984
vt 0.905772 0.190151
vt 0.905945 0.183301
vt 0.906593 0.176459
vt 0.907742 0.169683
vt 0.909369 0.163009
vt 0.911444 0.156471
vt 0.678742 0.158092
vt 0.683860 0.165395
vt 0.688396 0.173063
vt 0.692318 0.181078
vt 0.695610 0.189360
vt 0.698237 0.197892
vt 0.700202 0.206615
vt 0.676545 0.253176
vt 0.654010 0.144150
vt 0.840568 0.178626
vt 0.838941 0.193765
vt 0.837431 0.163667
vt 0.829785 0.150305
vt 0.818284 0.139842
vt 0.804005 0.133450
vt 0.669298 0.255672
vt 0.658011 0.263772
vt 0.649516 0.275203
vt 0.644613 0.288829
vt 0.644087 0.303472
vt 0.648169 0.317886
vt 0.656434 0.330600
vt 0.668373 0.340205
vt 0.682972 0.345729
vt 0.795179 0.230667
vt 0.810076 0.227125
vt 0.823119 0.219132
vt 0.833002 0.207621
vt 0.631158 0.127790
vt 0.622164 0.131474
vt 0.718169 0.214242
vt 0.715676 0.194590
vt 0.710673 0.231492
vt 0.694966 0.244292
vt 0.673807 0.251214
vt 0.650761 0.251259
vt 0.633543 0.253653
vt 0.613789 0.247295
vt 0.598809 0.232627
vt 0.589784 0.213104
vt 0.587006 0.192279
vt 0.589682 0.172611
vt 0.597102 0.155565
vt 0.608251 0.141914
vt 0.638261 0.124900
vt 0.675221 0.135759
vt 0.689608 0.146332
vt 0.701206 0.159882
vt 0.710000 0.176090
vt 0.552174 0.143756
vt 0.549704 0.148439
vt 0.563815 0.227416
vt 0.548381 0.210754
vt 0.577883 0.242496
vt 0.589708 0.256682
vt 0.598312 0.271483
vt 0.529108 0.273185
vt 0.530289 0.257623
vt 0.532687 0.240637
vt 0.535577 0.222325
vt 0.538576 0.203903
vt 0.541443 0.186496
vt 0.544242 0.171195
vt 0.546848 0.158655
vt 0.554081 0.140165
vt 0.475152 0.128632
vt 0.488007 0.142050
vt 0.501541 0.157747
vt 0.516423 0.175038
vt 0.532359 0.192999
vt 0.157838 0.037627
vt 0.165941 0.175917
vt 0.162181 0.069918
vt 0.162230 0.073149
vt 0.160927 0.065440
vt 0.160427 0.062212
vt 0.134709 0.175494
vt 0.102129 0.174624
vt 0.726204 0.281656
vt 0.724187 0.287102
vt 0.723444 0.292169
vt 0.723399 0.296774
vt 0.723822 0.300564
vt 0.724533 0.305156
vt 0.725547 0.309112
vt 0.726847 0.312955
vt 0.728394 0.316693
vt 0.688629 0.225518
vt 0.922465 0.211150
vt 0.211450 0.200416
vt 0.920229 0.130544
vt 0.922847 0.143964
vt 0.222133 0.201565
vt 0.927336 0.198412
vt 0.222132 0.201567
vt 0.222133 0.201563
vt 0.439703 0.223780
vt 0.448115 0.174277
vt 0.432959 0.253442
vt 0.450755 0.157625
vt 0.461299 0.118426
vt 0.451964 0.141667
vt 0.455315 0.129461
vt 0.450821 0.135546
vt 0.659076 0.128912
vt 0.429761 0.166674
vt 0.656843 0.138027
vt 0.788389 0.131866
vt 0.642852 0.140028
vt 0.692919 0.295990
vt 0.366933 0.361563
vt 0.365547 0.406298
vt 0.368176 0.334394
vt 0.365509 0.421404
vt 0.530754 0.287659
vt 0.366913 0.435705
vt 0.540971 0.284916
vt 0.547227 0.284138
vt 0.655150 0.249129
vt 0.578068 0.279267
vt 0.650935 0.238114
vt 0.698647 0.346501
vt 0.648521 0.229331
vt 0.377411 0.218320
vt 0.384753 0.218973
vt 0.383811 0.360736
vt 0.377416 0.361259
vt 0.383534 0.334222
vt 0.377767 0.334378
vt 0.177439 0.241190
vt 0.144421 0.262955
vt 0.105174 -4.393194
vt 0.291267 0.198732
vt 0.734257 0.115762
vt 0.291903 0.205260
vt 0.221765 0.196826
vt 0.859911 0.233821
vt 0.223770 0.196941
vt 0.344092 0.465495
vt 0.223379 0.186546
vt 0.350070 0.207648
vt 0.242203 0.132207
vt 0.294463 0.203037
vt 0.239540 0.391606
vt 0.354794 0.170768
vt 0.232020 0.430628
vt 0.232207 0.469472
vt 0.352691 0.134144
vt 0.318565 0.131250
vt 0.226169 0.154186
vt 0.701302 0.242504
vt 0.897388 0.292219
vt 0.913983 0.150100
vt 0.219501 0.138654
vt 0.377643 0.248993
vt 0.384169 0.249168
vt 0.194492 0.808118
vt 0.194492 0.808118
vt 0.194492 0.808118
vt 0.194492 0.808118
vt 0.104986 -4.394385
vt 0.105050 -4.394321
vt 0.104976 -4.394481
vt 0.104993 -4.394381
vt 0.104959 -4.394480
vt 0.225711 0.091042
vt 0.232912 0.098810
vt 0.200391 0.059934
vt 0.199182 0.056838
vt 0.203634 0.064727
vt 0.205482 0.068173
vt 0.218789 0.083306
vt 0.118860 0.033250
vt 0.158711 0.097565
vt 0.266077 0.032440
vt 0.202751 0.123331
vt 0.209930 0.125558
vt 0.198550 0.120083
vt 0.144156 0.089364
vt 0.289614 0.037585
vt 0.104947 -4.394407
vt 0.104926 -4.394312
vt 0.104853 -4.394213
vt 0.194492 0.808118
vt 0.104969 -4.394259
vt 0.235147 0.287762
vn -0.000000 1.000000 0.000000
vn -0.000000 1.000000 0.000000
vn 0.382680 0.923881 0.000000
vn 0.382684 0.923879 0.000000
vn 0.000000 -1.000000 0.000000
vn 0.000000 -1.000000 0.000000
vn -0.382684 -0.923879 0.000000
vn -0.382682 -0.923880 0.000000
vn -1.000000 0.000000 0.000000
vn -1.000000 0.000000 0.000000
vn -0.923879 0.382684 0.000000
vn -0.923880 0.382683 0.000000
vn -0.707108 0.707105 0.000000
vn -0.707109 0.707105 0.000000
vn -0.382680 0.923881 0.000000
vn -0.382683 0.923880 0.000000
vn -0.382680 0.923881 0.000000
vn -0.707103 0.707111 0.000000
vn -0.707106 0.707108 0.000000
vn -0.382683 0.923880 0.000000
vn -0.000000 1.000000 0.000000
vn 0.000000 1.000000 0.000000
vn -0.923878 0.382688 0.000000
vn -1.000000 0.000000 0.000000
vn -1.000000 0.000000 0.000000
vn -0.923879 0.382685 0.000000
vn -0.707106 -0.707108 0.000000
vn -0.707109 -0.707105 0.000000
vn -0.923881 -0.382680 0.000000
vn -0.923880 -0.382683 0.000000
vn -0.923879 -0.382684 0.000000
vn -0.707103 -0.707111 0.000000
vn -0.707103 -0.707111 0.000000
vn -0.923879 -0.382685 0.000000
vn -0.382682 -0.923880 0.000000
vn -0.000000 -1.000000 0.000000
vn -0.000000 -1.000000 0.000000
vn -0.382681 -0.923881 0.000000
vn 1.000000 0.000000 0.000000
vn 1.000000 0.000000 0.000000
vn 0.923881 -0.382680 0.000000
vn 0.923880 -0.382683 0.000000
vn 0.707106 -0.707108 0.000000
vn 0.707109 -0.707105 0.000000
vn 0.382685 -0.923879 0.000000
vn 0.382682 -0.923880 0.000000
vn 0.382682 -0.923880 0.000000
vn 0.707103 -0.707111 0.000000
vn 0.707103 -0.707111 0.000000
vn 0.382681 -0.923881 0.000000
vn 0.923879 -0.382684 0.000000
vn 1.000000 0.000000 0.000000
vn 1.000000 0.000000 0.000000
vn 0.923879 -0.382685 0.000000
vn 0.707108 0.707105 0.000000
vn 0.707109 0.707105 0.000000
vn 0.923879 0.382684 0.000000
vn 0.923880 0.382683 0.000000
vn 0.923878 0.382688 0.000000
vn 0.707103 0.707111 0.000000
vn 0.707106 0.707108 0.000000
vn 0.923879 0.382685 0.000000
vn 0.382680 0.923881 0.000000
vn 0.382684 0.923880 0.000000
vn -0.000001 0.000000 -1.000000
vn -0.000005 0.000000 -1.000000
vn -0.000005 0.000000 -1.000000
vn -0.000001 0.000000 -1.000000
vn 0.000002 0.000000 -1.000000
vn 0.000002 0.000000 -1.000000
vn -0.000002 0.000000 -1.000000
vn 0.000001 0.000000 -1.000000
vn 0.000001 0.000000 -1.000000
vn -0.000002 0.000000 -1.000000
vn 0.000000 0.000000 -1.000000
vn -0.000000 0.000000 -1.000000
vn 0.000000 0.000000 -1.000000
vn -0.000000 0.000000 -1.000000
vn 0.000002 0.000000 -1.000000
vn -0.000002 0.000000 -1.000000
vn -0.000002 0.000000 -1.000000
vn 0.000002 0.000000 -1.000000
vn 0.000001 0.000000 -1.000000
vn 0.000005 0.000000 -1.000000
vn 0.000005 0.000000 -1.000000
vn 0.000001 0.000000 -1.000000
vn 0.000002 0.000000 -1.000000
vn 0.000001 0.000000 -1.000000
vn 0.000001 0.000000 -1.000000
vn 0.000002 0.000000 -1.000000
vn 0.000000 0.000000 -1.000000
vn -0.000002 0.000000 -1.000000
vn -0.000002 0.000000 -1.000000
vn 0.000000 0.000000 -1.000000
vn 0.000007 0.000000 -1.000000
vn 0.000007 0.000000 -1.000000
vn -0.654207 0.654216 -0.379494
vn -0.354209 0.855130 -0.378534
vn -0.361409 0.872512 -0.328795
vn -0.667536 0.667546 -0.329816
vn 0.000000 0.925192 -0.379499
vn -0.000000 0.944044 -0.329818
vn -0.925195 0.000000 -0.379492
vn -0.855131 0.354209 -0.378531
vn -0.872513 0.361410 -0.328792
vn -0.944047 0.000001 -0.329813
vn -0.654206 -0.654218 -0.379490
vn -0.855132 -0.354206 -0.378534
vn -0.872513 -0.361407 -0.328795
vn -0.667535 -0.667548 -0.329813
vn -0.000000 -0.925197 -0.379487
vn -0.354212 -0.855133 -0.378524
vn -0.361412 -0.872514 -0.328788
vn -0.000000 -0.944047 -0.329811
vn 0.654206 -0.654218 -0.379491
vn 0.354212 -0.855133 -0.378526
vn 0.361412 -0.872513 -0.328789
vn 0.667534 -0.667549 -0.329813
vn 0.925196 0.000001 -0.379490
vn 0.855132 -0.354207 -0.378532
vn 0.872513 -0.361408 -0.328794
vn 0.944047 0.000002 -0.329811
vn 0.654207 0.654214 -0.379496
vn 0.855132 0.354209 -0.378531
vn 0.872513 0.361410 -0.328792
vn 0.667537 0.667545 -0.329817
vn 0.354210 0.855129 -0.378536
vn 0.361411 0.872511 -0.328797
vn -0.078870 0.078871 -0.993760
vn -0.042940 0.103650 -0.993686
vn -0.042940 0.103650 -0.993686
vn -0.078870 0.078871 -0.993760
vn 0.000000 0.111539 -0.993760
vn 0.000000 0.111539 -0.993760
vn -0.111543 0.000000 -0.993760
vn -0.103655 0.042934 -0.993686
vn -0.103655 0.042934 -0.993686
vn -0.111543 0.000000 -0.993760
vn -0.078866 -0.078872 -0.993760
vn -0.103655 -0.042934 -0.993686
vn -0.103655 -0.042933 -0.993686
vn -0.078866 -0.078871 -0.993760
vn 0.000000 -0.111540 -0.993760
vn -0.042932 -0.103651 -0.993687
vn -0.042932 -0.103651 -0.993687
vn 0.000000 -0.111540 -0.993760
vn 0.078875 -0.078873 -0.993760
vn 0.042940 -0.103651 -0.993686
vn 0.042940 -0.103651 -0.993686
vn 0.078875 -0.078872 -0.993759
vn 0.111540 0.000001 -0.993760
vn 0.103658 -0.042935 -0.993686
vn 0.103658 -0.042935 -0.993686
vn 0.111540 0.000000 -0.993760
vn 0.078858 0.078871 -0.993761
vn 0.103645 0.042934 -0.993687
vn 0.103645 0.042934 -0.993687
vn 0.078858 0.078871 -0.993761
vn 0.042932 0.103650 -0.993687
vn 0.042932 0.103651 -0.993687
vn -0.707101 0.707113 0.000000
vn -0.382686 0.923878 0.000000
vn -0.382686 0.923878 0.000000
vn -0.707101 0.707113 0.000000
vn 0.000000 1.000000 0.000000
vn 0.000000 1.000000 0.000000
vn -1.000000 0.000008 0.000002
vn -0.923873 0.382699 0.000000
vn -0.923873 0.382699 0.000000
vn -1.000000 0.000008 0.000002
vn -0.707096 -0.707117 -0.000005
vn -0.923875 -0.382694 0.000002
vn -0.923875 -0.382694 0.000002
vn -0.707097 -0.707117 -0.000005
vn -0.000006 -1.000000 0.000001
vn -0.382718 -0.923865 -0.000005
vn -0.382718 -0.923865 -0.000005
vn -0.000006 -1.000000 0.000001
vn 0.707095 -0.707119 0.000001
vn 0.382711 -0.923868 0.000001
vn 0.382711 -0.923868 0.000001
vn 0.707095 -0.707119 0.000001
vn 1.000000 0.000011 0.000001
vn 0.923876 -0.382691 0.000002
vn 0.923877 -0.382691 0.000002
vn 1.000000 0.000011 0.000001
vn 0.707101 0.707113 0.000000
vn 0.923875 0.382695 0.000000
vn 0.923875 0.382695 0.000000
vn 0.707101 0.707113 0.000000
vn 0.382687 0.923878 0.000000
vn 0.382687 0.923878 0.000000
vn 0.707103 0.707111 0.000000
vn 0.382683 0.923880 -0.000001
vn -0.000000 1.000000 0.000006
vn -0.382681 0.923881 -0.000005
vn -0.707101 0.707113 -0.000011
vn -0.923878 0.382688 0.000000
vn -1.000000 0.000002 0.000003
vn -0.923881 -0.382680 -0.000003
vn -0.707103 -0.707111 -0.000014
vn -0.382687 -0.923878 -0.000016
vn -0.000000 -1.000000 -0.000020
vn 0.382686 -0.923878 -0.000016
vn 0.707101 -0.707113 -0.000014
vn 0.923880 -0.382681 -0.000009
vn 1.000000 0.000004 -0.000001
vn 0.923877 0.382689 0.000001
vn 0.924286 -0.300317 -0.235595
vn 0.786244 -0.571241 -0.235596
vn 0.730960 -0.531075 -0.428552
vn 0.859296 -0.279201 -0.428553
vn 0.571236 -0.786246 -0.235599
vn 0.531073 -0.730962 -0.428552
vn 0.300317 -0.924284 -0.235604
vn 0.279202 -0.859296 -0.428553
vn -0.000000 -0.971849 -0.235607
vn -0.000000 -0.903517 -0.428552
vn -0.300317 -0.924284 -0.235604
vn -0.279202 -0.859297 -0.428550
vn -0.571237 -0.786246 -0.235597
vn -0.531073 -0.730963 -0.428549
vn -0.786244 -0.571241 -0.235595
vn -0.730960 -0.531075 -0.428553
vn -0.924286 -0.300318 -0.235595
vn -0.859295 -0.279203 -0.428553
vn -0.971851 -0.000000 -0.235595
vn -0.903517 0.000000 -0.428551
vn -0.924287 0.300319 -0.235590
vn -0.859297 0.279202 -0.428550
vn -0.786247 0.571237 -0.235594
vn -0.730962 0.531074 -0.428550
vn -0.571241 0.786243 -0.235597
vn -0.531075 0.730959 -0.428554
vn -0.300318 0.924285 -0.235598
vn -0.279202 0.859294 -0.428555
vn 0.000000 0.971849 -0.235603
vn 0.000000 0.903516 -0.428554
vn 0.300318 0.924285 -0.235597
vn 0.279202 0.859295 -0.428553
vn 0.571239 0.786244 -0.235596
vn 0.531073 0.730962 -0.428551
vn 0.786245 0.571239 -0.235596
vn 0.730961 0.531075 -0.428551
vn 0.924286 0.300319 -0.235591
vn 0.859296 0.279202 -0.428551
vn 0.971852 0.000001 -0.235593
vn 0.903517 0.000001 -0.428552
vn 0.579118 -0.420754 -0.698276
vn 0.680794 -0.221203 -0.698276
vn 0.420755 -0.579118 -0.698275
vn 0.221204 -0.680794 -0.698275
vn -0.000000 -0.715829 -0.698276
vn -0.221204 -0.680794 -0.698275
vn -0.420754 -0.579119 -0.698275
vn -0.579118 -0.420754 -0.698276
vn -0.680794 -0.221203 -0.698276
vn -0.715830 0.000000 -0.698275
vn -0.680794 0.221204 -0.698275
vn -0.579119 0.420755 -0.698274
vn -0.420754 0.579118 -0.698275
vn -0.221203 0.680793 -0.698277
vn 0.000000 0.715829 -0.698276
vn 0.221203 0.680794 -0.698276
vn 0.420755 0.579119 -0.698274
vn 0.579119 0.420755 -0.698274
vn 0.680794 0.221204 -0.698276
vn 0.715829 0.000001 -0.698276
vn 0.442204 -0.321279 -0.837398
vn 0.519842 -0.168906 -0.837398
vn 0.321280 -0.442203 -0.837398
vn 0.168906 -0.519840 -0.837399
vn -0.000001 -0.546591 -0.837400
vn -0.168908 -0.519840 -0.837399
vn -0.321281 -0.442203 -0.837398
vn -0.442204 -0.321279 -0.837398
vn -0.519841 -0.168907 -0.837398
vn -0.546593 0.000000 -0.837398
vn -0.519842 0.168907 -0.837398
vn -0.442205 0.321280 -0.837397
vn -0.321280 0.442204 -0.837398
vn -0.168907 0.519842 -0.837397
vn -0.000000 0.546595 -0.837397
vn 0.168907 0.519842 -0.837398
vn 0.321280 0.442203 -0.837398
vn 0.442205 0.321279 -0.837397
vn 0.519842 0.168907 -0.837398
vn 0.546593 0.000000 -0.837398
vn 0.336821 -0.244716 -0.909212
vn 0.395958 -0.128654 -0.909211
vn 0.244714 -0.336821 -0.909212
vn 0.128654 -0.395957 -0.909212
vn -0.000001 -0.416335 -0.909212
vn -0.128655 -0.395958 -0.909211
vn -0.244715 -0.336821 -0.909212
vn -0.336820 -0.244715 -0.909212
vn -0.395956 -0.128654 -0.909212
vn -0.416334 -0.000000 -0.909212
vn -0.395958 0.128654 -0.909211
vn -0.336821 0.244715 -0.909212
vn -0.244714 0.336822 -0.909212
vn -0.128655 0.395959 -0.909211
vn -0.000000 0.416336 -0.909211
vn 0.128655 0.395958 -0.909211
vn 0.244715 0.336822 -0.909212
vn 0.336822 0.244715 -0.909212
vn 0.395958 0.128654 -0.909212
vn 0.416335 0.000000 -0.909211
vn 0.255996 -0.185992 -0.948616
vn 0.300943 -0.097782 -0.948616
vn 0.185992 -0.255997 -0.948616
vn 0.097781 -0.300943 -0.948616
vn -0.000001 -0.316430 -0.948616
vn -0.097781 -0.300942 -0.948616
vn -0.185991 -0.255996 -0.948616
vn -0.255996 -0.185993 -0.948616
vn -0.300942 -0.097782 -0.948616
vn -0.316430 -0.000000 -0.948616
vn -0.300942 0.097782 -0.948616
vn -0.255996 0.185993 -0.948616
vn -0.185991 0.255997 -0.948616
vn -0.097782 0.300942 -0.948616
vn -0.000000 0.316429 -0.948616
vn 0.097782 0.300943 -0.948616
vn 0.185992 0.255998 -0.948616
vn 0.255997 0.185993 -0.948616
vn 0.300942 0.097782 -0.948616
vn 0.316431 0.000000 -0.948616
vn 0.191693 -0.139273 -0.971523
vn 0.225350 -0.073220 -0.971523
vn 0.139273 -0.191693 -0.971523
vn 0.073219 -0.225349 -0.971523
vn -0.000000 -0.236947 -0.971523
vn -0.073219 -0.225350 -0.971523
vn -0.139274 -0.191694 -0.971523
vn -0.191694 -0.139273 -0.971523
vn -0.225349 -0.073220 -0.971523
vn -0.236946 -0.000000 -0.971523
vn -0.225348 0.073221 -0.971523
vn -0.191693 0.139274 -0.971523
vn -0.139274 0.191694 -0.971523
vn -0.073220 0.225349 -0.971523
vn -0.000000 0.236946 -0.971523
vn 0.073219 0.225349 -0.971523
vn 0.139274 0.191693 -0.971523
vn 0.191694 0.139274 -0.971523
vn 0.225348 0.073221 -0.971523
vn 0.236947 0.000000 -0.971523
vn 0.138308 -0.100486 -0.985278
vn 0.162590 -0.052829 -0.985278
vn 0.100486 -0.138308 -0.985278
vn 0.052827 -0.162590 -0.985279
vn -0.000000 -0.170958 -0.985278
vn -0.052827 -0.162590 -0.985279
vn -0.100485 -0.138307 -0.985279
vn -0.138308 -0.100486 -0.985278
vn -0.162590 -0.052829 -0.985279
vn -0.170956 -0.000000 -0.985279
vn -0.162589 0.052829 -0.985279
vn -0.138308 0.100487 -0.985278
vn -0.100487 0.138308 -0.985278
vn -0.052829 0.162590 -0.985278
vn -0.000000 0.170957 -0.985278
vn 0.052827 0.162590 -0.985279
vn 0.100486 0.138307 -0.985278
vn 0.138309 0.100487 -0.985278
vn 0.162590 0.052829 -0.985278
vn 0.170956 0.000000 -0.985279
vn 0.092420 -0.067148 -0.993454
vn 0.108647 -0.035301 -0.993453
vn 0.067147 -0.092421 -0.993453
vn 0.035301 -0.108647 -0.993453
vn -0.000000 -0.114238 -0.993453
vn -0.035300 -0.108647 -0.993454
vn -0.067145 -0.092420 -0.993454
vn -0.092420 -0.067147 -0.993454
vn -0.108647 -0.035302 -0.993453
vn -0.114238 -0.000000 -0.993454
vn -0.108647 0.035302 -0.993453
vn -0.092420 0.067148 -0.993453
vn -0.067146 0.092421 -0.993454
vn -0.035302 0.108647 -0.993453
vn -0.000000 0.114238 -0.993453
vn 0.035301 0.108647 -0.993453
vn 0.067146 0.092421 -0.993454
vn 0.092420 0.067148 -0.993453
vn 0.108647 0.035302 -0.993453
vn 0.114238 0.000000 -0.993453
vn 0.053613 -0.038952 -0.997802
vn 0.063026 -0.020478 -0.997802
vn 0.038952 -0.053613 -0.997802
vn 0.020480 -0.063026 -0.997802
vn 0.000000 -0.066269 -0.997802
vn -0.020479 -0.063026 -0.997802
vn -0.038951 -0.053613 -0.997802
vn -0.053613 -0.038952 -0.997802
vn -0.063026 -0.020478 -0.997802
vn -0.066270 -0.000000 -0.997802
vn -0.063027 0.020478 -0.997802
vn -0.053613 0.038952 -0.997802
vn -0.038952 0.053613 -0.997802
vn -0.020479 0.063026 -0.997802
vn -0.000000 0.066269 -0.997802
vn 0.020479 0.063026 -0.997802
vn 0.038952 0.053613 -0.997802
vn 0.053612 0.038952 -0.997802
vn 0.063025 0.020478 -0.997802
vn 0.066269 0.000000 -0.997802
vn 0.000001 0.000000 -1.000000
vn -0.029681 0.009643 0.999513
vn -0.318777 0.103577 0.942153
vn -0.271165 0.197014 0.942154
vn -0.025246 0.018338 0.999513
vn -0.197011 0.271163 0.942155
vn -0.018336 0.025236 0.999513
vn -0.103574 0.318768 0.942157
vn -0.009638 0.029667 0.999513
vn -0.000001 0.335170 0.942158
vn -0.000000 0.031194 0.999513
vn 0.103574 0.318769 0.942157
vn 0.009641 0.029667 0.999513
vn 0.197013 0.271165 0.942155
vn 0.018340 0.025236 0.999513
vn 0.271166 0.197013 0.942154
vn 0.025238 0.018335 0.999513
vn 0.318773 0.103576 0.942155
vn 0.029659 0.009639 0.999514
vn 0.335178 -0.000000 0.942155
vn 0.031188 0.000000 0.999514
vn 0.318775 -0.103576 0.942154
vn 0.029674 -0.009640 0.999513
vn 0.271167 -0.197013 0.942154
vn 0.025246 -0.018335 0.999513
vn 0.197014 -0.271165 0.942155
vn 0.018340 -0.025236 0.999513
vn 0.103576 -0.318774 0.942155
vn 0.009641 -0.029667 0.999513
vn 0.000000 -0.335180 0.942154
vn -0.000000 -0.031193 0.999513
vn -0.103577 -0.318776 0.942154
vn -0.009641 -0.029667 0.999513
vn -0.197015 -0.271167 0.942154
vn -0.018347 -0.025240 0.999513
vn -0.271171 -0.197016 0.942152
vn -0.025260 -0.018343 0.999513
vn -0.318782 -0.103578 0.942152
vn -0.029688 -0.009645 0.999513
vn -0.335186 -0.000000 0.942152
vn -0.031209 -0.000000 0.999513
vn -0.335593 -0.243824 0.909905
vn -0.288791 -0.209824 0.934117
vn -0.339497 -0.110309 0.934117
vn -0.394515 -0.128186 0.909905
vn -0.414818 -0.000000 0.909904
vn -0.356968 0.000002 0.934116
vn -0.394514 0.128186 0.909905
vn -0.339495 0.110310 0.934117
vn -0.335591 0.243824 0.909906
vn -0.288786 0.209825 0.934118
vn -0.243819 0.335591 0.909907
vn -0.209811 0.288793 0.934119
vn -0.128182 0.394505 0.909909
vn -0.110300 0.339490 0.934120
vn -0.000001 0.414805 0.909910
vn 0.000002 0.356958 0.934120
vn 0.128182 0.394506 0.909909
vn 0.110298 0.339491 0.934120
vn 0.243821 0.335592 0.909906
vn 0.209810 0.288792 0.934119
vn 0.335595 0.243823 0.909905
vn 0.288790 0.209820 0.934118
vn 0.394515 0.128185 0.909905
vn 0.339495 0.110310 0.934117
vn 0.414816 -0.000000 0.909905
vn 0.356966 -0.000001 0.934117
vn 0.394513 -0.128185 0.909905
vn 0.339495 -0.110309 0.934117
vn 0.335592 -0.243823 0.909906
vn 0.288787 -0.209821 0.934118
vn 0.243822 -0.335592 0.909906
vn 0.209816 -0.288791 0.934118
vn 0.128184 -0.394513 0.909906
vn 0.110310 -0.339491 0.934119
vn 0.000000 -0.414816 0.909905
vn 0.000000 -0.356963 0.934119
vn -0.128185 -0.394513 0.909905
vn -0.110305 -0.339495 0.934118
vn -0.243822 -0.335594 0.909905
vn -0.209816 -0.288794 0.934117
vn -0.224503 -0.163142 0.960720
vn -0.219164 -0.159268 0.962601
vn -0.257658 -0.083722 0.962602
vn -0.263934 -0.085760 0.960720
vn -0.277524 0.000016 0.960719
vn -0.270926 0.000019 0.962600
vn -0.263933 0.085769 0.960720
vn -0.257657 0.083733 0.962601
vn -0.224493 0.163151 0.960721
vn -0.219149 0.159279 0.962603
vn -0.163086 0.224540 0.960721
vn -0.159201 0.219208 0.962602
vn -0.085726 0.263939 0.960722
vn -0.083681 0.257665 0.962604
vn 0.000003 0.277515 0.960721
vn 0.000004 0.270917 0.962603
vn 0.085715 0.263947 0.960721
vn 0.083667 0.257675 0.962603
vn 0.163088 0.224535 0.960722
vn 0.159202 0.219201 0.962604
vn 0.224508 0.163133 0.960721
vn 0.219167 0.159256 0.962602
vn 0.263932 0.085765 0.960721
vn 0.257656 0.083727 0.962602
vn 0.277519 -0.000003 0.960720
vn 0.270920 -0.000004 0.962602
vn 0.263936 -0.085762 0.960720
vn 0.257662 -0.083723 0.962601
vn 0.224501 -0.163138 0.960721
vn 0.219162 -0.159263 0.962602
vn 0.163112 -0.224525 0.960720
vn 0.159234 -0.219189 0.962601
vn 0.085764 -0.263928 0.960722
vn 0.083727 -0.257651 0.962604
vn 0.000000 -0.277516 0.960721
vn 0.000000 -0.270919 0.962602
vn -0.085741 -0.263943 0.960720
vn -0.083698 -0.257672 0.962601
vn -0.163100 -0.224530 0.960721
vn -0.159218 -0.219195 0.962602
vn -0.352084 0.000002 0.935969
vn -0.334848 0.108801 0.935970
vn -0.284833 0.206954 0.935970
vn -0.206939 0.284841 0.935971
vn -0.108790 0.334844 0.935972
vn 0.000002 0.352073 0.935973
vn 0.108788 0.334845 0.935972
vn 0.206938 0.284840 0.935972
vn 0.284837 0.206949 0.935970
vn 0.334849 0.108800 0.935970
vn 0.352081 -0.000001 0.935970
vn 0.334848 -0.108800 0.935970
vn 0.284834 -0.206950 0.935971
vn 0.206944 -0.284838 0.935971
vn 0.108800 -0.334845 0.935971
vn 0.000000 -0.352078 0.935971
vn -0.108796 -0.334849 0.935970
vn -0.206944 -0.284842 0.935970
vn -0.284838 -0.206952 0.935969
vn -0.334851 -0.108799 0.935969
vn -0.258421 0.000057 0.966032
vn -0.245748 0.079896 0.966036
vn -0.208961 0.152003 0.966039
vn -0.151758 0.209152 0.966036
vn -0.079732 0.245785 0.966040
vn 0.000014 0.258409 0.966036
vn 0.079692 0.245814 0.966036
vn 0.151754 0.209122 0.966043
vn 0.209019 0.151924 0.966038
vn 0.245747 0.079877 0.966037
vn 0.258399 -0.000010 0.966038
vn 0.245747 -0.079862 0.966038
vn 0.208996 -0.151952 0.966039
vn 0.151872 -0.209093 0.966031
vn 0.079886 -0.245732 0.966040
vn 0.000000 -0.258400 0.966038
vn -0.079778 -0.245794 0.966034
vn -0.151817 -0.209104 0.966037
vn -0.209019 -0.151954 0.966034
vn -0.245738 -0.079854 0.966042
vn 0.000000 -0.027729 0.999615
vn 0.000000 -0.027729 0.999615
vn 0.000000 0.000000 1.000000
vn 0.000000 0.000000 1.000000
vn 0.000000 1.000000 0.000000
vn 0.000000 1.000000 0.000000
vn 0.000000 1.000000 0.000000
vn 0.000000 1.000000 0.000000
vn 0.000000 0.000000 -1.000000
vn 0.000000 0.000000 -1.000000
vn 0.000000 -0.027729 -0.999615
vn 0.000000 -0.027729 -0.999615
vn 0.000000 -1.000000 0.000000
vn 0.000000 -1.000000 0.000000
vn 0.000000 -1.000000 0.000000
vn 0.000000 -1.000000 0.000000
vn 0.999420 -0.034045 0.000000
vn 0.999420 -0.034045 0.000000
vn 1.000000 0.000000 0.000000
vn 1.000000 0.000000 0.000000
vn -0.999420 -0.034045 0.000000
vn -0.999420 -0.034045 0.000000
vn -1.000000 0.000000 0.000000
vn -1.000000 0.000000 0.000000
vn 0.000000 -0.221195 -0.975230
vn 0.000000 -0.221195 -0.975230
vn -0.949763 -0.312971 0.000000
vn -0.949763 -0.312971 0.000000
vn 0.000000 -0.221195 0.975230
vn 0.000000 -0.221195 0.975230
vn 0.949763 -0.312971 0.000000
vn 0.949763 -0.312971 0.000000
vn 0.000000 -0.883220 -0.468959
vn 0.000000 -0.883220 -0.468959
vn -0.397299 -0.917690 0.000000
vn -0.397299 -0.917690 0.000000
vn 0.000000 -0.883220 0.468959
vn 0.000000 -0.883220 0.468959
vn 0.397299 -0.917689 0.000000
vn 0.397299 -0.917689 0.000000
vn 0.941004 0.072946 -0.330440
vn 0.784492 0.071471 -0.616006
vn 0.778651 0.140798 -0.611457
vn 0.933733 0.143595 -0.327908
vn 0.556531 0.069765 -0.827893
vn 0.552565 0.137553 -0.822041
vn 0.287219 0.068468 -0.955415
vn 0.285242 0.135082 -0.948889
vn -0.000000 0.067990 -0.997686
vn -0.000000 0.134171 -0.990958
vn -0.287220 0.068468 -0.955415
vn -0.285242 0.135082 -0.948889
vn -0.556531 0.069766 -0.827893
vn -0.552565 0.137554 -0.822041
vn -0.784492 0.071473 -0.616007
vn -0.778650 0.140799 -0.611457
vn -0.941004 0.072948 -0.330441
vn -0.933732 0.143595 -0.327909
vn -0.997293 0.073536 0.000000
vn -0.989475 0.144707 0.000000
vn -0.941003 0.072948 0.330441
vn -0.933732 0.143595 0.327909
vn -0.784493 0.071472 0.616006
vn -0.778650 0.140799 0.611457
vn -0.556531 0.069763 0.827893
vn -0.552565 0.137553 0.822041
vn -0.287220 0.068466 0.955415
vn -0.285242 0.135082 0.948889
vn 0.000000 0.067990 0.997686
vn 0.000000 0.134172 0.990958
vn 0.287220 0.068466 0.955415
vn 0.285242 0.135082 0.948889
vn 0.556530 0.069763 0.827894
vn 0.552564 0.137553 0.822041
vn 0.784492 0.071472 0.616007
vn 0.778651 0.140799 0.611456
vn 0.941003 0.072948 0.330441
vn 0.933732 0.143595 0.327909
vn 0.997293 0.073534 0.000001
vn 0.989475 0.144707 0.000001
vn 0.755004 0.279860 -0.592999
vn 0.904341 0.285076 -0.317648
vn 0.536486 0.273784 -0.798264
vn 0.277214 0.269143 -0.922342
vn -0.000000 0.267430 -0.963577
vn -0.277214 0.269143 -0.922342
vn -0.536486 0.273784 -0.798264
vn -0.755004 0.279860 -0.592999
vn -0.904340 0.285076 -0.317648
vn -0.957887 0.287145 -0.000000
vn -0.904340 0.285076 0.317649
vn -0.755003 0.279860 0.592999
vn -0.536485 0.273785 0.798264
vn -0.277214 0.269143 0.922342
vn 0.000000 0.267430 0.963577
vn 0.277214 0.269143 0.922342
vn 0.536485 0.273785 0.798264
vn 0.755004 0.279860 0.592998
vn 0.904341 0.285075 0.317648
vn 0.957887 0.287145 0.000001
vn 0.715340 0.415221 -0.562033
vn 0.855268 0.422146 -0.300514
vn 0.509370 0.407107 -0.758160
vn 0.263619 0.400874 -0.877385
vn -0.000000 0.398567 -0.917139
vn -0.263619 0.400874 -0.877385
vn -0.509371 0.407107 -0.758160
vn -0.715340 0.415220 -0.562032
vn -0.855268 0.422146 -0.300515
vn -0.905248 0.424883 0.000000
vn -0.855268 0.422146 0.300514
vn -0.715340 0.415221 0.562032
vn -0.509370 0.407108 0.758159
vn -0.263620 0.400875 0.877385
vn 0.000000 0.398567 0.917139
vn 0.263620 0.400874 0.877385
vn 0.509370 0.407107 0.758160
vn 0.715340 0.415221 0.562032
vn 0.855268 0.422146 0.300515
vn 0.905249 0.424882 0.000001
vn 0.630311 0.597914 -0.495183
vn 0.750911 0.605415 -0.263827
vn 0.450707 0.589007 -0.670771
vn 0.234007 0.582078 -0.778733
vn -0.000000 0.579494 -0.814977
vn -0.234008 0.582079 -0.778733
vn -0.450708 0.589008 -0.670770
vn -0.630312 0.597914 -0.495182
vn -0.750911 0.605415 -0.263828
vn -0.793666 0.608353 0.000000
vn -0.750911 0.605415 0.263828
vn -0.630312 0.597914 0.495182
vn -0.450708 0.589008 0.670770
vn -0.234009 0.582078 0.778733
vn 0.000000 0.579493 0.814977
vn 0.234009 0.582078 0.778733
vn 0.450708 0.589007 0.670771
vn 0.630312 0.597914 0.495183
vn 0.750911 0.605415 0.263828
vn 0.793666 0.608354 0.000001
vn 0.575919 0.679998 -0.453785
vn 0.684766 0.687658 -0.241294
vn 0.412733 0.670897 -0.616075
vn 0.214648 0.663814 -0.716434
vn 0.000000 0.661171 -0.750235
vn -0.214648 0.663814 -0.716433
vn -0.412733 0.670898 -0.616074
vn -0.575919 0.679998 -0.453784
vn -0.684765 0.687658 -0.241296
vn -0.723181 0.690658 -0.000000
vn -0.684765 0.687658 0.241296
vn -0.575919 0.679997 0.453786
vn -0.412734 0.670897 0.616075
vn -0.214649 0.663814 0.716434
vn 0.000000 0.661170 0.750236
vn 0.214649 0.663813 0.716435
vn 0.412734 0.670896 0.616075
vn 0.575919 0.679997 0.453785
vn 0.684765 0.687658 0.241296
vn 0.723181 0.690658 0.000001
vn 0.545179 0.720345 -0.428816
vn 0.647706 0.727025 -0.227842
vn 0.391108 0.712341 -0.582757
vn 0.203581 0.706059 -0.678259
vn 0.000000 0.703703 -0.710495
vn -0.203580 0.706058 -0.678260
vn -0.391108 0.712340 -0.582757
vn -0.545179 0.720345 -0.428815
vn -0.647705 0.727025 -0.227845
vn -0.683845 0.729628 -0.000001
vn -0.647705 0.727025 0.227846
vn -0.545180 0.720344 0.428816
vn -0.391108 0.712341 0.582757
vn -0.203580 0.706060 0.678259
vn 0.000000 0.703704 0.710493
vn 0.203580 0.706059 0.678260
vn 0.391108 0.712340 0.582757
vn 0.545180 0.720344 0.428815
vn 0.647705 0.727025 0.227844
vn 0.683845 0.729628 -0.000000
vn 0.397045 0.862721 -0.313158
vn 0.469840 0.867055 -0.165727
vn 0.286184 0.857472 -0.427600
vn 0.149511 0.853311 -0.499506
vn 0.000000 0.851742 -0.523962
vn -0.149511 0.853311 -0.499507
vn -0.286184 0.857471 -0.427600
vn -0.397046 0.862720 -0.313159
vn -0.469840 0.867055 -0.165729
vn -0.495281 0.868733 -0.000001
vn -0.469839 0.867055 0.165730
vn -0.397046 0.862720 0.313159
vn -0.286184 0.857472 0.427600
vn -0.149511 0.853310 0.499508
vn 0.000000 0.851741 0.523963
vn 0.149511 0.853311 0.499506
vn 0.286184 0.857472 0.427599
vn 0.397046 0.862720 0.313159
vn 0.469839 0.867056 0.165729
vn 0.495281 0.868733 0.000001
vn 0.284267 0.932020 -0.224791
vn 0.335844 0.934400 -0.118770
vn 0.205293 0.929125 -0.307541
vn 0.107414 0.926818 -0.359819
vn -0.000000 0.925946 -0.377656
vn -0.107415 0.926819 -0.359819
vn -0.205293 0.929124 -0.307544
vn -0.284268 0.932020 -0.224791
vn -0.335844 0.934400 -0.118768
vn -0.353809 0.935318 0.000000
vn -0.335844 0.934400 0.118769
vn -0.284268 0.932020 0.224792
vn -0.205293 0.929124 0.307543
vn -0.107415 0.926818 0.359819
vn 0.000000 0.925946 0.377657
vn 0.107415 0.926818 0.359820
vn 0.205293 0.929124 0.307544
vn 0.284268 0.932020 0.224792
vn 0.335844 0.934399 0.118772
vn 0.353809 0.935318 0.000002
vn 0.171729 0.975643 -0.136490
vn 0.202857 0.976550 -0.072103
vn 0.124036 0.974542 -0.186768
vn 0.064903 0.973666 -0.218546
vn -0.000000 0.973334 -0.229392
vn -0.064903 0.973666 -0.218548
vn -0.124036 0.974541 -0.186772
vn -0.171729 0.975644 -0.136482
vn -0.202857 0.976551 -0.072092
vn -0.213695 0.976900 0.000000
vn -0.202858 0.976551 0.072095
vn -0.171729 0.975644 0.136484
vn -0.124036 0.974542 0.186771
vn -0.064903 0.973666 0.218545
vn 0.000000 0.973335 0.229389
vn 0.064903 0.973666 0.218548
vn 0.124036 0.974542 0.186772
vn 0.171730 0.975644 0.136487
vn 0.202858 0.976550 0.072100
vn 0.213696 0.976900 0.000000
vn -0.000000 1.000000 0.000002
vn 0.000000 -0.938767 -0.344552
vn 0.202535 -0.918915 -0.338488
vn 0.201026 -0.919239 -0.338510
vn 0.000000 -0.938776 -0.344528
vn -0.000000 0.995208 -0.097785
vn -0.362527 0.926953 -0.096608
vn -0.372888 0.922803 -0.096901
vn -0.000000 0.995202 -0.097843
vn -0.982961 0.008217 -0.183630
vn -0.897662 -0.358122 -0.256812
vn -0.883815 -0.387240 -0.262518
vn -0.981156 -0.028306 -0.191134
vn -0.687659 -0.657534 -0.307854
vn -0.370456 -0.866161 -0.335451
vn -0.358137 -0.871098 -0.336044
vn -0.668228 -0.676051 -0.310525
vn -0.400695 -0.853214 -0.333870
vn -0.385065 -0.860034 -0.334763
vn -0.707440 -0.638086 -0.303933
vn -0.729683 -0.614347 -0.300233
vn -0.000000 -0.938681 -0.344787
vn 0.000000 -0.938697 -0.344743
vn -0.377006 -0.863444 -0.335158
vn -0.696695 -0.648778 -0.306112
vn 0.000000 -0.938736 -0.344638
vn -0.906509 -0.338739 -0.251988
vn -0.893410 -0.367928 -0.257774
vn -0.979444 -0.048541 -0.195790
vn -0.983244 0.026706 -0.180326
vn -0.895231 -0.363688 -0.257474
vn -0.981863 -0.016086 -0.188909
vn -0.670024 0.736008 -0.096748
vn -0.902426 0.414095 -0.118962
vn -0.917118 0.379203 -0.122885
vn -0.690768 0.716413 -0.097941
vn -0.800639 0.591191 -0.097317
vn -0.885421 0.450162 -0.115690
vn -0.589566 0.803015 -0.087053
vn -0.528909 0.844247 -0.086619
vn -0.894963 0.430379 -0.117538
vn -0.637571 0.764758 -0.093001
vn -0.301871 0.948730 -0.093731
vn -0.320291 0.942638 -0.094063
vn 0.000000 0.995250 -0.097350
vn 0.000000 0.995260 -0.097255
vn -0.344018 0.934092 -0.095520
vn -0.000000 0.995227 -0.097589
vn 0.982961 0.008217 -0.183630
vn 0.902427 0.414095 -0.118962
vn 0.917118 0.379203 -0.122885
vn 0.981156 -0.028306 -0.191134
vn 0.670024 0.736008 -0.096748
vn 0.362527 0.926953 -0.096608
vn 0.372888 0.922803 -0.096900
vn 0.690768 0.716413 -0.097941
vn 0.301871 0.948730 -0.093732
vn 0.320291 0.942638 -0.094063
vn 0.589566 0.803015 -0.087052
vn 0.528909 0.844247 -0.086619
vn 0.344018 0.934092 -0.095519
vn 0.637571 0.764758 -0.093000
vn 0.800639 0.591191 -0.097317
vn 0.885421 0.450162 -0.115690
vn 0.979444 -0.048541 -0.195790
vn 0.983244 0.026706 -0.180326
vn 0.894963 0.430379 -0.117538
vn 0.981863 -0.016086 -0.188910
vn 0.720929 -0.623470 -0.302567
vn 0.897661 -0.358122 -0.256812
vn 0.883815 -0.387240 -0.262518
vn 0.703810 -0.641411 -0.305358
vn 0.906508 -0.338739 -0.251989
vn 0.893410 -0.367928 -0.257774
vn 0.740720 -0.601988 -0.298236
vn 0.760031 -0.579339 -0.294482
vn 0.895231 -0.363688 -0.257474
vn 0.730039 -0.613730 -0.300630
vn 0.212189 -0.916823 -0.338248
vn 0.209823 -0.917351 -0.338291
vn 0.402820 -0.852804 -0.332356
vn 0.395381 -0.856084 -0.332857
vn 0.205805 -0.918221 -0.338401
vn 0.382045 -0.861773 -0.333750
vn 0.371094 -0.866284 -0.334427
vn 0.366060 -0.868317 -0.334703
vn 0.142416 0.295759 -0.944587
vn 0.237623 0.175609 -0.955352
vn 0.237651 0.175541 -0.955357
vn 0.142348 0.295804 -0.944583
vn 0.000000 0.339939 -0.940448
vn -0.000000 0.339939 -0.940448
vn 0.261642 -0.014270 -0.965060
vn 0.253548 -0.149985 -0.955624
vn 0.253548 -0.149985 -0.955624
vn 0.261688 -0.013151 -0.965063
vn -0.171886 -0.542604 -0.822214
vn -0.183081 -0.294148 -0.938061
vn -0.179037 -0.288708 -0.940528
vn -0.172434 -0.542335 -0.822277
vn -0.022079 -0.607605 -0.793932
vn -0.022079 -0.607605 -0.793932
vn -0.015544 -0.117707 -0.992927
vn -0.000001 -0.092865 -0.995679
vn -0.000001 -0.092865 -0.995679
vn -0.015586 -0.117727 -0.992924
vn 0.015543 -0.117707 -0.992927
vn 0.183082 -0.294148 -0.938061
vn 0.179037 -0.288708 -0.940528
vn 0.015586 -0.117727 -0.992924
vn 0.171887 -0.542603 -0.822214
vn 0.022082 -0.607604 -0.793933
vn 0.022082 -0.607604 -0.793933
vn 0.172436 -0.542334 -0.822277
vn -0.261641 -0.014270 -0.965060
vn -0.245963 0.160018 -0.955979
vn -0.246813 0.157657 -0.956152
vn -0.261688 -0.013151 -0.965063
vn -0.253546 -0.149985 -0.955625
vn -0.253546 -0.149985 -0.955625
vn -0.081583 0.335409 -0.938534
vn -0.080046 0.336274 -0.938356
vn -0.143198 0.299128 -0.943407
vn -0.142726 0.299428 -0.943383
vn 0.413967 0.851381 0.322151
vn 0.752993 0.592916 0.285397
vn 0.751789 0.594338 0.285615
vn 0.413233 0.851722 0.322194
vn -0.000001 0.943043 0.332670
vn -0.000001 0.943043 0.332670
vn 0.926129 0.310424 0.214295
vn 0.986561 -0.039658 0.158509
vn 0.986784 -0.032989 0.158650
vn 0.924503 0.314306 0.215655
vn 0.552840 -0.778973 0.295921
vn 0.452592 -0.862156 0.227701
vn 0.452782 -0.862023 0.227828
vn 0.552840 -0.778973 0.295921
vn 0.937030 -0.317189 0.146168
vn 0.937030 -0.317189 0.146168
vn 0.257164 -0.957045 0.133913
vn -0.000000 -0.994486 0.104871
vn -0.000000 -0.994486 0.104871
vn 0.255320 -0.957625 0.133293
vn -0.257163 -0.957045 0.133912
vn -0.452592 -0.862157 0.227698
vn -0.452781 -0.862024 0.227825
vn -0.255320 -0.957625 0.133292
vn -0.937030 -0.317190 0.146166
vn -0.986561 -0.039659 0.158506
vn -0.986784 -0.032990 0.158647
vn -0.937030 -0.317190 0.146166
vn -0.552840 -0.778973 0.295919
vn -0.552840 -0.778973 0.295919
vn -0.926129 0.310424 0.214293
vn -0.783938 0.553484 0.281241
vn -0.781584 0.556519 0.281802
vn -0.924503 0.314306 0.215654
vn -0.219055 0.919502 0.326391
vn -0.220991 0.919019 0.326446
vn -0.422870 0.845505 0.326040
vn -0.423763 0.845064 0.326024
vn -0.367404 -0.561997 -0.741062
vn -0.503128 -0.485538 -0.714923
vn -0.503128 -0.485538 -0.714923
vn -0.352567 -0.569239 -0.742741
vn -0.236259 -0.619272 -0.748788
vn -0.236259 -0.619272 -0.748788
vn 0.006161 -0.160370 -0.987038
vn 0.000000 -0.119165 -0.992875
vn 0.000000 -0.119165 -0.992874
vn 0.004893 -0.161936 -0.986789
vn -0.033610 -0.209153 -0.977305
vn -0.033610 -0.209153 -0.977305
vn -0.006588 -0.153993 -0.988050
vn 0.029432 -0.191898 -0.980973
vn 0.029432 -0.191898 -0.980973
vn -0.004492 -0.156211 -0.987714
vn 0.439345 -0.478743 -0.760119
vn 0.351115 -0.525572 -0.774914
vn 0.351115 -0.525572 -0.774914
vn 0.422687 -0.488149 -0.763574
vn 0.526392 -0.424834 -0.736496
vn 0.526392 -0.424834 -0.736496
vn -0.616920 0.723859 0.308931
vn -0.615702 0.724819 0.309111
vn -0.208801 0.242802 -0.947338
vn -0.210181 0.241520 -0.947361
vn 0.592065 -0.741278 -0.316175
vn 0.582339 -0.748392 -0.317476
vn 0.568503 -0.758201 -0.319275
vn 0.556656 -0.766336 -0.320721
vn 0.549646 -0.771040 -0.321538
vn 0.968628 0.242580 0.053979
vn 0.887287 0.460238 0.030034
vn 0.903520 0.428521 0.004693
vn 0.971156 0.238242 0.009837
vn 0.718908 0.695032 -0.010085
vn 0.689932 0.723396 -0.026319
vn 0.419397 0.906361 -0.051140
vn 0.435363 0.898148 -0.061561
vn 0.000000 0.997589 -0.069400
vn 0.000000 0.997280 -0.073702
vn -0.419397 0.906361 -0.051140
vn -0.435363 0.898148 -0.061561
vn -0.718909 0.695032 -0.010085
vn -0.689932 0.723395 -0.026319
vn -0.887288 0.460237 0.030035
vn -0.903521 0.428519 0.004693
vn -0.968628 0.242581 0.053979
vn -0.971156 0.238242 0.009837
vn -0.997770 0.036951 0.055593
vn -0.998889 0.045418 0.012591
vn -0.983308 -0.178611 0.034695
vn -0.987327 -0.158698 0.000901
vn -0.906455 -0.422280 -0.004440
vn -0.917315 -0.397527 -0.022480
vn -0.727727 -0.683832 -0.052786
vn -0.744973 -0.664999 -0.052828
vn -0.467863 -0.879234 -0.089732
vn -0.485456 -0.870881 -0.076808
vn -0.213003 -0.970879 -0.109649
vn 0.084382 -0.990063 -0.112496
vn 0.089609 -0.991652 -0.092722
vn -0.225220 -0.970065 -0.090833
vn 0.416248 -0.904275 -0.095002
vn 0.431035 -0.898707 -0.080833
vn 0.727728 -0.683832 -0.052786
vn 0.744974 -0.664999 -0.052828
vn 0.906455 -0.422280 -0.004439
vn 0.917315 -0.397527 -0.022480
vn 0.983308 -0.178612 0.034696
vn 0.987327 -0.158699 0.000901
vn 0.997770 0.036950 0.055593
vn 0.998889 0.045417 0.012591
vn 0.000000 0.000000 -1.000000
vn 0.000000 0.000000 -1.000000
vn 0.000000 0.000000 -1.000000
vn 0.000000 0.000000 -1.000000
vn -0.000001 0.000000 -1.000000
vn 0.000000 0.000000 -1.000000
vn 0.000001 0.000000 -1.000000
vn 0.000000 0.000000 -1.000000
vn 0.000000 0.000000 -1.000000
vn 0.000000 0.000000 -1.000000
vn 0.000000 0.000000 -1.000000
vn 0.000000 0.000000 -1.000000
vn 0.000000 0.000000 -1.000000
vn 0.000000 0.000000 -1.000000
vn 0.000001 0.000000 -1.000000
vn -0.000000 0.000000 -1.000000
vn 0.000002 0.000000 -1.000000
vn -0.000001 0.000000 -1.000000
vn 0.000000 0.000000 -1.000000
vn 0.000000 0.000000 -1.000000
vn 0.000000 0.000000 -1.000000
vn 0.000000 0.000000 -1.000000
vn 0.000000 0.000000 1.000000
vn 0.000000 0.000000 1.000000
vn 0.000000 0.000000 1.000000
vn 0.000000 0.000000 1.000000
vn 0.000001 0.000000 1.000000
vn 0.000000 0.000000 1.000000
vn -0.000001 0.000000 1.000000
vn 0.000000 0.000000 1.000000
vn 0.000000 0.000000 1.000000
vn 0.000000 0.000000 1.000000
vn 0.000000 0.000000 1.000000
vn 0.000000 0.000000 1.000000
vn 0.000000 0.000000 1.000000
vn 0.000000 0.000000 1.000000
vn 0.000000 0.000000 1.000000
vn 0.000000 0.000000 1.000000
vn 0.000000 0.000000 1.000000
vn 0.000000 0.000000 1.000000
vn 0.000000 0.000000 1.000000
vn 0.000000 0.000000 1.000000
vn 0.000000 0.000000 1.000000
vn 0.000000 0.000000 1.000000
vn 0.520720 -0.169240 0.836785
vn 0.549954 -0.000000 0.835195
vn 1.000000 -0.000001 0.000723
vn 0.951514 -0.307588 0.003394
vn 0.437838 -0.318199 0.840861
vn 0.810397 -0.585789 0.010399
vn 0.313580 -0.431735 0.845738
vn 0.589637 -0.807443 0.019089
vn 0.162961 -0.501695 0.849556
vn 0.310335 -0.950268 0.026153
vn 0.032389 -0.524813 0.850601
vn 0.061559 -0.997684 0.028932
vn -0.088581 -0.557941 0.825140
vn -0.156704 -0.987234 0.028501
vn -0.313579 -0.431734 0.845739
vn -0.185112 -0.493464 0.849839
vn -0.352470 -0.935482 0.025251
vn -0.589637 -0.807443 0.019087
vn -0.437838 -0.318199 0.840861
vn -0.810398 -0.585788 0.010399
vn -0.520719 -0.169240 0.836786
vn -0.951514 -0.307588 0.003395
vn -0.549953 0.000000 0.835196
vn -1.000000 0.000000 0.000723
vn -0.520720 0.169239 0.836785
vn -0.951514 0.307588 0.003391
vn -0.437840 0.318199 0.840860
vn -0.810397 0.585789 0.010393
vn -0.313578 0.431735 0.845739
vn -0.589636 0.807444 0.019085
vn -0.162960 0.501696 0.849556
vn -0.310334 0.950268 0.026152
vn -0.000001 0.525185 0.850988
vn 0.000000 0.999583 0.028860
vn 0.162960 0.501696 0.849556
vn 0.310334 0.950268 0.026152
vn 0.313578 0.431735 0.845738
vn 0.589635 0.807444 0.019085
vn 0.437839 0.318199 0.840861
vn 0.810397 0.585789 0.010394
vn 0.520720 0.169239 0.836785
vn 0.951514 0.307587 0.003393
vn 0.943814 -0.263611 0.199309
vn 0.985039 -0.000001 0.172329
vn 0.815991 -0.510051 0.272043
vn 0.600394 -0.711727 0.364652
vn 0.316732 -0.840308 0.439958
vn 0.060959 -0.881308 0.468595
vn -0.153441 -0.862365 0.482474
vn -0.600394 -0.711727 0.364652
vn -0.358784 -0.829646 0.427740
vn -0.815991 -0.510051 0.272043
vn -0.943814 -0.263611 0.199309
vn -0.985039 -0.000000 0.172330
vn -0.943814 0.263611 0.199309
vn -0.815991 0.510051 0.272043
vn -0.600394 0.711727 0.364652
vn -0.316732 0.840308 0.439958
vn -0.000000 0.883499 0.468434
vn 0.316732 0.840308 0.439958
vn 0.600394 0.711727 0.364652
vn 0.815991 0.510051 0.272044
vn 0.943815 0.263609 0.199309
vn 0.999912 -0.000001 -0.013267
vn 0.959963 0.279841 0.012653
vn 0.959962 -0.279843 0.012654
vn 0.834696 -0.544597 0.081830
vn 0.619482 -0.766678 0.168662
vn 0.329698 -0.913472 0.238469
vn 0.067848 -0.961792 0.265240
vn -0.172208 -0.949515 0.262233
vn -0.619482 -0.766678 0.168662
vn -0.376223 -0.897973 0.228257
vn -0.834696 -0.544598 0.081830
vn -0.959962 -0.279843 0.012654
vn -0.999912 -0.000000 -0.013267
vn -0.959962 0.279843 0.012653
vn -0.834696 0.544597 0.081829
vn -0.619482 0.766678 0.168662
vn -0.329698 0.913472 0.238470
vn -0.000000 0.964328 0.264711
vn 0.329697 0.913472 0.238470
vn 0.619482 0.766678 0.168662
vn 0.834696 0.544597 0.081830
vn 0.999953 -0.000000 -0.009720
vn 0.971988 0.233923 0.022793
vn 0.971988 -0.233924 0.022794
vn 0.873939 -0.470872 0.120460
vn 0.674075 -0.689014 0.266237
vn 0.366862 -0.839429 0.400962
vn 0.070608 -0.887506 0.455354
vn -0.180132 -0.881132 0.437217
vn -0.674075 -0.689014 0.266238
vn -0.412096 -0.822668 0.391657
vn -0.873939 -0.470872 0.120460
vn -0.971987 -0.233925 0.022793
vn -0.999953 -0.000000 -0.009720
vn -0.971988 0.233925 0.022793
vn -0.873939 0.470871 0.120461
vn -0.674076 0.689013 0.266238
vn -0.366860 0.839430 0.400963
vn 0.000000 0.890558 0.454871
vn 0.366860 0.839430 0.400962
vn 0.674075 0.689013 0.266239
vn 0.873939 0.470871 0.120460
vn 0.999891 -0.000001 -0.014780
vn 0.974890 0.222616 0.005618
vn 0.974890 -0.222617 0.005618
vn 0.889129 -0.453425 0.062084
vn 0.712808 -0.687379 0.139334
vn 0.411956 -0.886682 0.209968
vn 0.085370 -0.967074 0.239752
vn -0.214510 -0.945833 0.243692
vn -0.712808 -0.687379 0.139334
vn -0.464058 -0.864202 0.194437
vn -0.889130 -0.453425 0.062083
vn -0.974890 -0.222617 0.005618
vn -0.999891 -0.000000 -0.014779
vn -0.974890 0.222617 0.005618
vn -0.889130 0.453424 0.062083
vn -0.712809 0.687378 0.139334
vn -0.411957 0.886682 0.209970
vn 0.000000 0.970884 0.239551
vn 0.411957 0.886682 0.209970
vn 0.712809 0.687379 0.139334
vn 0.889130 0.453424 0.062083
vn 0.998167 0.016226 -0.058297
vn 0.974789 0.214265 -0.062272
vn 0.976245 0.216122 -0.015388
vn 0.999823 -0.000000 -0.018813
vn 0.981221 -0.185714 -0.052108
vn 0.976245 -0.216123 -0.015388
vn 0.911017 -0.409790 -0.046040
vn 0.896069 -0.443879 -0.005591
vn 0.750412 -0.659561 -0.043142
vn 0.728799 -0.684671 0.008745
vn 0.446859 -0.893518 -0.044079
vn 0.429295 -0.902870 0.023050
vn 0.093781 -0.994571 -0.045089
vn 0.090745 -0.995435 0.029570
vn -0.235466 -0.970882 -0.044090
vn -0.228214 -0.973178 0.029024
vn -0.750412 -0.659562 -0.043142
vn -0.500144 -0.864834 -0.043782
vn -0.481825 -0.876021 0.020770
vn -0.728800 -0.684671 0.008745
vn -0.911017 -0.409790 -0.046040
vn -0.896069 -0.443879 -0.005591
vn -0.981221 -0.185714 -0.052108
vn -0.976245 -0.216124 -0.015388
vn -0.998168 0.016227 -0.058297
vn -0.999823 -0.000000 -0.018813
vn -0.974788 0.214265 -0.062272
vn -0.976245 0.216123 -0.015388
vn -0.901974 0.427032 -0.063926
vn -0.896070 0.443878 -0.005591
vn -0.745534 0.663297 -0.064936
vn -0.728801 0.684670 0.008746
vn -0.448228 0.891421 -0.066788
vn -0.429296 0.902869 0.023051
vn -0.000000 0.997680 -0.068085
vn -0.000000 0.999566 0.029442
vn 0.448228 0.891421 -0.066788
vn 0.429296 0.902870 0.023051
vn 0.745534 0.663297 -0.064936
vn 0.728800 0.684670 0.008746
vn 0.901974 0.427033 -0.063926
vn 0.896070 0.443878 -0.005591
vn -0.935439 -0.264677 0.234306
vn -0.790782 -0.531640 0.303353
vn -0.796992 -0.524321 0.299817
vn -0.927881 -0.288518 0.236207
vn -0.553416 -0.718121 0.421939
vn -0.575413 -0.706471 0.412067
vn -0.277917 -0.812493 0.512462
vn -0.295871 -0.808842 0.508168
vn 0.000000 -0.839129 0.543933
vn 0.000000 -0.839129 0.543933
vn 0.277917 -0.812493 0.512462
vn 0.295872 -0.808842 0.508168
vn 0.553417 -0.718121 0.421938
vn 0.575413 -0.706471 0.412066
vn 0.790782 -0.531639 0.303353
vn 0.796993 -0.524321 0.299817
vn 0.935439 -0.264678 0.234306
vn 0.927881 -0.288518 0.236207
vn 0.957429 0.032122 0.286876
vn 0.963951 -0.030729 0.264298
vn 0.842712 0.295902 0.449754
vn 0.892237 0.222968 0.392681
vn 0.624872 0.466072 0.626348
vn 0.702507 0.422453 0.572728
vn 0.390344 0.542282 0.744017
vn 0.452324 0.528696 0.718251
vn 0.214958 0.566883 0.795259
vn 0.243338 0.564153 0.788998
vn 0.098874 0.570440 0.815366
vn 0.098940 0.570822 0.815091
vn -0.038552 0.572130 0.819256
vn -0.184082 0.567892 0.802255
vn -0.214118 0.565888 0.796194
vn -0.038552 0.572130 0.819256
vn -0.390345 0.542282 0.744017
vn -0.452325 0.528696 0.718250
vn -0.624872 0.466072 0.626348
vn -0.702506 0.422454 0.572728
vn -0.842712 0.295903 0.449754
vn -0.892237 0.222968 0.392680
vn -0.957429 0.032122 0.286875
vn -0.963952 -0.030729 0.264298
vn 0.887530 0.406601 -0.216718
vn 0.729162 0.660834 -0.177823
vn 0.528404 0.822444 -0.210653
vn 0.760316 0.624395 -0.179028
vn 0.487692 0.844704 -0.220526
vn 0.242806 0.925957 -0.289222
vn 0.195719 0.933206 -0.301366
vn -0.056338 0.931497 -0.359359
vn -0.106137 0.923864 -0.367710
vn -0.339629 0.854695 -0.392618
vn -0.387711 0.833337 -0.393991
vn -0.592071 0.710022 -0.381210
vn -0.633547 0.676846 -0.374830
vn -0.799359 0.502990 -0.328673
vn -0.829431 0.460361 -0.316404
vn -0.937756 0.239837 -0.251182
vn -0.952205 0.191648 -0.237860
vn -0.981328 -0.056901 -0.183731
vn -0.978508 -0.104732 -0.177631
vn -0.919348 -0.349551 -0.180594
vn -0.900318 -0.392125 -0.188856
vn -0.755896 -0.598688 -0.264940
vn -0.721423 -0.631794 -0.283524
vn -0.513778 -0.766823 -0.384726
vn -0.466637 -0.786560 -0.404443
vn -0.238424 -0.841457 -0.484876
vn -0.193806 -0.840687 -0.505652
vn 0.013508 -0.767914 -0.640411
vn 0.060697 -0.759001 -0.648255
vn 0.071711 -0.901892 -0.425967
vn 0.131283 -0.904184 -0.406469
vn 0.345387 -0.740847 -0.576068
vn 0.521057 -0.636847 -0.568266
vn 0.309756 -0.764614 -0.565169
vn 0.569188 -0.600182 -0.561967
vn 0.718505 -0.453666 -0.527198
vn 0.755678 -0.406857 -0.513243
vn 0.866830 -0.217825 -0.448506
vn 0.888680 -0.164175 -0.428128
vn 0.938450 0.062036 -0.339800
vn 0.940982 0.117304 -0.317480
vn 0.904494 0.357725 -0.232214
vn -0.854170 0.516689 -0.058535
vn -0.854170 0.516689 -0.058535
vn -0.854170 0.516689 -0.058535
vn -0.854170 0.516689 -0.058535
vn -0.732573 0.676681 -0.073754
vn -0.460150 0.884741 -0.074131
vn -0.000000 0.997111 -0.075964
vn 0.460150 0.884741 -0.074131
vn 0.732573 0.676681 -0.073754
vn 0.914604 0.397970 -0.071543
vn 0.973522 0.218557 -0.066988
vn 0.997439 0.035170 -0.062275
vn 0.986052 -0.156934 -0.055438
vn 0.922937 -0.381811 -0.049080
vn 0.764793 -0.642586 -0.046650
vn 0.455954 -0.888676 -0.048591
vn 0.095401 -0.994177 -0.050106
vn -0.239337 -0.969695 -0.049095
vn -0.510165 -0.858732 -0.048077
vn -0.764792 -0.642586 -0.046650
vn -0.922937 -0.381811 -0.049080
vn -0.986052 -0.156934 -0.055438
vn -0.997439 0.035170 -0.062275
vn -0.973522 0.218557 -0.066988
vn -0.914605 0.397969 -0.071543
vn 0.099395 0.033312 -0.994490
vn 0.099395 0.033312 -0.994490
vn 0.099395 0.033312 -0.994490
vn 0.099395 0.033312 -0.994490
vn -0.684356 -0.729113 0.007160
vn -0.684356 -0.729113 0.007160
vn -0.684356 -0.729113 0.007160
vn -0.684356 -0.729113 0.007160
vn -0.075809 -0.007976 0.997090
vn -0.075809 -0.007976 0.997090
vn -0.075809 -0.007976 0.997090
vn -0.075809 -0.007976 0.997090
vn 0.684864 0.728133 -0.027993
vn 0.684864 0.728133 -0.027993
vn 0.684864 0.728133 -0.027993
vn 0.684864 0.728133 -0.027993
vn 0.854168 0.516692 -0.058535
vn 0.854168 0.516692 -0.058535
vn 0.854168 0.516692 -0.058535
vn 0.854168 0.516692 -0.058535
vn 0.854168 0.516692 -0.058535
vn 0.854168 0.516692 -0.058535
vn 0.854168 0.516692 -0.058535
vn 0.854168 0.516692 -0.058535
vn 0.000000 0.000000 0.000000
vn 0.000000 0.000000 0.000000
vn 0.000000 0.000000 0.000000
vn 0.000000 0.000000 0.000000
vn 0.000000 0.000000 0.000000
vn 0.000000 0.000000 0.000000
vn 0.000000 0.000000 0.000000
vn 0.000000 0.000000 0.000000
vn 0.000000 0.000000 0.000000
vn 0.000000 0.000000 0.000000
vn 0.000000 0.000000 0.000000
vn 0.000000 0.000000 0.000000
vn 0.000000 0.000000 0.000000
vn 0.000000 0.000000 0.000000
vn 0.000000 0.000000 0.000000
vn 0.000000 0.000000 0.000000
vn 0.000000 0.000000 0.000000
vn 0.000000 0.000000 0.000000
vn 0.000000 0.000000 0.000000
vn 0.000000 0.000000 0.000000
vn 0.000000 0.000000 0.000000
vn 0.000000 0.000000 0.000000
vn 0.000000 0.000000 0.000000
vn 0.000000 0.000000 0.000000
vn 0.000000 0.000000 0.000000
vn 0.000000 0.000000 0.000000
vn 0.000000 0.000000 0.000000
vn 0.000000 0.000000 0.000000
vn 0.000000 0.000000 0.000000
vn 0.000000 0.000000 0.000000
vn 0.000000 0.000000 0.000000
vn 0.000000 0.000000 0.000000
vn 0.075761 -0.008005 0.997094
vn 0.075761 -0.008005 0.997094
vn 0.075608 -0.008098 0.997105
vn 0.075568 -0.008123 0.997108
vn 0.680654 -0.732567 0.007472
vn 0.680654 -0.732567 0.007472
vn 0.667469 -0.744588 0.008568
vn 0.667293 -0.744746 0.008583
vn -0.099191 0.033432 -0.994507
vn -0.099192 0.033432 -0.994507
vn -0.098383 0.033922 -0.994570
vn -0.098554 0.033818 -0.994557
vn -0.681167 0.731580 -0.028324
vn -0.681167 0.731580 -0.028324
vn -0.667791 0.743764 -0.029508
vn -0.668029 0.743551 -0.029487
vn 0.073872 -0.009149 0.997226
vn 0.073872 -0.009149 0.997226
vn 0.518469 -0.854868 0.019745
vn 0.518469 -0.854868 0.019745
vn -0.091303 0.038205 -0.995090
vn -0.091303 0.038205 -0.995090
vn -0.519200 0.853669 -0.040990
vn -0.519200 0.853669 -0.040990
vn 0.921714 -0.299485 0.246478
vn 0.784057 -0.569652 0.246478
vn 0.791473 -0.575042 0.207116
vn 0.930434 -0.302317 0.207117
vn 0.569650 -0.784058 0.246480
vn 0.575040 -0.791475 0.207117
vn 0.299481 -0.921716 0.246478
vn 0.302316 -0.930434 0.207115
vn -0.000000 -0.969150 0.246470
vn 0.000000 -0.978317 0.207112
vn -0.299479 -0.921717 0.246478
vn -0.302314 -0.930435 0.207117
vn -0.569649 -0.784057 0.246485
vn -0.575040 -0.791474 0.207119
vn -0.784057 -0.569650 0.246482
vn -0.791474 -0.575041 0.207118
vn -0.921714 -0.299484 0.246480
vn -0.930434 -0.302317 0.207119
vn -0.969148 0.000000 0.246480
vn -0.978316 0.000000 0.207117
vn -0.921715 0.299486 0.246474
vn -0.930434 0.302318 0.207115
vn -0.784057 0.569652 0.246475
vn -0.791473 0.575042 0.207114
vn -0.569650 0.784058 0.246480
vn -0.575040 0.791474 0.207117
vn -0.299481 0.921717 0.246474
vn -0.302317 0.930435 0.207114
vn 0.000000 0.969150 0.246472
vn -0.000000 0.978317 0.207113
vn 0.299479 0.921717 0.246477
vn 0.302315 0.930434 0.207118
vn 0.569649 0.784058 0.246481
vn 0.575039 0.791475 0.207118
vn 0.784058 0.569650 0.246479
vn 0.791474 0.575041 0.207116
vn 0.921714 0.299485 0.246478
vn 0.930434 0.302317 0.207118
vn 0.969148 0.000000 0.246480
vn 0.978316 0.000000 0.207118
vn -0.000032 0.000000 1.000000
vn 0.000000 0.000000 1.000000
vn 0.000000 0.000000 1.000000
vn -0.000032 0.000000 1.000000
vn 0.000000 0.000000 1.000000
vn 0.000032 0.000000 1.000000
vn 0.000032 0.000000 1.000000
vn 0.000032 0.000000 1.000000
vn 0.000016 0.000000 1.000000
vn -0.000016 0.000000 1.000000
vn 0.000000 0.000000 1.000000
vn 0.000000 0.000000 1.000000
vn 0.000032 0.000000 1.000000
vn 0.000032 0.000000 1.000000
vn 0.000000 0.000000 1.000000
vn -0.000032 0.000000 1.000000
vn -0.000032 0.000000 1.000000
vn -0.000032 0.000000 1.000000
vn -0.000016 0.000000 1.000000
vn 0.000016 0.000000 1.000000
vn 0.000000 0.000000 1.000000
vn 0.000000 0.000000 -1.000000
vn 0.000000 0.000000 -1.000000
vn 0.000000 0.000000 -1.000000
vn 0.000000 0.000000 -1.000000
vn 0.000000 0.000000 -1.000000
vn 0.000000 0.000000 -1.000000
vn 0.000000 0.000000 -1.000000
vn -0.000014 0.000000 -1.000000
vn -0.000014 0.000000 -1.000000
vn 0.000000 0.000000 -1.000000
vn 0.000000 0.000000 -1.000000
vn 0.000000 0.000000 -1.000000
vn 0.000000 0.000000 -1.000000
vn 0.000000 0.000000 -1.000000
vn 0.000000 0.000000 -1.000000
vn 0.000000 0.000000 -1.000000
vn 0.000000 0.000000 -1.000000
vn 0.000014 0.000000 -1.000000
vn 0.000014 0.000000 -1.000000
vn 0.000000 0.000000 -1.000000
vn 0.000000 0.000000 -1.000000
vn -0.938431 -0.304918 -0.162398
vn -0.986725 0.000001 -0.162399
vn -0.999880 0.000000 -0.015480
vn -0.950942 -0.308983 -0.015480
vn -0.798275 -0.579986 -0.162399
vn -0.808916 -0.587721 -0.015480
vn -0.579987 -0.798274 -0.162401
vn -0.587717 -0.808918 -0.015480
vn -0.304922 -0.938430 -0.162394
vn -0.308988 -0.950940 -0.015479
vn 0.000001 -0.986727 -0.162390
vn -0.000000 -0.999880 -0.015479
vn 0.304920 -0.938430 -0.162396
vn 0.308988 -0.950940 -0.015479
vn 0.579984 -0.798276 -0.162401
vn 0.587717 -0.808919 -0.015480
vn 0.798274 -0.579987 -0.162397
vn 0.808916 -0.587721 -0.015480
vn 0.938431 -0.304918 -0.162397
vn 0.950942 -0.308984 -0.015480
vn 0.986725 -0.000000 -0.162399
vn 0.999880 -0.000000 -0.015480
vn 0.938431 0.304918 -0.162394
vn 0.950941 0.308984 -0.015480
vn 0.798275 0.579986 -0.162399
vn 0.808916 0.587721 -0.015479
vn 0.579987 0.798273 -0.162402
vn 0.587718 0.808918 -0.015480
vn 0.304922 0.938430 -0.162392
vn 0.308988 0.950940 -0.015479
vn -0.000001 0.986726 -0.162392
vn 0.000000 0.999880 -0.015478
vn -0.304920 0.938430 -0.162395
vn -0.308988 0.950940 -0.015479
vn -0.579984 0.798275 -0.162403
vn -0.587717 0.808918 -0.015480
vn -0.798274 0.579988 -0.162396
vn -0.808916 0.587721 -0.015480
vn -0.938431 0.304919 -0.162392
vn -0.950942 0.308983 -0.015480
vn -0.942751 -0.306321 0.131862
vn -0.991268 0.000000 0.131862
vn -0.985537 0.000000 0.169463
vn -0.937301 -0.304549 0.169461
vn -0.801951 -0.582655 0.131862
vn -0.797316 -0.579284 0.169463
vn -0.582655 -0.801951 0.131862
vn -0.579286 -0.797314 0.169462
vn -0.306320 -0.942752 0.131860
vn -0.304545 -0.937303 0.169455
vn 0.000001 -0.991269 0.131856
vn 0.000000 -0.985539 0.169451
vn 0.306320 -0.942752 0.131858
vn 0.304544 -0.937303 0.169457
vn 0.582655 -0.801951 0.131861
vn 0.579287 -0.797314 0.169462
vn 0.801951 -0.582655 0.131861
vn 0.797317 -0.579283 0.169460
vn 0.942752 -0.306320 0.131861
vn 0.937301 -0.304548 0.169461
vn 0.991268 0.000000 0.131860
vn 0.985537 0.000001 0.169462
vn 0.942752 0.306321 0.131859
vn 0.937302 0.304549 0.169458
vn 0.801951 0.582656 0.131859
vn 0.797316 0.579285 0.169458
vn 0.582655 0.801951 0.131862
vn 0.579286 0.797314 0.169464
vn 0.306320 0.942752 0.131861
vn 0.304544 0.937302 0.169462
vn -0.000001 0.991269 0.131858
vn 0.000000 0.985537 0.169458
vn -0.306320 0.942752 0.131859
vn -0.304544 0.937303 0.169459
vn -0.582655 0.801951 0.131862
vn -0.579287 0.797314 0.169462
vn -0.801952 0.582655 0.131861
vn -0.797317 0.579283 0.169460
vn -0.942752 0.306321 0.131861
vn -0.937301 0.304549 0.169461
vn 0.808883 0.587697 0.017912
vn 0.950903 0.308972 0.017912
vn 0.587694 0.808885 0.017912
vn 0.308975 0.950901 0.017912
vn -0.000000 0.999840 0.017912
vn -0.308975 0.950901 0.017912
vn -0.587693 0.808886 0.017912
vn -0.808883 0.587697 0.017912
vn -0.950903 0.308970 0.017912
vn -0.999840 0.000000 0.017912
vn -0.950903 -0.308970 0.017912
vn -0.808883 -0.587697 0.017912
vn -0.587693 -0.808886 0.017912
vn -0.308975 -0.950901 0.017913
vn 0.000000 -0.999840 0.017912
vn 0.308975 -0.950901 0.017912
vn 0.587693 -0.808886 0.017912
vn 0.808883 -0.587697 0.017912
vn 0.950903 -0.308971 0.017912
vn 0.999840 0.000000 0.017912
s 1
g loftedSurface17
usemtl initialShadingGroup
f 2831/4026/3760 2819/4027/3761 2881/4028/3762 2880/4029/3763
f 2851/4030/3764 2821/4031/3765 2853/4032/3766 2852/4033/3767
f 2837/4034/3768 2823/4035/3769 2839/4036/3770 2838/4037/3771
f 2830/4038/3772 2825/4039/3773 2833/4040/3774 2832/4041/3775
f 2828/4042/3776 2824/4043/3777 2826/4044/3778 2829/4045/3779
f 2818/4046/3780 2828/4042/3776 2829/4045/3779 2827/4047/3781
f 2826/4044/3778 2830/4038/3772 2832/4041/3775 2829/4045/3779
f 2832/4041/3775 2831/4026/3760 2827/4047/3781 2829/4045/3779
f 2833/4040/3774 2819/4027/3761 2831/4026/3760 2832/4041/3775
f 2835/4048/3782 2822/4049/3783 2834/4050/3784 2836/4051/3785
f 2824/4043/3777 2835/4048/3782 2836/4051/3785 2826/4044/3778
f 2834/4050/3784 2837/4034/3768 2838/4037/3771 2836/4051/3785
f 2838/4037/3771 2830/4038/3772 2826/4044/3778 2836/4051/3785
f 2839/4036/3770 2825/4039/3773 2830/4038/3772 2838/4037/3771
f 2845/4052/3786 2841/4053/3787 2847/4054/3788 2846/4055/3789
f 2843/4056/3790 2840/4057/3791 2842/4058/3792 2844/4059/3793
f 2822/4049/3783 2843/4056/3790 2844/4059/3793 2834/4050/3784
f 2842/4058/3792 2845/4052/3786 2846/4055/3789 2844/4059/3793
f 2846/4055/3789 2837/4034/3768 2834/4050/3784 2844/4059/3793
f 2847/4054/3788 2823/4035/3769 2837/4034/3768 2846/4055/3789
f 2849/4060/3794 2820/4061/3795 2848/4062/3796 2850/4063/3797
f 2840/4057/3791 2849/4060/3794 2850/4063/3797 2842/4058/3792
f 2848/4062/3796 2851/4030/3764 2852/4033/3767 2850/4063/3797
f 2852/4033/3767 2845/4052/3786 2842/4058/3792 2850/4063/3797
f 2853/4032/3766 2841/4053/3787 2845/4052/3786 2852/4033/3767
f 2867/4064/3798 2855/4065/3799 2869/4066/3800 2868/4067/3801
f 2861/4068/3802 2857/4069/3803 2863/4070/3804 2862/4071/3805
f 2859/4072/3806 2856/4073/3807 2858/4074/3808 2860/4075/3809
f 2820/4061/3795 2859/4072/3806 2860/4075/3809 2848/4062/3796
f 2858/4074/3808 2861/4068/3802 2862/4071/3805 2860/4075/3809
f 2862/4071/3805 2851/4030/3764 2848/4062/3796 2860/4075/3809
f 2863/4070/3804 2821/4031/3765 2851/4030/3764 2862/4071/3805
f 2865/4076/3810 2854/4077/3811 2864/4078/3812 2866/4079/3813
f 2856/4073/3807 2865/4076/3810 2866/4079/3813 2858/4074/3808
f 2864/4078/3812 2867/4064/3798 2868/4067/3801 2866/4079/3813
f 2868/4067/3801 2861/4068/3802 2858/4074/3808 2866/4079/3813
f 2869/4066/3800 2857/4069/3803 2861/4068/3802 2868/4067/3801
f 2875/4080/3814 2871/4081/3815 2877/4082/3816 2876/4083/3817
f 2873/4084/3818 2870/4085/3819 2872/4086/3820 2874/4087/3821
f 2854/4077/3811 2873/4084/3818 2874/4087/3821 2864/4078/3812
f 2872/4086/3820 2875/4080/3814 2876/4083/3817 2874/4087/3821
f 2876/4083/3817 2867/4064/3798 2864/4078/3812 2874/4087/3821
f 2877/4082/3816 2855/4065/3799 2867/4064/3798 2876/4083/3817
f 2878/4088/3822 2818/4046/3780 2827/4047/3781 2879/4089/3823
f 2870/4085/3819 2878/4088/3822 2879/4089/3823 2872/4086/3820
f 2827/4047/3781 2831/4026/3760 2880/4029/3763 2879/4089/3823
f 2880/4029/3763 2875/4080/3814 2872/4086/3820 2879/4089/3823
f 2881/4028/3762 2871/4081/3815 2875/4080/3814 2880/4029/3763
s 12
f 2824/4043/3824 2828/4042/3825 2882/4090/3826 2883/4091/3827
f 2828/4042/3825 2818/4046/3828 2884/4092/3829 2882/4090/3826
f 2822/4049/3830 2835/4048/3831 2885/4093/3832 2886/4094/3833
f 2835/4048/3831 2824/4043/3824 2883/4091/3827 2885/4093/3832
f 2840/4057/3834 2843/4056/3835 2887/4095/3836 2888/4096/3837
f 2843/4056/3835 2822/4049/3830 2886/4094/3833 2887/4095/3836
f 2820/4061/3838 2849/4060/3839 2889/4097/3840 2890/4098/3841
f 2849/4060/3839 2840/4057/3834 2888/4096/3837 2889/4097/3840
f 2856/4073/3842 2859/4072/3843 2891/4099/3844 2892/4100/3845
f 2859/4072/3843 2820/4061/3838 2890/4098/3841 2891/4099/3844
f 2854/4077/3846 2865/4076/3847 2893/4101/3848 2894/4102/3849
f 2865/4076/3847 2856/4073/3842 2892/4100/3845 2893/4101/3848
f 2870/4085/3850 2873/4084/3851 2895/4103/3852 2896/4104/3853
f 2873/4084/3851 2854/4077/3846 2894/4102/3849 2895/4103/3852
f 2818/4046/3828 2878/4088/3854 2897/4105/3855 2884/4092/3829
f 2878/4088/3854 2870/4085/3850 2896/4104/3853 2897/4105/3855
s 13
f 2883/4091/3856 2882/4090/3857 2949/4106/3858 2950/4107/3859
f 2882/4090/3857 2884/4092/3860 2948/4108/3861 2949/4106/3858
f 2886/4094/3862 2885/4093/3863 2951/4109/3864 2952/4110/3865
f 2885/4093/3863 2883/4091/3856 2950/4107/3859 2951/4109/3864
f 2888/4096/3866 2887/4095/3867 2953/4111/3868 2954/4112/3869
f 2887/4095/3867 2886/4094/3862 2952/4110/3865 2953/4111/3868
f 2890/4098/3870 2889/4097/3871 2955/4113/3872 2956/4114/3873
f 2889/4097/3871 2888/4096/3866 2954/4112/3869 2955/4113/3872
f 2892/4100/3874 2891/4099/3875 2957/4115/3876 2958/4116/3877
f 2891/4099/3875 2890/4098/3870 2956/4114/3873 2957/4115/3876
f 2894/4102/3878 2893/4101/3879 2959/4117/3880 2960/4118/3881
f 2893/4101/3879 2892/4100/3874 2958/4116/3877 2959/4117/3880
f 2896/4104/3882 2895/4103/3883 2961/4119/3884 2946/4120/3885
f 2895/4103/3883 2894/4102/3878 2960/4118/3881 2961/4119/3884
f 2884/4092/3860 2897/4105/3886 2947/4121/3887 2948/4108/3861
f 2897/4105/3886 2896/4104/3882 2946/4120/3885 2947/4121/3887
s 14
f 2899/5341/3888 2898/5343/3889 2914/4124/3890 2915/4125/3891
f 2898/5343/3889 2900/5330/3892 2916/4127/3893 2914/4124/3890
f 2902/5339/3894 2901/5342/3895 2917/4130/3896 2918/4131/3897
f 2901/5342/3895 2899/5341/3888 2915/4125/3891 2917/4130/3896
f 2904/5337/3898 2903/5340/3899 2919/4134/3900 2920/4135/3901
f 2903/5340/3899 2902/5339/3894 2918/4131/3897 2919/4134/3900
f 2906/5335/3902 2905/5338/3903 2921/4138/3904 2922/4139/3905
f 2905/5338/3903 2904/5337/3898 2920/4135/3901 2921/4138/3904
f 2908/5333/3906 2907/5336/3907 2923/4142/3908 2924/4143/3909
f 2907/5336/3907 2906/5335/3902 2922/4139/3905 2923/4142/3908
f 2910/5331/3910 2909/5334/3911 2925/4146/3912 2926/4147/3913
f 2909/5334/3911 2908/5333/3906 2924/4143/3909 2925/4146/3912
f 2912/5328/3914 2911/5332/3915 2927/4150/3916 2928/4151/3917
f 2911/5332/3915 2910/5331/3910 2926/4147/3913 2927/4150/3916
f 2900/5330/3892 2913/5329/3918 2929/4153/3919 2916/4127/3893
f 2913/5329/3918 2912/5328/3914 2928/4151/3917 2929/4153/3919
s 15
f 2915/4125/3920 2914/4124/3921 2930/4154/3922 2931/4155/3923
f 2914/4124/3921 2916/4127/3924 2932/4156/3925 2930/4154/3922
f 2918/4131/3926 2917/4130/3927 2933/4157/3928 2934/4158/3929
f 2917/4130/3927 2915/4125/3920 2931/4155/3923 2933/4157/3928
f 2920/4135/3930 2919/4134/3931 2935/4159/3932 2936/4160/3933
f 2919/4134/3931 2918/4131/3926 2934/4158/3929 2935/4159/3932
f 2922/4139/3934 2921/4138/3935 2937/4161/3936 2938/4162/3937
f 2921/4138/3935 2920/4135/3930 2936/4160/3933 2937/4161/3936
f 2924/4143/3938 2923/4142/3939 2939/4163/3940 2940/4164/3941
f 2923/4142/3939 2922/4139/3934 2938/4162/3937 2939/4163/3940
f 2926/4147/3942 2925/4146/3943 2941/4165/3944 2942/4166/3945
f 2925/4146/3943 2924/4143/3938 2940/4164/3941 2941/4165/3944
f 2928/4151/3946 2927/4150/3947 2943/4167/3948 2944/4168/3949
f 2927/4150/3947 2926/4147/3942 2942/4166/3945 2943/4167/3948
f 2916/4127/3924 2929/4153/3950 2945/4169/3951 2932/4156/3925
f 2929/4153/3950 2928/4151/3946 2944/4168/3949 2945/4169/3951
s 13
f 2947/4121/3887 2946/4120/3885 2912/4148/3952 2913/4152/3953
f 2948/4108/3861 2947/4121/3887 2913/4152/3953 2900/4126/3954
f 2949/4106/3858 2948/4108/3861 2900/4126/3954 2898/4123/3955
f 2950/4107/3859 2949/4106/3858 2898/4123/3955 2899/4122/3956
f 2951/4109/3864 2950/4107/3859 2899/4122/3956 2901/4129/3957
f 2952/4110/3865 2951/4109/3864 2901/4129/3957 2902/4128/3958
f 2953/4111/3868 2952/4110/3865 2902/4128/3958 2903/4133/3959
f 2954/4112/3869 2953/4111/3868 2903/4133/3959 2904/4132/3960
f 2955/4113/3872 2954/4112/3869 2904/4132/3960 2905/4137/3961
f 2956/4114/3873 2955/4113/3872 2905/4137/3961 2906/4136/3962
f 2957/4115/3876 2956/4114/3873 2906/4136/3962 2907/4141/3963
f 2958/4116/3877 2957/4115/3876 2907/4141/3963 2908/4140/3964
f 2959/4117/3880 2958/4116/3877 2908/4140/3964 2909/4145/3965
f 2960/4118/3881 2959/4117/3880 2909/4145/3965 2910/4144/3966
f 2961/4119/3884 2960/4118/3881 2910/4144/3966 2911/4149/3967
f 2946/4120/3885 2961/4119/3884 2911/4149/3967 2912/4148/3952
s 16
f 2962/4170/3968 2963/4171/3969 2983/4172/3970 2982/4173/3971
f 2963/4171/3969 2964/4174/3972 2984/4175/3973 2983/4172/3970
f 2964/4174/3972 2965/4176/3974 2985/4177/3975 2984/4175/3973
f 2965/4176/3974 2966/4178/3976 2986/4179/3977 2985/4177/3975
f 2966/4178/3976 2967/4180/3978 2987/4181/3979 2986/4179/3977
f 2967/4180/3978 2968/4182/3980 2988/4183/3981 2987/4181/3979
f 2968/4182/3980 2969/4184/3982 2989/4185/3983 2988/4183/3981
f 2969/4184/3982 2970/4186/3984 2990/4187/3985 2989/4185/3983
f 2970/4186/3984 2971/4188/3986 2991/4189/3987 2990/4187/3985
f 2971/4188/3986 2972/4190/3988 2992/4191/3989 2991/4189/3987
f 2972/4190/3988 2973/4192/3990 2993/4193/3991 2992/4191/3989
f 2973/4192/3990 2974/4194/3992 2994/4195/3993 2993/4193/3991
f 2974/4194/3992 2975/4196/3994 2995/4197/3995 2994/4195/3993
f 2975/4196/3994 2976/4198/3996 2996/4199/3997 2995/4197/3995
f 2976/4198/3996 2977/4200/3998 2997/4201/3999 2996/4199/3997
f 2977/4200/3998 2978/4202/4000 2998/4203/4001 2997/4201/3999
f 2978/4202/4000 2979/4204/4002 2999/4205/4003 2998/4203/4001
f 2979/4204/4002 2980/4206/4004 3000/4207/4005 2999/4205/4003
f 2980/4206/4004 2981/4208/4006 3001/4209/4007 3000/4207/4005
f 2981/4208/4006 2962/4170/3968 2982/4173/3971 3001/4209/4007
f 2982/4173/3971 2983/4172/3970 3003/4210/4008 3002/4211/4009
f 2983/4172/3970 2984/4175/3973 3004/4212/4010 3003/4210/4008
f 2984/4175/3973 2985/4177/3975 3005/4213/4011 3004/4212/4010
f 2985/4177/3975 2986/4179/3977 3006/4214/4012 3005/4213/4011
f 2986/4179/3977 2987/4181/3979 3007/4215/4013 3006/4214/4012
f 2987/4181/3979 2988/4183/3981 3008/4216/4014 3007/4215/4013
f 2988/4183/3981 2989/4185/3983 3009/4217/4015 3008/4216/4014
f 2989/4185/3983 2990/4187/3985 3010/4218/4016 3009/4217/4015
f 2990/4187/3985 2991/4189/3987 3011/4219/4017 3010/4218/4016
f 2991/4189/3987 2992/4191/3989 3012/4220/4018 3011/4219/4017
f 2992/4191/3989 2993/4193/3991 3013/4221/4019 3012/4220/4018
f 2993/4193/3991 2994/4195/3993 3014/4222/4020 3013/4221/4019
f 2994/4195/3993 2995/4197/3995 3015/4223/4021 3014/4222/4020
f 2995/4197/3995 2996/4199/3997 3016/4224/4022 3015/4223/4021
f 2996/4199/3997 2997/4201/3999 3017/4225/4023 3016/4224/4022
f 2997/4201/3999 2998/4203/4001 3018/4226/4024 3017/4225/4023
f 2998/4203/4001 2999/4205/4003 3019/4227/4025 3018/4226/4024
f 2999/4205/4003 3000/4207/4005 3020/4228/4026 3019/4227/4025
f 3000/4207/4005 3001/4209/4007 3021/4229/4027 3020/4228/4026
f 3001/4209/4007 2982/4173/3971 3002/4211/4009 3021/4229/4027
f 3002/4211/4009 3003/4210/4008 3023/4230/4028 3022/4231/4029
f 3003/4210/4008 3004/4212/4010 3024/4232/4030 3023/4230/4028
f 3004/4212/4010 3005/4213/4011 3025/4233/4031 3024/4232/4030
f 3005/4213/4011 3006/4214/4012 3026/4234/4032 3025/4233/4031
f 3006/4214/4012 3007/4215/4013 3027/4235/4033 3026/4234/4032
f 3007/4215/4013 3008/4216/4014 3028/4236/4034 3027/4235/4033
f 3008/4216/4014 3009/4217/4015 3029/4237/4035 3028/4236/4034
f 3009/4217/4015 3010/4218/4016 3030/4238/4036 3029/4237/4035
f 3010/4218/4016 3011/4219/4017 3031/4239/4037 3030/4238/4036
f 3011/4219/4017 3012/4220/4018 3032/4240/4038 3031/4239/4037
f 3012/4220/4018 3013/4221/4019 3033/4241/4039 3032/4240/4038
f 3013/4221/4019 3014/4222/4020 3034/4242/4040 3033/4241/4039
f 3014/4222/4020 3015/4223/4021 3035/4243/4041 3034/4242/4040
f 3015/4223/4021 3016/4224/4022 3036/4244/4042 3035/4243/4041
f 3016/4224/4022 3017/4225/4023 3037/4245/4043 3036/4244/4042
f 3017/4225/4023 3018/4226/4024 3038/4246/4044 3037/4245/4043
f 3018/4226/4024 3019/4227/4025 3039/4247/4045 3038/4246/4044
f 3019/4227/4025 3020/4228/4026 3040/4248/4046 3039/4247/4045
f 3020/4228/4026 3021/4229/4027 3041/4249/4047 3040/4248/4046
f 3021/4229/4027 3002/4211/4009 3022/4231/4029 3041/4249/4047
f 3022/4231/4029 3023/4230/4028 3043/4250/4048 3042/4251/4049
f 3023/4230/4028 3024/4232/4030 3044/4252/4050 3043/4250/4048
f 3024/4232/4030 3025/4233/4031 3045/4253/4051 3044/4252/4050
f 3025/4233/4031 3026/4234/4032 3046/4254/4052 3045/4253/4051
f 3026/4234/4032 3027/4235/4033 3047/4255/4053 3046/4254/4052
f 3027/4235/4033 3028/4236/4034 3048/4256/4054 3047/4255/4053
f 3028/4236/4034 3029/4237/4035 3049/4257/4055 3048/4256/4054
f 3029/4237/4035 3030/4238/4036 3050/4258/4056 3049/4257/4055
f 3030/4238/4036 3031/4239/4037 3051/4259/4057 3050/4258/4056
f 3031/4239/4037 3032/4240/4038 3052/4260/4058 3051/4259/4057
f 3032/4240/4038 3033/4241/4039 3053/4261/4059 3052/4260/4058
f 3033/4241/4039 3034/4242/4040 3054/4262/4060 3053/4261/4059
f 3034/4242/4040 3035/4243/4041 3055/4263/4061 3054/4262/4060
f 3035/4243/4041 3036/4244/4042 3056/4264/4062 3055/4263/4061
f 3036/4244/4042 3037/4245/4043 3057/4265/4063 3056/4264/4062
f 3037/4245/4043 3038/4246/4044 3058/4266/4064 3057/4265/4063
f 3038/4246/4044 3039/4247/4045 3059/4267/4065 3058/4266/4064
f 3039/4247/4045 3040/4248/4046 3060/4268/4066 3059/4267/4065
f 3040/4248/4046 3041/4249/4047 3061/4269/4067 3060/4268/4066
f 3041/4249/4047 3022/4231/4029 3042/4251/4049 3061/4269/4067
f 3042/4251/4049 3043/4250/4048 3063/4270/4068 3062/4271/4069
f 3043/4250/4048 3044/4252/4050 3064/4272/4070 3063/4270/4068
f 3044/4252/4050 3045/4253/4051 3065/4273/4071 3064/4272/4070
f 3045/4253/4051 3046/4254/4052 3066/4274/4072 3065/4273/4071
f 3046/4254/4052 3047/4255/4053 3067/4275/4073 3066/4274/4072
f 3047/4255/4053 3048/4256/4054 3068/4276/4074 3067/4275/4073
f 3048/4256/4054 3049/4257/4055 3069/4277/4075 3068/4276/4074
f 3049/4257/4055 3050/4258/4056 3070/4278/4076 3069/4277/4075
f 3050/4258/4056 3051/4259/4057 3071/4279/4077 3070/4278/4076
f 3051/4259/4057 3052/4260/4058 3072/4280/4078 3071/4279/4077
f 3052/4260/4058 3053/4261/4059 3073/4281/4079 3072/4280/4078
f 3053/4261/4059 3054/4262/4060 3074/4282/4080 3073/4281/4079
f 3054/4262/4060 3055/4263/4061 3075/4283/4081 3074/4282/4080
f 3055/4263/4061 3056/4264/4062 3076/4284/4082 3075/4283/4081
f 3056/4264/4062 3057/4265/4063 3077/4285/4083 3076/4284/4082
f 3057/4265/4063 3058/4266/4064 3078/4286/4084 3077/4285/4083
f 3058/4266/4064 3059/4267/4065 3079/4287/4085 3078/4286/4084
f 3059/4267/4065 3060/4268/4066 3080/4288/4086 3079/4287/4085
f 3060/4268/4066 3061/4269/4067 3081/4289/4087 3080/4288/4086
f 3061/4269/4067 3042/4251/4049 3062/4271/4069 3081/4289/4087
f 3062/4271/4069 3063/4270/4068 3083/4290/4088 3082/4291/4089
f 3063/4270/4068 3064/4272/4070 3084/4292/4090 3083/4290/4088
f 3064/4272/4070 3065/4273/4071 3085/4293/4091 3084/4292/4090
f 3065/4273/4071 3066/4274/4072 3086/4294/4092 3085/4293/4091
f 3066/4274/4072 3067/4275/4073 3087/4295/4093 3086/4294/4092
f 3067/4275/4073 3068/4276/4074 3088/4296/4094 3087/4295/4093
f 3068/4276/4074 3069/4277/4075 3089/4297/4095 3088/4296/4094
f 3069/4277/4075 3070/4278/4076 3090/4298/4096 3089/4297/4095
f 3070/4278/4076 3071/4279/4077 3091/4299/4097 3090/4298/4096
f 3071/4279/4077 3072/4280/4078 3092/4300/4098 3091/4299/4097
f 3072/4280/4078 3073/4281/4079 3093/4301/4099 3092/4300/4098
f 3073/4281/4079 3074/4282/4080 3094/4302/4100 3093/4301/4099
f 3074/4282/4080 3075/4283/4081 3095/4303/4101 3094/4302/4100
f 3075/4283/4081 3076/4284/4082 3096/4304/4102 3095/4303/4101
f 3076/4284/4082 3077/4285/4083 3097/4305/4103 3096/4304/4102
f 3077/4285/4083 3078/4286/4084 3098/4306/4104 3097/4305/4103
f 3078/4286/4084 3079/4287/4085 3099/4307/4105 3098/4306/4104
f 3079/4287/4085 3080/4288/4086 3100/4308/4106 3099/4307/4105
f 3080/4288/4086 3081/4289/4087 3101/4309/4107 3100/4308/4106
f 3081/4289/4087 3062/4271/4069 3082/4291/4089 3101/4309/4107
f 3082/4291/4089 3083/4290/4088 3103/4310/4108 3102/4311/4109
f 3083/4290/4088 3084/4292/4090 3104/4312/4110 3103/4310/4108
f 3084/4292/4090 3085/4293/4091 3105/4313/4111 3104/4312/4110
f 3085/4293/4091 3086/4294/4092 3106/4314/4112 3105/4313/4111
f 3086/4294/4092 3087/4295/4093 3107/4315/4113 3106/4314/4112
f 3087/4295/4093 3088/4296/4094 3108/4316/4114 3107/4315/4113
f 3088/4296/4094 3089/4297/4095 3109/4317/4115 3108/4316/4114
f 3089/4297/4095 3090/4298/4096 3110/4318/4116 3109/4317/4115
f 3090/4298/4096 3091/4299/4097 3111/4319/4117 3110/4318/4116
f 3091/4299/4097 3092/4300/4098 3112/4320/4118 3111/4319/4117
f 3092/4300/4098 3093/4301/4099 3113/4321/4119 3112/4320/4118
f 3093/4301/4099 3094/4302/4100 3114/4322/4120 3113/4321/4119
f 3094/4302/4100 3095/4303/4101 3115/4323/4121 3114/4322/4120
f 3095/4303/4101 3096/4304/4102 3116/4324/4122 3115/4323/4121
f 3096/4304/4102 3097/4305/4103 3117/4325/4123 3116/4324/4122
f 3097/4305/4103 3098/4306/4104 3118/4326/4124 3117/4325/4123
f 3098/4306/4104 3099/4307/4105 3119/4327/4125 3118/4326/4124
f 3099/4307/4105 3100/4308/4106 3120/4328/4126 3119/4327/4125
f 3100/4308/4106 3101/4309/4107 3121/4329/4127 3120/4328/4126
f 3101/4309/4107 3082/4291/4089 3102/4311/4109 3121/4329/4127
f 3102/4311/4109 3103/4310/4108 3123/4330/4128 3122/4331/4129
f 3103/4310/4108 3104/4312/4110 3124/4332/4130 3123/4330/4128
f 3104/4312/4110 3105/4313/4111 3125/4333/4131 3124/4332/4130
f 3105/4313/4111 3106/4314/4112 3126/4334/4132 3125/4333/4131
f 3106/4314/4112 3107/4315/4113 3127/4335/4133 3126/4334/4132
f 3107/4315/4113 3108/4316/4114 3128/4336/4134 3127/4335/4133
f 3108/4316/4114 3109/4317/4115 3129/4337/4135 3128/4336/4134
f 3109/4317/4115 3110/4318/4116 3130/4338/4136 3129/4337/4135
f 3110/4318/4116 3111/4319/4117 3131/4339/4137 3130/4338/4136
f 3111/4319/4117 3112/4320/4118 3132/4340/4138 3131/4339/4137
f 3112/4320/4118 3113/4321/4119 3133/4341/4139 3132/4340/4138
f 3113/4321/4119 3114/4322/4120 3134/4342/4140 3133/4341/4139
f 3114/4322/4120 3115/4323/4121 3135/4343/4141 3134/4342/4140
f 3115/4323/4121 3116/4324/4122 3136/4344/4142 3135/4343/4141
f 3116/4324/4122 3117/4325/4123 3137/4345/4143 3136/4344/4142
f 3117/4325/4123 3118/4326/4124 3138/4346/4144 3137/4345/4143
f 3118/4326/4124 3119/4327/4125 3139/4347/4145 3138/4346/4144
f 3119/4327/4125 3120/4328/4126 3140/4348/4146 3139/4347/4145
f 3120/4328/4126 3121/4329/4127 3141/4349/4147 3140/4348/4146
f 3121/4329/4127 3102/4311/4109 3122/4331/4129 3141/4349/4147
f 3122/4331/4129 3123/4330/4128 3143/4350/4148 3142/4351/4149
f 3123/4330/4128 3124/4332/4130 3144/4352/4150 3143/4350/4148
f 3124/4332/4130 3125/4333/4131 3145/4353/4151 3144/4352/4150
f 3125/4333/4131 3126/4334/4132 3146/4354/4152 3145/4353/4151
f 3126/4334/4132 3127/4335/4133 3147/4355/4153 3146/4354/4152
f 3127/4335/4133 3128/4336/4134 3148/4356/4154 3147/4355/4153
f 3128/4336/4134 3129/4337/4135 3149/4357/4155 3148/4356/4154
f 3129/4337/4135 3130/4338/4136 3150/4358/4156 3149/4357/4155
f 3130/4338/4136 3131/4339/4137 3151/4359/4157 3150/4358/4156
f 3131/4339/4137 3132/4340/4138 3152/4360/4158 3151/4359/4157
f 3132/4340/4138 3133/4341/4139 3153/4361/4159 3152/4360/4158
f 3133/4341/4139 3134/4342/4140 3154/4362/4160 3153/4361/4159
f 3134/4342/4140 3135/4343/4141 3155/4363/4161 3154/4362/4160
f 3135/4343/4141 3136/4344/4142 3156/4364/4162 3155/4363/4161
f 3136/4344/4142 3137/4345/4143 3157/4365/4163 3156/4364/4162
f 3137/4345/4143 3138/4346/4144 3158/4366/4164 3157/4365/4163
f 3138/4346/4144 3139/4347/4145 3159/4367/4165 3158/4366/4164
f 3139/4347/4145 3140/4348/4146 3160/4368/4166 3159/4367/4165
f 3140/4348/4146 3141/4349/4147 3161/4369/4167 3160/4368/4166
f 3141/4349/4147 3122/4331/4129 3142/4351/4149 3161/4369/4167
f 3142/4351/4149 3143/4350/4148 3162/4370/4168
f 3143/4350/4148 3144/4352/4150 3162/4370/4168
f 3144/4352/4150 3145/4353/4151 3162/4370/4168
f 3145/4353/4151 3146/4354/4152 3162/4370/4168
f 3146/4354/4152 3147/4355/4153 3162/4370/4168
f 3147/4355/4153 3148/4356/4154 3162/4370/4168
f 3148/4356/4154 3149/4357/4155 3162/4370/4168
f 3149/4357/4155 3150/4358/4156 3162/4370/4168
f 3150/4358/4156 3151/4359/4157 3162/4370/4168
f 3151/4359/4157 3152/4360/4158 3162/4370/4168
f 3152/4360/4158 3153/4361/4159 3162/4370/4168
f 3153/4361/4159 3154/4362/4160 3162/4370/4168
f 3154/4362/4160 3155/4363/4161 3162/4370/4168
f 3155/4363/4161 3156/4364/4162 3162/4370/4168
f 3156/4364/4162 3157/4365/4163 3162/4370/4168
f 3157/4365/4163 3158/4366/4164 3162/4370/4168
f 3158/4366/4164 3159/4367/4165 3162/4370/4168
f 3159/4367/4165 3160/4368/4166 3162/4370/4168
f 3160/4368/4166 3161/4369/4167 3162/4370/4168
f 3161/4369/4167 3142/4351/4149 3162/4370/4168
s 17
f 2962/4170/4169 3224/5327/4170 3225/5326/4171 2963/4171/4172
f 2963/4171/4172 3225/5326/4171 3226/5325/4173 2964/4174/4174
f 2964/4174/4174 3226/5325/4173 3227/5324/4175 2965/4176/4176
f 2965/4176/4176 3227/5324/4175 3228/5323/4177 2966/4178/4178
f 2966/4178/4178 3228/5323/4177 3229/5322/4179 2967/4180/4180
f 2967/4180/4180 3229/5322/4179 3230/5321/4181 2968/4182/4182
f 2968/4182/4182 3230/5321/4181 3231/5320/4183 2969/4184/4184
f 2969/4184/4184 3231/5320/4183 3232/5319/4185 2970/4186/4186
f 2970/4186/4186 3232/5319/4185 3233/5318/4187 2971/4188/4188
f 2971/4188/4188 3233/5318/4187 3234/5317/4189 2972/4190/4190
f 2972/4190/4190 3234/5317/4189 3235/5316/4191 2973/4192/4192
f 2973/4192/4192 3235/5316/4191 3236/5315/4193 2974/4194/4194
f 2974/4194/4194 3236/5315/4193 3237/5314/4195 2975/4196/4196
f 2975/4196/4196 3237/5314/4195 3238/5313/4197 2976/4198/4198
f 2976/4198/4198 3238/5313/4197 3239/5312/4199 2977/4200/4200
f 2977/4200/4200 3239/5312/4199 3240/5311/4201 2978/4202/4202
f 2978/4202/4202 3240/5311/4201 3241/5310/4203 2979/4204/4204
f 2979/4204/4204 3241/5310/4203 3242/5308/4205 2980/4206/4206
f 2980/4206/4206 3242/5308/4205 3223/4390/4207 2981/4208/4208
f 2981/4208/4208 3223/4390/4207 3224/5327/4170 2962/4170/4169
f 3183/4391/4209 3261/4392/4210 3262/4393/4211 3184/4394/4212
f 3185/4395/4213 3184/4394/4212 3262/4393/4211 3243/4396/4214
f 3186/4397/4215 3185/4395/4213 3243/4396/4214 3244/4398/4216
f 3187/4399/4217 3186/4397/4215 3244/4398/4216 3245/4400/4218
f 3188/4401/4219 3187/4399/4217 3245/4400/4218 3246/4402/4220
f 3189/4403/4221 3188/4401/4219 3246/4402/4220 3247/4404/4222
f 3190/4405/4223 3189/4403/4221 3247/4404/4222 3248/4406/4224
f 3191/4407/4225 3190/4405/4223 3248/4406/4224 3249/4408/4226
f 3192/4409/4227 3191/4407/4225 3249/4408/4226 3250/4410/4228
f 3193/4411/4229 3192/4409/4227 3250/4410/4228 3251/4412/4230
f 3194/4413/4231 3193/4411/4229 3251/4412/4230 3252/4414/4232
f 3195/4415/4233 3194/4413/4231 3252/4414/4232 3253/4416/4234
f 3196/4417/4235 3195/4415/4233 3253/4416/4234 3254/4418/4236
f 3197/4419/4237 3196/4417/4235 3254/4418/4236 3255/4420/4238
f 3198/4421/4239 3197/4419/4237 3255/4420/4238 3256/4422/4240
f 3199/4423/4241 3198/4421/4239 3256/4422/4240 3257/4424/4242
f 3200/4425/4243 3199/4423/4241 3257/4424/4242 3258/4426/4244
f 3201/4427/4245 3200/4425/4243 3258/4426/4244 3259/4428/4246
f 3202/4429/4247 3201/4427/4245 3259/4428/4246 3260/4430/4248
f 3183/4391/4209 3202/4429/4247 3260/4430/4248 3261/4392/4210
f 3203/4431/4249 3301/4432/4250 3302/4433/4251 3204/4434/4252
f 3205/4435/4253 3204/4434/4252 3302/4433/4251 3283/4436/4254
f 3206/4437/4255 3205/4435/4253 3283/4436/4254 3284/4438/4256
f 3207/4439/4257 3206/4437/4255 3284/4438/4256 3285/4440/4258
f 3208/4441/4259 3207/4439/4257 3285/4440/4258 3286/4442/4260
f 3209/4443/4261 3208/4441/4259 3286/4442/4260 3287/4444/4262
f 3210/4445/4263 3209/4443/4261 3287/4444/4262 3288/4446/4264
f 3211/4447/4265 3210/4445/4263 3288/4446/4264 3289/4448/4266
f 3212/4449/4267 3211/4447/4265 3289/4448/4266 3290/4450/4268
f 3213/4451/4269 3212/4449/4267 3290/4450/4268 3291/4452/4270
f 3214/4453/4271 3213/4451/4269 3291/4452/4270 3292/4454/4272
f 3215/4455/4273 3214/4453/4271 3292/4454/4272 3293/4456/4274
f 3216/4457/4275 3215/4455/4273 3293/4456/4274 3294/4458/4276
f 3217/4459/4277 3216/4457/4275 3294/4458/4276 3295/4460/4278
f 3218/4461/4279 3217/4459/4277 3295/4460/4278 3296/4462/4280
f 3219/4463/4281 3218/4461/4279 3296/4462/4280 3297/4464/4282
f 3220/4465/4283 3219/4463/4281 3297/4464/4282 3298/4466/4284
f 3221/4467/4285 3220/4465/4283 3298/4466/4284 3299/4468/4286
f 3222/4469/4287 3221/4467/4285 3299/4468/4286 3300/4470/4288
f 3203/4431/4249 3222/4469/4287 3300/4470/4288 3301/4432/4250
f 3223/5309/4207 3185/4395/4213 3186/4397/4215 3224/4371/4170
f 3225/4372/4171 3224/4371/4170 3186/4397/4215 3187/4399/4217
f 3226/4373/4173 3225/4372/4171 3187/4399/4217 3188/4401/4219
f 3227/4374/4175 3226/4373/4173 3188/4401/4219 3189/4403/4221
f 3228/4375/4177 3227/4374/4175 3189/4403/4221 3190/4405/4223
f 3229/4376/4179 3228/4375/4177 3190/4405/4223 3191/4407/4225
f 3230/4377/4181 3229/4376/4179 3191/4407/4225 3192/4409/4227
f 3231/4378/4183 3230/4377/4181 3192/4409/4227 3193/4411/4229
f 3232/4379/4185 3231/4378/4183 3193/4411/4229 3194/4413/4231
f 3233/4380/4187 3232/4379/4185 3194/4413/4231 3195/4415/4233
f 3234/4381/4189 3233/4380/4187 3195/4415/4233 3196/4417/4235
f 3235/4382/4191 3234/4381/4189 3196/4417/4235 3197/4419/4237
f 3236/4383/4193 3235/4382/4191 3197/4419/4237 3198/4421/4239
f 3237/4384/4195 3236/4383/4193 3198/4421/4239 3199/4423/4241
f 3238/4385/4197 3237/4384/4195 3199/4423/4241 3200/4425/4243
f 3239/4386/4199 3238/4385/4197 3200/4425/4243 3201/4427/4245
f 3240/4387/4201 3239/4386/4199 3201/4427/4245 3202/4429/4247
f 3241/4388/4203 3240/4387/4201 3202/4429/4247 3183/4391/4209
f 3242/4389/4205 3241/4388/4203 3183/4391/4209 3184/4394/4212
f 3223/5309/4207 3242/4389/4205 3184/4394/4212 3185/4395/4213
f 3244/4398/4216 3243/4396/4214 3263/4471/4289 3264/4472/4290
f 3245/4400/4218 3244/4398/4216 3264/4472/4290 3265/4473/4291
f 3246/4402/4220 3245/4400/4218 3265/4473/4291 3266/4474/4292
f 3247/4404/4222 3246/4402/4220 3266/4474/4292 3267/4475/4293
f 3248/4406/4224 3247/4404/4222 3267/4475/4293 3268/4476/4294
f 3249/4408/4226 3248/4406/4224 3268/4476/4294 3269/4477/4295
f 3250/4410/4228 3249/4408/4226 3269/4477/4295 3270/4478/4296
f 3251/4412/4230 3250/4410/4228 3270/4478/4296 3271/4479/4297
f 3252/4414/4232 3251/4412/4230 3271/4479/4297 3272/4480/4298
f 3253/4416/4234 3252/4414/4232 3272/4480/4298 3273/4481/4299
f 3254/4418/4236 3253/4416/4234 3273/4481/4299 3274/4482/4300
f 3255/4420/4238 3254/4418/4236 3274/4482/4300 3275/4483/4301
f 3256/4422/4240 3255/4420/4238 3275/4483/4301 3276/4484/4302
f 3257/4424/4242 3256/4422/4240 3276/4484/4302 3277/4485/4303
f 3258/4426/4244 3257/4424/4242 3277/4485/4303 3278/4486/4304
f 3259/4428/4246 3258/4426/4244 3278/4486/4304 3279/4487/4305
f 3260/4430/4248 3259/4428/4246 3279/4487/4305 3280/4488/4306
f 3261/4392/4210 3260/4430/4248 3280/4488/4306 3281/4489/4307
f 3262/4393/4211 3261/4392/4210 3281/4489/4307 3282/4490/4308
f 3243/4396/4214 3262/4393/4211 3282/4490/4308 3263/4471/4289
f 3264/4472/4290 3263/4471/4289 3205/4435/4253 3206/4437/4255
f 3265/4473/4291 3264/4472/4290 3206/4437/4255 3207/4439/4257
f 3266/4474/4292 3265/4473/4291 3207/4439/4257 3208/4441/4259
f 3267/4475/4293 3266/4474/4292 3208/4441/4259 3209/4443/4261
f 3268/4476/4294 3267/4475/4293 3209/4443/4261 3210/4445/4263
f 3269/4477/4295 3268/4476/4294 3210/4445/4263 3211/4447/4265
f 3270/4478/4296 3269/4477/4295 3211/4447/4265 3212/4449/4267
f 3271/4479/4297 3270/4478/4296 3212/4449/4267 3213/4451/4269
f 3272/4480/4298 3271/4479/4297 3213/4451/4269 3214/4453/4271
f 3273/4481/4299 3272/4480/4298 3214/4453/4271 3215/4455/4273
f 3274/4482/4300 3273/4481/4299 3215/4455/4273 3216/4457/4275
f 3275/4483/4301 3274/4482/4300 3216/4457/4275 3217/4459/4277
f 3276/4484/4302 3275/4483/4301 3217/4459/4277 3218/4461/4279
f 3277/4485/4303 3276/4484/4302 3218/4461/4279 3219/4463/4281
f 3278/4486/4304 3277/4485/4303 3219/4463/4281 3220/4465/4283
f 3279/4487/4305 3278/4486/4304 3220/4465/4283 3221/4467/4285
f 3280/4488/4306 3279/4487/4305 3221/4467/4285 3222/4469/4287
f 3281/4489/4307 3280/4488/4306 3222/4469/4287 3203/4431/4249
f 3282/4490/4308 3281/4489/4307 3203/4431/4249 3204/4434/4252
f 3263/4471/4289 3282/4490/4308 3204/4434/4252 3205/4435/4253
f 3284/4438/4256 3283/4436/4254 3182/4491/4309 3163/4492/4310
f 3285/4440/4258 3284/4438/4256 3163/4492/4310 3164/4493/4311
f 3286/4442/4260 3285/4440/4258 3164/4493/4311 3165/4494/4312
f 3287/4444/4262 3286/4442/4260 3165/4494/4312 3166/4495/4313
f 3288/4446/4264 3287/4444/4262 3166/4495/4313 3167/4496/4314
f 3289/4448/4266 3288/4446/4264 3167/4496/4314 3168/4497/4315
f 3290/4450/4268 3289/4448/4266 3168/4497/4315 3169/4498/4316
f 3291/4452/4270 3290/4450/4268 3169/4498/4316 3170/4499/4317
f 3292/4454/4272 3291/4452/4270 3170/4499/4317 3171/4500/4318
f 3293/4456/4274 3292/4454/4272 3171/4500/4318 3172/4501/4319
f 3294/4458/4276 3293/4456/4274 3172/4501/4319 3173/4502/4320
f 3295/4460/4278 3294/4458/4276 3173/4502/4320 3174/4503/4321
f 3296/4462/4280 3295/4460/4278 3174/4503/4321 3175/4504/4322
f 3297/4464/4282 3296/4462/4280 3175/4504/4322 3176/4505/4323
f 3298/4466/4284 3297/4464/4282 3176/4505/4323 3177/4506/4324
f 3299/4468/4286 3298/4466/4284 3177/4506/4324 3178/4507/4325
f 3300/4470/4288 3299/4468/4286 3178/4507/4325 3179/4508/4326
f 3301/4432/4250 3300/4470/4288 3179/4508/4326 3180/4509/4327
f 3302/4433/4251 3301/4432/4250 3180/4509/4327 3181/4510/4328
f 3283/4436/4254 3302/4433/4251 3181/4510/4328 3182/4491/4309
s 20
f 3313/5491/4329 3314/5489/4330 3306/4513/4331 3305/4514/4332
s off
f 3305/4514/4333 3306/4513/4334 3308/4515/4335 3307/4516/4336
s 21
f 3307/4516/4337 3308/4515/4338 3311/4517/4339 3312/5492/4340
s off
f 3309/4519/4341 3310/4520/4342 3304/4521/4343 3303/4522/4344
s 22
f 3314/5489/4345 3311/4517/4346 3308/4515/4347 3306/4513/4348
s 23
f 3312/5492/4349 3313/5491/4350 3305/4514/4351 3307/4516/4352
s 21
f 3312/4518/4340 3311/5490/4339 3315/4523/4353 3316/5488/4354
s 23
f 3316/5488/4355 3317/5487/4356 3313/4511/4350 3312/4518/4349
s 20
f 3317/5487/4357 3318/5485/4358 3314/4512/4330 3313/4511/4329
s 22
f 3318/5485/4359 3315/4523/4360 3311/5490/4346 3314/4512/4345
s 21
f 3316/4524/4354 3315/5486/4353 3310/4520/4361 3309/4519/4362
s 23
f 3309/4519/4363 3303/4522/4364 3317/4525/4356 3316/4524/4355
s 20
f 3303/4522/4365 3304/4521/4366 3318/4526/4358 3317/4525/4357
s 22
f 3304/4521/4367 3310/4520/4368 3315/5486/4360 3318/4526/4359
s 24
f 3319/4527/4369 3320/4528/4370 3340/4529/4371 3339/4530/4372
f 3320/4528/4370 3321/4531/4373 3341/4532/4374 3340/4529/4371
f 3321/4531/4373 3322/4533/4375 3342/4534/4376 3341/4532/4374
f 3322/4533/4375 3323/4535/4377 3343/5483/4378 3342/4534/4376
f 3323/5484/4377 3324/4537/4379 3344/4538/4380 3343/4536/4378
f 3324/4537/4379 3325/4539/4381 3345/4540/4382 3344/4538/4380
f 3325/4539/4381 3326/4541/4383 3346/4542/4384 3345/4540/4382
f 3326/4541/4383 3327/4543/4385 3347/4544/4386 3346/4542/4384
f 3327/4543/4385 3328/4545/4387 3348/4546/4388 3347/4544/4386
f 3328/4545/4387 3329/4547/4389 3349/4548/4390 3348/4546/4388
f 3329/4547/4389 3330/4549/4391 3350/4550/4392 3349/4548/4390
f 3330/4549/4391 3331/4551/4393 3351/4552/4394 3350/4550/4392
f 3331/4551/4393 3332/4553/4395 3352/4554/4396 3351/4552/4394
f 3332/4553/4395 3333/4555/4397 3353/4556/4398 3352/4554/4396
f 3333/4555/4397 3334/4557/4399 3354/4558/4400 3353/4556/4398
f 3334/4557/4399 3335/4559/4401 3355/4560/4402 3354/4558/4400
f 3335/4559/4401 3336/4561/4403 3356/4562/4404 3355/4560/4402
f 3336/4561/4403 3337/4563/4405 3357/4564/4406 3356/4562/4404
f 3337/4563/4405 3338/4565/4407 3358/4566/4408 3357/4564/4406
f 3338/4565/4407 3319/4527/4369 3339/4530/4372 3358/4566/4408
f 3339/4530/4372 3340/4529/4371 3360/4567/4409 3359/4568/4410
f 3340/4529/4371 3341/4532/4374 3361/4569/4411 3360/4567/4409
f 3341/4532/4374 3342/4534/4376 3362/4570/4412 3361/4569/4411
f 3342/4534/4376 3343/5483/4378 3363/5482/4413 3362/4570/4412
f 3343/4536/4378 3344/4538/4380 3364/4572/4414 3363/4571/4413
f 3344/4538/4380 3345/4540/4382 3365/4573/4415 3364/4572/4414
f 3345/4540/4382 3346/4542/4384 3366/4574/4416 3365/4573/4415
f 3346/4542/4384 3347/4544/4386 3367/4575/4417 3366/4574/4416
f 3347/4544/4386 3348/4546/4388 3368/4576/4418 3367/4575/4417
f 3348/4546/4388 3349/4548/4390 3369/4577/4419 3368/4576/4418
f 3349/4548/4390 3350/4550/4392 3370/4578/4420 3369/4577/4419
f 3350/4550/4392 3351/4552/4394 3371/4579/4421 3370/4578/4420
f 3351/4552/4394 3352/4554/4396 3372/4580/4422 3371/4579/4421
f 3352/4554/4396 3353/4556/4398 3373/4581/4423 3372/4580/4422
f 3353/4556/4398 3354/4558/4400 3374/4582/4424 3373/4581/4423
f 3354/4558/4400 3355/4560/4402 3375/4583/4425 3374/4582/4424
f 3355/4560/4402 3356/4562/4404 3376/4584/4426 3375/4583/4425
f 3356/4562/4404 3357/4564/4406 3377/4585/4427 3376/4584/4426
f 3357/4564/4406 3358/4566/4408 3378/4586/4428 3377/4585/4427
f 3358/4566/4408 3339/4530/4372 3359/4568/4410 3378/4586/4428
f 3359/4568/4410 3360/4567/4409 3380/4587/4429 3379/4588/4430
f 3360/4567/4409 3361/4569/4411 3381/4589/4431 3380/4587/4429
f 3361/4569/4411 3362/4570/4412 3382/4590/4432 3381/4589/4431
f 3362/4570/4412 3363/5482/4413 3383/5481/4433 3382/4590/4432
f 3363/4571/4413 3364/4572/4414 3384/4592/4434 3383/4591/4433
f 3364/4572/4414 3365/4573/4415 3385/4593/4435 3384/4592/4434
f 3365/4573/4415 3366/4574/4416 3386/4594/4436 3385/4593/4435
f 3366/4574/4416 3367/4575/4417 3387/4595/4437 3386/4594/4436
f 3367/4575/4417 3368/4576/4418 3388/4596/4438 3387/4595/4437
f 3368/4576/4418 3369/4577/4419 3389/4597/4439 3388/4596/4438
f 3369/4577/4419 3370/4578/4420 3390/4598/4440 3389/4597/4439
f 3370/4578/4420 3371/4579/4421 3391/4599/4441 3390/4598/4440
f 3371/4579/4421 3372/4580/4422 3392/4600/4442 3391/4599/4441
f 3372/4580/4422 3373/4581/4423 3393/4601/4443 3392/4600/4442
f 3373/4581/4423 3374/4582/4424 3394/4602/4444 3393/4601/4443
f 3374/4582/4424 3375/4583/4425 3395/4603/4445 3394/4602/4444
f 3375/4583/4425 3376/4584/4426 3396/4604/4446 3395/4603/4445
f 3376/4584/4426 3377/4585/4427 3397/4605/4447 3396/4604/4446
f 3377/4585/4427 3378/4586/4428 3398/4606/4448 3397/4605/4447
f 3378/4586/4428 3359/4568/4410 3379/4588/4430 3398/4606/4448
f 3379/4588/4430 3380/4587/4429 3400/4607/4449 3399/4608/4450
f 3380/4587/4429 3381/4589/4431 3401/4609/4451 3400/4607/4449
f 3381/4589/4431 3382/4590/4432 3402/4610/4452 3401/4609/4451
f 3382/4590/4432 3383/5481/4433 3403/5480/4453 3402/4610/4452
f 3383/4591/4433 3384/4592/4434 3404/4612/4454 3403/4611/4453
f 3384/4592/4434 3385/4593/4435 3405/4613/4455 3404/4612/4454
f 3385/4593/4435 3386/4594/4436 3406/4614/4456 3405/4613/4455
f 3386/4594/4436 3387/4595/4437 3407/4615/4457 3406/4614/4456
f 3387/4595/4437 3388/4596/4438 3408/4616/4458 3407/4615/4457
f 3388/4596/4438 3389/4597/4439 3409/4617/4459 3408/4616/4458
f 3389/4597/4439 3390/4598/4440 3410/4618/4460 3409/4617/4459
f 3390/4598/4440 3391/4599/4441 3411/4619/4461 3410/4618/4460
f 3391/4599/4441 3392/4600/4442 3412/4620/4462 3411/4619/4461
f 3392/4600/4442 3393/4601/4443 3413/4621/4463 3412/4620/4462
f 3393/4601/4443 3394/4602/4444 3414/4622/4464 3413/4621/4463
f 3394/4602/4444 3395/4603/4445 3415/4623/4465 3414/4622/4464
f 3395/4603/4445 3396/4604/4446 3416/4624/4466 3415/4623/4465
f 3396/4604/4446 3397/4605/4447 3417/4625/4467 3416/4624/4466
f 3397/4605/4447 3398/4606/4448 3418/4626/4468 3417/4625/4467
f 3398/4606/4448 3379/4588/4430 3399/4608/4450 3418/4626/4468
f 3399/4608/4450 3400/4607/4449 3420/4627/4469 3419/4628/4470
f 3400/4607/4449 3401/4609/4451 3421/4629/4471 3420/4627/4469
f 3401/4609/4451 3402/4610/4452 3422/4630/4472 3421/4629/4471
f 3402/4610/4452 3403/5480/4453 3423/5479/4473 3422/4630/4472
f 3403/4611/4453 3404/4612/4454 3424/4632/4474 3423/4631/4473
f 3404/4612/4454 3405/4613/4455 3425/4633/4475 3424/4632/4474
f 3405/4613/4455 3406/4614/4456 3426/4634/4476 3425/4633/4475
f 3406/4614/4456 3407/4615/4457 3427/4635/4477 3426/4634/4476
f 3407/4615/4457 3408/4616/4458 3428/4636/4478 3427/4635/4477
f 3408/4616/4458 3409/4617/4459 3429/4637/4479 3428/4636/4478
f 3409/4617/4459 3410/4618/4460 3430/4638/4480 3429/4637/4479
f 3410/4618/4460 3411/4619/4461 3431/4639/4481 3430/4638/4480
f 3411/4619/4461 3412/4620/4462 3432/4640/4482 3431/4639/4481
f 3412/4620/4462 3413/4621/4463 3433/4641/4483 3432/4640/4482
f 3413/4621/4463 3414/4622/4464 3434/4642/4484 3433/4641/4483
f 3414/4622/4464 3415/4623/4465 3435/4643/4485 3434/4642/4484
f 3415/4623/4465 3416/4624/4466 3436/4644/4486 3435/4643/4485
f 3416/4624/4466 3417/4625/4467 3437/4645/4487 3436/4644/4486
f 3417/4625/4467 3418/4626/4468 3438/4646/4488 3437/4645/4487
f 3418/4626/4468 3399/4608/4450 3419/4628/4470 3438/4646/4488
f 3419/4628/4470 3420/4627/4469 3440/4647/4489 3439/4648/4490
f 3420/4627/4469 3421/4629/4471 3441/4649/4491 3440/4647/4489
f 3421/4629/4471 3422/4630/4472 3442/4650/4492 3441/4649/4491
f 3422/4630/4472 3423/5479/4473 3443/5478/4493 3442/4650/4492
f 3423/4631/4473 3424/4632/4474 3444/4652/4494 3443/4651/4493
f 3424/4632/4474 3425/4633/4475 3445/4653/4495 3444/4652/4494
f 3425/4633/4475 3426/4634/4476 3446/4654/4496 3445/4653/4495
f 3426/4634/4476 3427/4635/4477 3447/4655/4497 3446/4654/4496
f 3427/4635/4477 3428/4636/4478 3448/4656/4498 3447/4655/4497
f 3428/4636/4478 3429/4637/4479 3449/4657/4499 3448/4656/4498
f 3429/4637/4479 3430/4638/4480 3450/4658/4500 3449/4657/4499
f 3430/4638/4480 3431/4639/4481 3451/4659/4501 3450/4658/4500
f 3431/4639/4481 3432/4640/4482 3452/4660/4502 3451/4659/4501
f 3432/4640/4482 3433/4641/4483 3453/4661/4503 3452/4660/4502
f 3433/4641/4483 3434/4642/4484 3454/4662/4504 3453/4661/4503
f 3434/4642/4484 3435/4643/4485 3455/4663/4505 3454/4662/4504
f 3435/4643/4485 3436/4644/4486 3456/4664/4506 3455/4663/4505
f 3436/4644/4486 3437/4645/4487 3457/4665/4507 3456/4664/4506
f 3437/4645/4487 3438/4646/4488 3458/4666/4508 3457/4665/4507
f 3438/4646/4488 3419/4628/4470 3439/4648/4490 3458/4666/4508
f 3439/4648/4490 3440/4647/4489 3460/4667/4509 3459/4668/4510
f 3440/4647/4489 3441/4649/4491 3461/4669/4511 3460/4667/4509
f 3441/4649/4491 3442/4650/4492 3462/4670/4512 3461/4669/4511
f 3442/4650/4492 3443/5478/4493 3463/5477/4513 3462/4670/4512
f 3443/4651/4493 3444/4652/4494 3464/4672/4514 3463/4671/4513
f 3444/4652/4494 3445/4653/4495 3465/4673/4515 3464/4672/4514
f 3445/4653/4495 3446/4654/4496 3466/4674/4516 3465/4673/4515
f 3446/4654/4496 3447/4655/4497 3467/4675/4517 3466/4674/4516
f 3447/4655/4497 3448/4656/4498 3468/4676/4518 3467/4675/4517
f 3448/4656/4498 3449/4657/4499 3469/4677/4519 3468/4676/4518
f 3449/4657/4499 3450/4658/4500 3470/4678/4520 3469/4677/4519
f 3450/4658/4500 3451/4659/4501 3471/4679/4521 3470/4678/4520
f 3451/4659/4501 3452/4660/4502 3472/4680/4522 3471/4679/4521
f 3452/4660/4502 3453/4661/4503 3473/4681/4523 3472/4680/4522
f 3453/4661/4503 3454/4662/4504 3474/4682/4524 3473/4681/4523
f 3454/4662/4504 3455/4663/4505 3475/4683/4525 3474/4682/4524
f 3455/4663/4505 3456/4664/4506 3476/4684/4526 3475/4683/4525
f 3456/4664/4506 3457/4665/4507 3477/4685/4527 3476/4684/4526
f 3457/4665/4507 3458/4666/4508 3478/4686/4528 3477/4685/4527
f 3458/4666/4508 3439/4648/4490 3459/4668/4510 3478/4686/4528
f 3459/4668/4510 3460/4667/4509 3480/4687/4529 3479/4688/4530
f 3460/4667/4509 3461/4669/4511 3481/4689/4531 3480/4687/4529
f 3461/4669/4511 3462/4670/4512 3482/4690/4532 3481/4689/4531
f 3462/4670/4512 3463/5477/4513 3483/5476/4533 3482/4690/4532
f 3463/4671/4513 3464/4672/4514 3484/4692/4534 3483/4691/4533
f 3464/4672/4514 3465/4673/4515 3485/4693/4535 3484/4692/4534
f 3465/4673/4515 3466/4674/4516 3486/4694/4536 3485/4693/4535
f 3466/4674/4516 3467/4675/4517 3487/4695/4537 3486/4694/4536
f 3467/4675/4517 3468/4676/4518 3488/4696/4538 3487/4695/4537
f 3468/4676/4518 3469/4677/4519 3489/4697/4539 3488/4696/4538
f 3469/4677/4519 3470/4678/4520 3490/4698/4540 3489/4697/4539
f 3470/4678/4520 3471/4679/4521 3491/4699/4541 3490/4698/4540
f 3471/4679/4521 3472/4680/4522 3492/4700/4542 3491/4699/4541
f 3472/4680/4522 3473/4681/4523 3493/4701/4543 3492/4700/4542
f 3473/4681/4523 3474/4682/4524 3494/4702/4544 3493/4701/4543
f 3474/4682/4524 3475/4683/4525 3495/4703/4545 3494/4702/4544
f 3475/4683/4525 3476/4684/4526 3496/4704/4546 3495/4703/4545
f 3476/4684/4526 3477/4685/4527 3497/4705/4547 3496/4704/4546
f 3477/4685/4527 3478/4686/4528 3498/4706/4548 3497/4705/4547
f 3478/4686/4528 3459/4668/4510 3479/4688/4530 3498/4706/4548
f 3479/4688/4530 3480/4687/4529 3500/4707/4549 3499/4708/4550
f 3480/4687/4529 3481/4689/4531 3501/4709/4551 3500/4707/4549
f 3481/4689/4531 3482/4690/4532 3502/4710/4552 3501/4709/4551
f 3482/4690/4532 3483/5476/4533 3503/5475/4553 3502/4710/4552
f 3483/4691/4533 3484/4692/4534 3504/4712/4554 3503/4711/4553
f 3484/4692/4534 3485/4693/4535 3505/4713/4555 3504/4712/4554
f 3485/4693/4535 3486/4694/4536 3506/4714/4556 3505/4713/4555
f 3486/4694/4536 3487/4695/4537 3507/4715/4557 3506/4714/4556
f 3487/4695/4537 3488/4696/4538 3508/4716/4558 3507/4715/4557
f 3488/4696/4538 3489/4697/4539 3509/4717/4559 3508/4716/4558
f 3489/4697/4539 3490/4698/4540 3510/4718/4560 3509/4717/4559
f 3490/4698/4540 3491/4699/4541 3511/4719/4561 3510/4718/4560
f 3491/4699/4541 3492/4700/4542 3512/4720/4562 3511/4719/4561
f 3492/4700/4542 3493/4701/4543 3513/4721/4563 3512/4720/4562
f 3493/4701/4543 3494/4702/4544 3514/4722/4564 3513/4721/4563
f 3494/4702/4544 3495/4703/4545 3515/4723/4565 3514/4722/4564
f 3495/4703/4545 3496/4704/4546 3516/4724/4566 3515/4723/4565
f 3496/4704/4546 3497/4705/4547 3517/4725/4567 3516/4724/4566
f 3497/4705/4547 3498/4706/4548 3518/4726/4568 3517/4725/4567
f 3498/4706/4548 3479/4688/4530 3499/4708/4550 3518/4726/4568
f 3499/4708/4550 3500/4707/4549 3519/4727/4569
f 3500/4707/4549 3501/4709/4551 3519/4727/4569
f 3501/4709/4551 3502/4710/4552 3519/4727/4569
f 3502/4710/4552 3503/5475/4553 3519/4727/4569
f 3503/4711/4553 3504/4712/4554 3519/4727/4569
f 3504/4712/4554 3505/4713/4555 3519/4727/4569
f 3505/4713/4555 3506/4714/4556 3519/4727/4569
f 3506/4714/4556 3507/4715/4557 3519/4727/4569
f 3507/4715/4557 3508/4716/4558 3519/4727/4569
f 3508/4716/4558 3509/4717/4559 3519/4727/4569
f 3509/4717/4559 3510/4718/4560 3519/4727/4569
f 3510/4718/4560 3511/4719/4561 3519/4727/4569
f 3511/4719/4561 3512/4720/4562 3519/4727/4569
f 3512/4720/4562 3513/4721/4563 3519/4727/4569
f 3513/4721/4563 3514/4722/4564 3519/4727/4569
f 3514/4722/4564 3515/4723/4565 3519/4727/4569
f 3515/4723/4565 3516/4724/4566 3519/4727/4569
f 3516/4724/4566 3517/4725/4567 3519/4727/4569
f 3517/4725/4567 3518/4726/4568 3519/4727/4569
f 3518/4726/4568 3499/4708/4550 3519/4727/4569
s 25
f 3533/5575/4570 3582/4729/4571 3583/4730/4572 3521/4731/4573
f 3553/5563/4574 3554/4733/4575 3555/4734/4576 3523/4735/4577
f 3539/4736/4578 3540/4737/4579 3541/4738/4580 3525/4739/4581
f 3532/4740/4582 3534/4741/4583 3535/4742/4584 3527/4743/4585
f 3530/4744/4586 3531/4745/4587 3528/4746/4588 3526/4747/4589
f 3520/4748/4590 3529/5571/4591 3531/4745/4587 3530/4744/4586
f 3528/4746/4588 3531/4745/4587 3634/4750/4592 3635/4751/4593
f 3634/4750/4592 3531/4745/4587 3529/5571/4591 3633/4752/4594
f 3535/4742/4584 3534/4741/4583 3533/4728/4570 3521/5576/4573
f 3537/4753/4595 3538/4754/4596 3536/4755/4597 3524/4756/4598
f 3526/4747/4589 3528/4746/4588 3538/4754/4596 3537/4753/4595
f 3536/4755/4597 3538/4754/4596 3636/4757/4599 3637/4758/4600
f 3636/4757/4599 3538/4754/4596 3528/4746/4588 3635/4751/4593
f 3541/4738/4580 3540/4737/4579 3532/4740/4582 3527/4743/4585
f 3547/4759/4601 3548/4760/4602 3549/4761/4603 3543/4762/4604
f 3545/4763/4605 3546/4764/4606 3544/4765/4607 3542/4766/4608
f 3524/4756/4598 3536/4755/4597 3546/4764/4606 3545/4763/4605
f 3544/4765/4607 3546/4764/4606 3638/4767/4609 3639/4768/4610
f 3638/4767/4609 3546/4764/4606 3536/4755/4597 3637/4758/4600
f 3549/4761/4603 3548/4760/4602 3539/4736/4578 3525/4739/4581
f 3551/4769/4611 3552/4770/4612 3550/5568/4613 3522/5567/4614
f 3542/4766/4608 3544/4765/4607 3552/4770/4612 3551/4769/4611
f 3550/5568/4613 3552/4770/4612 3640/4773/4615 3641/5562/4616
f 3640/4773/4615 3552/4770/4612 3544/4765/4607 3639/4768/4610
f 3555/4734/4576 3554/4733/4575 3547/4759/4601 3543/4762/4604
f 3569/4775/4617 3570/5473/4618 3571/5474/4619 3557/4778/4620
f 3563/4779/4621 3564/4780/4622 3565/4781/4623 3559/4782/4624
f 3561/4783/4625 3562/4784/4626 3560/4785/4627 3558/4786/4628
f 3522/4772/4614 3550/4771/4613 3562/4784/4626 3561/4783/4625
f 3560/4785/4627 3562/4784/4626 3642/4787/4629 3643/4788/4630
f 3642/4787/4629 3562/4784/4626 3550/4771/4613 3641/4774/4616
f 3565/4781/4623 3564/4780/4622 3553/4732/4574 3523/5569/4577
f 3567/4789/4631 3568/5468/4632 3566/4791/4633 3556/4792/4634
f 3558/4786/4628 3560/4785/4627 3568/4790/4632 3567/5472/4631
f 3566/4791/4633 3568/5468/4632 3644/4793/4635 3645/4794/4636
f 3644/5467/4635 3568/4790/4632 3560/4785/4627 3643/4788/4630
f 3571/4777/4619 3570/4776/4618 3563/4779/4621 3559/4782/4624
f 3577/4795/4637 3578/4796/4638 3579/4797/4639 3573/4798/4640
f 3575/4799/4641 3576/4800/4642 3574/4801/4643 3572/4802/4644
f 3556/4792/4634 3566/4791/4633 3576/4800/4642 3575/4799/4641
f 3574/4801/4643 3576/4800/4642 3646/4803/4645 3647/4804/4646
f 3646/4803/4645 3576/4800/4642 3566/4791/4633 3645/4794/4636
f 3579/4797/4639 3578/4796/4638 3569/4775/4617 3557/4778/4620
f 3580/4805/4647 3581/4806/4648 3529/4749/4591 3520/5574/4590
f 3627/4807/4649 3628/4808/4650 3581/4806/4648 3580/4805/4647
f 3529/4749/4591 3581/4806/4648 3632/4809/4651 3633/5570/4594
f 3632/4809/4651 3581/4806/4648 3628/4808/4650 3631/4810/4652
f 3583/4730/4572 3582/4729/4571 3629/4811/4653 3630/4812/4654
s 34
f 3530/4744/4655 3526/4747/4656 3585/4813/4657 3584/4814/4658
f 3520/4748/4659 3530/4744/4655 3584/4814/4658 3586/4815/4660
f 3537/4753/4661 3524/4756/4662 3588/4816/4663 3587/4817/4664
f 3526/4747/4656 3537/4753/4661 3587/4817/4664 3585/4813/4657
s 35
f 3545/4763/4665 3542/4766/4666 3590/4818/4667 3589/4819/4668
f 3524/4756/4669 3545/4763/4665 3589/4819/4668 3588/4816/4670
f 3551/4769/4671 3522/5567/4672 3592/5566/4673 3591/4821/4674
f 3542/4766/4666 3551/4769/4671 3591/4821/4674 3590/4818/4667
f 3561/4783/4675 3558/4786/4676 3594/4822/4677 3593/4823/4678
f 3522/4772/4672 3561/4783/4675 3593/4823/4678 3592/4820/4673
f 3567/4789/4679 3556/4792/4680 3596/4824/4681 3595/4825/4682
f 3558/4786/4676 3567/5472/4679 3595/5471/4682 3594/4822/4677
s 34
f 3575/4799/4683 3572/4802/4684 3598/4826/4685 3597/4827/4686
f 3556/4792/4687 3575/4799/4683 3597/4827/4686 3596/4824/4688
f 3580/4805/4689 3520/5574/4659 3586/5572/4660 3599/4828/4690
f 3627/4807/4691 3580/4805/4689 3599/4828/4690 3626/4829/4692
s 39
f 3584/4814/4693 3585/4813/4694 3601/4830/4695 3600/4831/4696
f 3586/4815/4697 3584/4814/4693 3600/4831/4696 3602/4832/4698
f 3587/4817/4699 3588/4816/4700 3604/4833/4701 3603/4834/4702
f 3585/4813/4694 3587/4817/4699 3603/4834/4702 3601/4830/4695
s 41
f 3589/4819/4703 3590/4818/4704 3606/4835/4705 3605/4836/4706
s 39
f 3588/4816/4700 3589/4819/4707 3605/4836/4708 3604/4833/4701
s 41
f 3591/4821/4709 3592/5566/4710 3608/5564/4711 3607/4838/4712
f 3590/4818/4704 3591/4821/4709 3607/4838/4712 3606/4835/4705
f 3593/4823/4713 3594/4822/4714 3610/4839/4715 3609/4840/4716
f 3592/4820/4710 3593/4823/4713 3609/4840/4716 3608/4837/4711
s 39
f 3595/4825/4717 3596/4824/4718 3612/4841/4719 3611/4842/4720
s 41
f 3594/4822/4714 3595/5471/4721 3611/5469/4722 3610/4839/4715
s 39
f 3597/4827/4723 3598/4826/4724 3614/4843/4725 3613/4844/4726
f 3596/4824/4718 3597/4827/4723 3613/4844/4726 3612/4841/4719
f 3599/4828/4727 3586/5572/4697 3602/5573/4698 3615/4845/4728
f 3626/4829/4729 3599/4828/4727 3615/4845/4728 3625/4846/4730
s 46
f 3605/4836/4731 3606/4835/4732 3617/4847/4733 3616/4848/4734
f 3604/4833/4735 3605/4836/4731 3616/4848/4734 3618/4849/4736
s 47
f 3607/4838/4737 3608/5564/4738 3620/5565/4739 3619/4851/4740
f 3606/4835/4741 3607/4838/4737 3619/4851/4740 3617/4847/4742
f 3609/4840/4743 3610/4839/4744 3622/4852/4745 3621/4853/4746
f 3608/4837/4738 3609/4840/4743 3621/4853/4746 3620/4850/4739
s 48
f 3611/4842/4747 3612/4841/4748 3624/4854/4749 3623/4855/4750
f 3610/4839/4751 3611/5469/4747 3623/5470/4750 3622/4852/4752
s 39
f 3649/4856/4753 3626/4829/4729 3625/4846/4730 3648/4857/4754
s 34
f 3650/4858/4755 3627/4807/4691 3626/4829/4692 3649/4856/4756
s 25
f 3650/4858/4757 3651/4859/4758 3628/4808/4650 3627/4807/4649
f 3652/4860/4759 3631/4810/4652 3628/4808/4650 3651/4859/4758
f 3630/4812/4654 3629/4811/4653 3653/4861/4760 3654/4862/4761
f 3582/4729/4571 3632/4809/4651 3631/4810/4652 3629/4811/4653
f 3633/5570/4594 3632/4809/4651 3582/4729/4571 3533/5575/4570
f 3534/4741/4583 3634/4750/4592 3633/4752/4594 3533/4728/4570
f 3635/4751/4593 3634/4750/4592 3534/4741/4583 3532/4740/4582
f 3540/4737/4579 3636/4757/4599 3635/4751/4593 3532/4740/4582
f 3637/4758/4600 3636/4757/4599 3540/4737/4579 3539/4736/4578
f 3548/4760/4602 3638/4767/4609 3637/4758/4600 3539/4736/4578
f 3639/4768/4610 3638/4767/4609 3548/4760/4602 3547/4759/4601
f 3554/4733/4575 3640/4773/4615 3639/4768/4610 3547/4759/4601
f 3641/5562/4616 3640/4773/4615 3554/4733/4575 3553/5563/4574
f 3564/4780/4622 3642/4787/4629 3641/4774/4616 3553/4732/4574
f 3643/4788/4630 3642/4787/4629 3564/4780/4622 3563/4779/4621
f 3570/4776/4618 3644/5467/4635 3643/4788/4630 3563/4779/4621
f 3645/4794/4636 3644/4793/4635 3570/5473/4618 3569/4775/4617
f 3578/4796/4638 3646/4803/4645 3645/4794/4636 3569/4775/4617
f 3647/4804/4646 3646/4803/4645 3578/4796/4638 3577/4795/4637
f 3629/4811/4653 3631/4810/4652 3652/4860/4759 3653/4861/4760
s 39
f 3598/4826/4724 3649/4856/4753 3648/4857/4754 3614/4843/4725
s 34
f 3572/4802/4684 3650/4858/4755 3649/4856/4756 3598/4826/4685
s 25
f 3572/4802/4644 3574/4801/4643 3651/4859/4758 3650/4858/4757
f 3647/4804/4646 3652/4860/4759 3651/4859/4758 3574/4801/4643
f 3653/4861/4760 3652/4860/4759 3647/4804/4646 3577/4795/4637
f 3654/4862/4761 3653/4861/4760 3577/4795/4637 3573/4798/4640
s 49
f 3655/4863/4762 3656/4864/4763 3883/5552/4764 3884/4866/4765
f 3656/4864/4763 3657/4867/4766 3882/5551/4767 3883/5552/4764
f 3657/4867/4766 3658/4869/4768 3881/4870/4769 3882/5551/4767
f 3658/4869/4768 3659/4871/4770 3880/4872/4771 3881/4870/4769
f 3659/4871/4770 3660/4873/4772 3879/4874/4773 3880/5509/4771
f 3660/4873/4772 3661/4875/4774 3878/5525/4775 3879/4874/4773
f 3661/4875/4774 3662/4877/4776 3877/5524/4777 3878/5525/4775
f 3662/4877/4776 3663/4879/4778 3896/4880/4779 3877/5524/4777
f 3663/4879/4778 3664/4881/4780 3895/4882/4781 3896/4880/4779
f 3664/4881/4780 3665/4883/4782 3894/4884/4783 3895/4882/4781
f 3665/4883/4782 3666/4885/4784 3893/4886/4785 3894/4884/4783
f 3666/4885/4784 3667/4887/4786 3892/4888/4787 3893/4886/4785
f 3667/4887/4786 3668/4889/4788 3891/4890/4789 3892/4888/4787
f 3927/4891/4790 3669/4892/4791 3890/4893/4792 3926/4894/4793
f 3669/4892/4791 3670/4895/4794 3889/4896/4795 3890/5495/4792
f 3670/4895/4794 3671/4897/4796 3888/4898/4797 3889/4896/4795
f 3671/4897/4796 3672/4899/4798 3887/4900/4799 3888/4898/4797
f 3672/4899/4798 3673/4901/4800 3886/4902/4801 3887/4900/4799
f 3673/4901/4800 3674/4903/4802 3885/4904/4803 3886/4902/4801
f 3674/4903/4802 3655/4863/4762 3884/4866/4765 3885/4904/4803
s 51
f 3656/4864/4804 3655/4863/4805 3695/4905/4806
f 3657/4867/4807 3656/4864/4804 3695/4905/4806
f 3658/4869/4808 3657/4867/4807 3695/4905/4806
f 3659/4871/4809 3658/4869/4808 3695/4905/4806
f 3660/4873/4810 3659/4871/4809 3695/4905/4806
f 3661/4875/4811 3660/4873/4810 3695/4905/4806
f 3662/4877/4812 3661/4875/4811 3695/4905/4806
f 3663/4879/4813 3662/4877/4812 3695/4905/4806
f 3664/4881/4814 3663/4879/4813 3695/4905/4806
f 3665/4883/4815 3664/4881/4814 3695/4905/4806
f 3666/4885/4816 3665/4883/4815 3695/4905/4806
f 3667/4887/4817 3666/4885/4816 3695/4905/4806
f 3668/4889/4818 3667/4887/4817 3695/4905/4806
f 3669/4892/4819 3927/4891/4820 3668/4889/4818 3695/4905/4806
f 3670/4895/4821 3669/4892/4819 3695/4905/4806
f 3671/4897/4822 3670/4895/4821 3695/4905/4806
f 3672/4899/4823 3671/4897/4822 3695/4905/4806
f 3673/4901/4824 3672/4899/4823 3695/4905/4806
f 3674/4903/4825 3673/4901/4824 3695/4905/4806
f 3655/4863/4805 3674/4903/4825 3695/4905/4806
s 52
f 3675/5407/4826 3676/5424/4827 3696/4908/4828
f 3676/5424/4827 3677/5423/4829 3696/4908/4828
f 3677/5423/4829 3678/5422/4830 3696/4908/4828
f 3678/5422/4830 3679/5421/4831 3696/4908/4828
f 3679/5518/4831 3680/5420/4832 3696/5506/4828
f 3680/5420/4832 3681/5419/4833 3696/5506/4828
f 3681/5419/4833 3682/5418/4834 3696/5506/4828
f 3682/5418/4834 3683/5417/4835 3696/5506/4828
f 3683/5417/4835 3684/5416/4836 3696/5506/4828
f 3684/5416/4836 3685/5415/4837 3696/5506/4828
f 3685/5415/4837 3686/5414/4838 3696/5506/4828
f 3686/5414/4838 3687/5413/4839 3696/5506/4828
f 3687/5413/4839 3688/5412/4840 3696/5506/4828
f 3688/5412/4840 3917/5404/4841 3689/4922/4842 3696/5506/4828
f 3689/5504/4842 3690/5411/4843 3696/4908/4828
f 3690/5411/4843 3691/5410/4844 3696/4908/4828
f 3691/5410/4844 3692/5409/4845 3696/4908/4828
f 3692/5409/4845 3693/5408/4846 3696/4908/4828
f 3693/5408/4846 3694/5406/4847 3696/4908/4828
f 3694/5406/4847 3675/5407/4826 3696/4908/4828
s 49
f 3698/4928/4848 3697/4929/4849 3694/4927/4850 3693/4926/4851
f 3699/4930/4852 3698/4928/4848 3693/4926/4851 3692/4925/4853
f 3700/4931/4854 3699/4930/4852 3692/4925/4853 3691/4924/4855
f 3701/4932/4856 3700/4931/4854 3691/4924/4855 3690/4923/4857
f 3702/5503/4858 3701/4932/4856 3690/4923/4857 3689/5405/4859
f 3918/4934/4860 3702/4933/4858 3689/5505/4859 3917/4921/4861
f 3704/4935/4862 3703/4936/4863 3688/4920/4864 3687/4919/4865
f 3705/4937/4866 3704/4935/4862 3687/4919/4865 3686/4918/4867
f 3706/4938/4868 3705/4937/4866 3686/4918/4867 3685/4917/4869
f 3707/4939/4870 3706/4938/4868 3685/4917/4869 3684/4916/4871
f 3708/4940/4872 3707/4939/4870 3684/4916/4871 3683/4915/4873
f 3709/4941/4874 3708/4940/4872 3683/4915/4873 3682/4914/4875
f 3710/4942/4876 3709/4941/4874 3682/4914/4875 3681/4913/4877
f 3711/4943/4878 3710/4942/4876 3681/4913/4877 3680/4912/4879
f 3712/5517/4880 3711/4943/4878 3680/4912/4879 3679/5519/4881
f 3713/4945/4882 3712/4944/4880 3679/4911/4881 3678/4910/4883
f 3714/4946/4884 3713/4945/4882 3678/4910/4883 3677/4909/4885
f 3715/4947/4886 3714/4946/4884 3677/4909/4885 3676/4907/4887
f 3716/4948/4888 3715/4947/4886 3676/4907/4887 3675/4906/4889
f 3697/4929/4849 3716/4948/4888 3675/4906/4889 3694/4927/4850
f 3718/5445/4890 3717/5428/4891 3697/4929/4849 3698/4928/4848
f 3719/5444/4892 3718/5445/4890 3698/4928/4848 3699/4930/4852
f 3720/5443/4893 3719/5444/4892 3699/4930/4852 3700/4931/4854
f 3721/5442/4894 3720/5443/4893 3700/4931/4854 3701/4932/4856
f 3722/5501/4895 3721/5442/4894 3701/4932/4856 3702/5503/4858
f 3919/5425/4896 3722/5441/4895 3702/4933/4858 3918/4934/4860
f 3724/5440/4897 3723/5426/4898 3703/4936/4863 3704/4935/4862
f 3725/5439/4899 3724/5440/4897 3704/4935/4862 3705/4937/4866
f 3726/5438/4900 3725/5439/4899 3705/4937/4866 3706/4938/4868
f 3727/5437/4901 3726/5438/4900 3706/4938/4868 3707/4939/4870
f 3728/5436/4902 3727/5437/4901 3707/4939/4870 3708/4940/4872
f 3729/5435/4903 3728/5436/4902 3708/4940/4872 3709/4941/4874
f 3730/5434/4904 3729/5435/4903 3709/4941/4874 3710/4942/4876
f 3731/5433/4905 3730/5434/4904 3710/4942/4876 3711/4943/4878
f 3732/5515/4906 3731/5433/4905 3711/4943/4878 3712/5517/4880
f 3733/5431/4907 3732/5432/4906 3712/4944/4880 3713/4945/4882
f 3734/5430/4908 3733/5431/4907 3713/4945/4882 3714/4946/4884
f 3735/5429/4909 3734/5430/4908 3714/4946/4884 3715/4947/4886
f 3736/5427/4910 3735/5429/4909 3715/4947/4886 3716/4948/4888
f 3717/5428/4891 3736/5427/4910 3716/4948/4888 3697/4929/4849
f 3738/4970/4911 3737/4971/4912 3736/4969/4910 3717/4950/4891
f 3739/4972/4913 3738/4970/4911 3717/4950/4891 3718/4949/4890
f 3740/4973/4914 3739/4972/4913 3718/4949/4890 3719/4951/4892
f 3741/4974/4915 3740/4973/4914 3719/4951/4892 3720/4952/4893
f 3742/4975/4916 3741/4974/4915 3720/4952/4893 3721/4953/4894
f 3743/5500/4917 3742/4975/4916 3721/4953/4894 3722/5502/4895
f 3920/4977/4918 3743/4976/4917 3722/4954/4895 3919/4955/4896
f 3745/4978/4919 3744/4979/4920 3723/4957/4898 3724/4956/4897
f 3746/4980/4921 3745/4978/4919 3724/4956/4897 3725/4958/4899
f 3747/4981/4922 3746/4980/4921 3725/4958/4899 3726/4959/4900
f 3748/4982/4923 3747/4981/4922 3726/4959/4900 3727/4960/4901
f 3749/4983/4924 3748/4982/4923 3727/4960/4901 3728/4961/4902
f 3750/4984/4925 3749/4983/4924 3728/4961/4902 3729/4962/4903
f 3751/4985/4926 3750/4984/4925 3729/4962/4903 3730/4963/4904
f 3752/4986/4927 3751/4985/4926 3730/4963/4904 3731/4964/4905
f 3753/5514/4928 3752/4986/4927 3731/4964/4905 3732/5516/4906
f 3754/4988/4929 3753/4987/4928 3732/4965/4906 3733/4966/4907
f 3755/4989/4930 3754/4988/4929 3733/4966/4907 3734/4967/4908
f 3756/4990/4931 3755/4989/4930 3734/4967/4908 3735/4968/4909
f 3737/4971/4912 3756/4990/4931 3735/4968/4909 3736/4969/4910
f 3758/4991/4932 3757/4992/4933 3737/4971/4912 3738/4970/4911
f 3759/4993/4934 3758/4991/4932 3738/4970/4911 3739/4972/4913
f 3760/4994/4935 3759/4993/4934 3739/4972/4913 3740/4973/4914
f 3761/4995/4936 3760/4994/4935 3740/4973/4914 3741/4974/4915
f 3762/4996/4937 3761/4995/4936 3741/4974/4915 3742/4975/4916
f 3763/5499/4938 3762/4996/4937 3742/4975/4916 3743/5500/4917
f 3921/4998/4939 3763/4997/4938 3743/4976/4917 3920/4977/4918
f 3765/4999/4940 3764/5000/4941 3744/4979/4920 3745/4978/4919
f 3766/5001/4942 3765/4999/4940 3745/4978/4919 3746/4980/4921
f 3767/5002/4943 3766/5001/4942 3746/4980/4921 3747/4981/4922
f 3768/5003/4944 3767/5002/4943 3747/4981/4922 3748/4982/4923
f 3769/5004/4945 3768/5003/4944 3748/4982/4923 3749/4983/4924
f 3770/5005/4946 3769/5004/4945 3749/4983/4924 3750/4984/4925
f 3771/5006/4947 3770/5005/4946 3750/4984/4925 3751/4985/4926
f 3772/5007/4948 3771/5006/4947 3751/4985/4926 3752/4986/4927
f 3773/5513/4949 3772/5007/4948 3752/4986/4927 3753/5514/4928
f 3774/5009/4950 3773/5008/4949 3753/4987/4928 3754/4988/4929
f 3775/5010/4951 3774/5009/4950 3754/4988/4929 3755/4989/4930
f 3776/5011/4952 3775/5010/4951 3755/4989/4930 3756/4990/4931
f 3757/4992/4933 3776/5011/4952 3756/4990/4931 3737/4971/4912
f 3778/5466/4953 3777/5449/4954 3757/4992/4933 3758/4991/4932
f 3779/5465/4955 3778/5466/4953 3758/4991/4932 3759/4993/4934
f 3780/5464/4956 3779/5465/4955 3759/4993/4934 3760/4994/4935
f 3781/5463/4957 3780/5464/4956 3760/4994/4935 3761/4995/4936
f 3782/5462/4958 3781/5463/4957 3761/4995/4936 3762/4996/4937
f 3783/5497/4959 3782/5462/4958 3762/4996/4937 3763/5499/4938
f 3922/5446/4960 3783/5461/4959 3763/4997/4938 3921/4998/4939
f 3785/5460/4961 3784/5447/4962 3764/5000/4941 3765/4999/4940
f 3786/5459/4963 3785/5460/4961 3765/4999/4940 3766/5001/4942
f 3787/5458/4964 3786/5459/4963 3766/5001/4942 3767/5002/4943
f 3788/5457/4965 3787/5458/4964 3767/5002/4943 3768/5003/4944
f 3789/5456/4966 3788/5457/4965 3768/5003/4944 3769/5004/4945
f 3790/5455/4967 3789/5456/4966 3769/5004/4945 3770/5005/4946
f 3791/5454/4968 3790/5455/4967 3770/5005/4946 3771/5006/4947
f 3792/5453/4969 3791/5454/4968 3771/5006/4947 3772/5007/4948
f 3793/5511/4970 3792/5453/4969 3772/5007/4948 3773/5513/4949
f 3794/5451/4971 3793/5452/4970 3773/5008/4949 3774/5009/4950
f 3795/5450/4972 3794/5451/4971 3774/5009/4950 3775/5010/4951
f 3796/5448/4973 3795/5450/4972 3775/5010/4951 3776/5011/4952
f 3777/5449/4954 3796/5448/4973 3776/5011/4952 3757/4992/4933
f 3798/5033/4974 3797/5034/4975 3817/5035/4976 3818/5036/4977
f 3799/5037/4978 3798/5033/4974 3818/5036/4977 3819/5038/4979
f 3800/5039/4980 3799/5037/4978 3819/5038/4979 3820/5040/4981
f 3801/5041/4982 3800/5039/4980 3820/5040/4981 3821/5042/4983
f 3802/5043/4984 3801/5041/4982 3821/5042/4983 3822/5044/4985
f 3803/5494/4986 3802/5043/4984 3822/5044/4985 3823/5496/4987
f 3924/5047/4988 3803/5045/4986 3823/5046/4987 3923/5048/4989
f 3805/5049/4990 3804/5050/4991 3824/5051/4992 3825/5052/4993
f 3806/5053/4994 3805/5049/4990 3825/5052/4993 3826/5054/4995
f 3807/5055/4996 3806/5053/4994 3826/5054/4995 3827/5056/4997
f 3808/5057/4998 3807/5055/4996 3827/5056/4997 3828/5058/4999
f 3809/5059/5000 3808/5057/4998 3828/5058/4999 3829/5060/5001
f 3810/5061/5002 3809/5059/5000 3829/5060/5001 3830/5062/5003
f 3811/5063/5004 3810/5061/5002 3830/5062/5003 3831/5064/5005
f 3812/5065/5006 3811/5063/5004 3831/5064/5005 3832/5066/5007
f 3813/5508/5008 3812/5065/5006 3832/5066/5007 3833/5510/5009
f 3814/5069/5010 3813/5067/5008 3833/5068/5009 3834/5070/5011
f 3815/5071/5012 3814/5069/5010 3834/5070/5011 3835/5072/5013
f 3816/5073/5014 3815/5071/5012 3835/5072/5013 3836/5074/5015
f 3797/5034/4975 3816/5073/5014 3836/5074/5015 3817/5035/4976
f 3818/5036/4977 3817/5035/4976 3777/5013/4954 3778/5012/4953
f 3819/5038/4979 3818/5036/4977 3778/5012/4953 3779/5014/4955
f 3820/5040/4981 3819/5038/4979 3779/5014/4955 3780/5015/4956
f 3821/5042/4983 3820/5040/4981 3780/5015/4956 3781/5016/4957
f 3822/5044/4985 3821/5042/4983 3781/5016/4957 3782/5017/4958
f 3823/5496/4987 3822/5044/4985 3782/5017/4958 3783/5498/4959
f 3923/5048/4989 3823/5046/4987 3783/5018/4959 3922/5019/4960
f 3825/5052/4993 3824/5051/4992 3784/5021/4962 3785/5020/4961
f 3826/5054/4995 3825/5052/4993 3785/5020/4961 3786/5022/4963
f 3827/5056/4997 3826/5054/4995 3786/5022/4963 3787/5023/4964
f 3828/5058/4999 3827/5056/4997 3787/5023/4964 3788/5024/4965
f 3829/5060/5001 3828/5058/4999 3788/5024/4965 3789/5025/4966
f 3830/5062/5003 3829/5060/5001 3789/5025/4966 3790/5026/4967
f 3831/5064/5005 3830/5062/5003 3790/5026/4967 3791/5027/4968
f 3832/5066/5007 3831/5064/5005 3791/5027/4968 3792/5028/4969
f 3833/5510/5009 3832/5066/5007 3792/5028/4969 3793/5512/4970
f 3834/5070/5011 3833/5068/5009 3793/5029/4970 3794/5030/4971
f 3835/5072/5013 3834/5070/5011 3794/5030/4971 3795/5031/4972
f 3836/5074/5015 3835/5072/5013 3795/5031/4972 3796/5032/4973
f 3817/5035/4976 3836/5074/5015 3796/5032/4973 3777/5013/4954
s 57
f 3655/4863/5016 3656/4864/5017 3838/5075/5018 3837/5076/5019
f 3656/4864/5017 3657/4867/5020 3839/5077/5021 3838/5075/5018
f 3657/4867/5020 3658/4869/5022 3840/5078/5023 3839/5077/5021
f 3658/4869/5022 3659/4871/5024 3841/5079/5025 3840/5078/5023
f 3659/4871/5024 3660/4873/5026 3842/5080/5027 3841/5079/5025
f 3660/4873/5026 3661/4875/5028 3843/5081/5029 3842/5080/5027
f 3661/4875/5028 3662/4877/5030 3844/5082/5031 3843/5081/5029
f 3662/4877/5030 3663/4879/5032 3845/5083/5033 3844/5082/5031
f 3663/4879/5032 3664/4881/5034 3846/5084/5035 3845/5083/5033
f 3664/4881/5034 3665/4883/5036 3847/5085/5037 3846/5084/5035
f 3665/4883/5036 3666/4885/5038 3848/5086/5039 3847/5085/5037
f 3666/4885/5038 3667/4887/5040 3849/5087/5041 3848/5086/5039
f 3667/4887/5040 3668/4889/5042 3850/5088/5043 3849/5087/5041
f 3668/4889/5042 3927/4891/5044 3928/5089/5045 3850/5088/5043
f 3669/4892/5046 3670/4895/5047 3852/5090/5048 3851/5091/5049
f 3670/4895/5047 3671/4897/5050 3853/5092/5051 3852/5090/5048
f 3671/4897/5050 3672/4899/5052 3854/5093/5053 3853/5092/5051
f 3672/4899/5052 3673/4901/5054 3855/5094/5055 3854/5093/5053
f 3673/4901/5054 3674/4903/5056 3856/5095/5057 3855/5094/5055
f 3674/4903/5056 3655/4863/5016 3837/5076/5019 3856/5095/5057
s 59
f 3837/5076/5058 3838/5075/5059 3858/5096/5060 3857/5097/5061
f 3838/5075/5059 3839/5077/5062 3859/5098/5063 3858/5096/5060
f 3839/5077/5062 3840/5078/5064 3860/5099/5065 3859/5098/5063
f 3840/5078/5064 3841/5079/5066 3861/5100/5067 3860/5099/5065
f 3841/5079/5066 3842/5080/5068 3862/5101/5069 3861/5100/5067
f 3842/5080/5068 3843/5081/5070 3863/5102/5071 3862/5101/5069
f 3843/5081/5070 3844/5082/5072 3864/5103/5073 3863/5102/5071
f 3844/5082/5072 3845/5083/5074 3865/5104/5075 3864/5103/5073
f 3845/5083/5074 3846/5084/5076 3866/5105/5077 3865/5104/5075
f 3846/5084/5076 3847/5085/5078 3867/5106/5079 3866/5105/5077
f 3847/5085/5078 3848/5086/5080 3868/5107/5081 3867/5106/5079
f 3848/5086/5080 3849/5087/5082 3869/5108/5083 3868/5107/5081
f 3849/5087/5082 3850/5088/5084 3870/5109/5085 3869/5108/5083
f 3850/5088/5084 3928/5089/5086 3929/5110/5087 3870/5109/5085
f 3851/5091/5088 3852/5090/5089 3872/5111/5090 3871/5112/5091
f 3852/5090/5089 3853/5092/5092 3873/5113/5093 3872/5111/5090
f 3853/5092/5092 3854/5093/5094 3874/5114/5095 3873/5113/5093
f 3854/5093/5094 3855/5094/5096 3875/5115/5097 3874/5114/5095
f 3855/5094/5096 3856/5095/5098 3876/5116/5099 3875/5115/5097
f 3856/5095/5098 3837/5076/5058 3857/5097/5061 3876/5116/5099
s off
f 3931/5117/5100 3930/5118/5101 3932/5119/5102 3933/5120/5103
s 49
f 3879/4874/4773 3878/5525/4775 3899/5523/5104 3900/5122/5105
f 3880/5509/4771 3879/4874/4773 3900/5122/5105 3901/5507/5106
f 3881/4870/4769 3880/4872/4771 3901/5123/5106 3902/5124/5107
f 3882/5551/4767 3881/4870/4769 3902/5124/5107 3903/5520/5108
f 3884/4866/4765 3883/5552/4764 3904/5521/5109 3905/5127/5110
f 3885/4904/4803 3884/4866/4765 3905/5127/5110 3906/5128/5111
f 3886/4902/4801 3885/4904/4803 3906/5128/5111 3907/5129/5112
f 3887/4900/4799 3886/4902/4801 3907/5129/5112 3908/5130/5113
f 3888/4898/4797 3887/4900/4799 3908/5130/5113 3909/5131/5114
f 3889/4896/4795 3888/4898/4797 3909/5131/5114 3910/5132/5115
f 3890/5495/4792 3889/4896/4795 3910/5132/5115 3911/5493/5116
f 3926/4894/4793 3890/4893/4792 3911/5133/5116 3925/5134/5117
f 3892/4888/4787 3891/4890/4789 3912/5135/5118 3913/5136/5119
f 3893/4886/4785 3892/4888/4787 3913/5136/5119 3914/5137/5120
f 3894/4884/4783 3893/4886/4785 3914/5137/5120 3915/5138/5121
f 3895/4882/4781 3894/4884/4783 3915/5138/5121 3916/5139/5122
f 3896/4880/4779 3895/4882/4781 3916/5139/5122 3897/5140/5123
f 3877/5524/4777 3896/4880/4779 3897/5140/5123 3898/5522/5124
f 3898/5522/5124 3897/5140/5123 3809/5059/5000 3810/5061/5002
f 3899/5523/5104 3898/5522/5124 3810/5061/5002 3811/5063/5004
f 3900/5122/5105 3899/5523/5104 3811/5063/5004 3812/5065/5006
f 3901/5507/5106 3900/5122/5105 3812/5065/5006 3813/5508/5008
f 3902/5124/5107 3901/5123/5106 3813/5067/5008 3814/5069/5010
f 3903/5520/5108 3902/5124/5107 3814/5069/5010 3815/5071/5012
f 3904/5521/5109 3903/5520/5108 3815/5071/5012 3816/5073/5014
f 3905/5127/5110 3904/5521/5109 3816/5073/5014 3797/5034/4975
f 3906/5128/5111 3905/5127/5110 3797/5034/4975 3798/5033/4974
f 3907/5129/5112 3906/5128/5111 3798/5033/4974 3799/5037/4978
f 3908/5130/5113 3907/5129/5112 3799/5037/4978 3800/5039/4980
f 3909/5131/5114 3908/5130/5113 3800/5039/4980 3801/5041/4982
f 3910/5132/5115 3909/5131/5114 3801/5041/4982 3802/5043/4984
f 3911/5493/5116 3910/5132/5115 3802/5043/4984 3803/5494/4986
f 3925/5134/5117 3911/5133/5116 3803/5045/4986 3924/5047/4988
f 3913/5136/5119 3912/5135/5118 3804/5050/4991 3805/5049/4990
f 3914/5137/5120 3913/5136/5119 3805/5049/4990 3806/5053/4994
f 3915/5138/5121 3914/5137/5120 3806/5053/4994 3807/5055/4996
f 3916/5139/5122 3915/5138/5121 3807/5055/4996 3808/5057/4998
f 3897/5140/5123 3916/5139/5122 3808/5057/4998 3809/5059/5000
f 3703/4936/4863 3918/4934/4860 3917/4921/4861 3688/4920/4864
f 3723/5426/4898 3919/5425/4896 3918/4934/4860 3703/4936/4863
f 3744/4979/4920 3920/4977/4918 3919/4955/4896 3723/4957/4898
f 3764/5000/4941 3921/4998/4939 3920/4977/4918 3744/4979/4920
f 3784/5447/4962 3922/5446/4960 3921/4998/4939 3764/5000/4941
f 3824/5051/4992 3923/5048/4989 3922/5019/4960 3784/5021/4962
f 3804/5050/4991 3924/5047/4988 3923/5048/4989 3824/5051/4992
f 3912/5135/5118 3925/5134/5117 3924/5047/4988 3804/5050/4991
f 3891/4890/4789 3926/4894/4793 3925/5134/5117 3912/5135/5118
f 3668/4889/4788 3927/4891/4790 3926/4894/4793 3891/4890/4789
s 57
f 3928/5089/5045 3927/4891/5044 3669/4892/5046 3851/5091/5049
s 59
f 3929/5110/5087 3928/5089/5086 3851/5091/5088 3871/5112/5091
s off
f 3878/4876/5125 3877/4878/5126 3930/5118/5127 3931/5526/5128
f 3877/4878/5129 3898/5141/5130 3932/5119/5131 3930/5118/5132
f 3898/5141/5133 3899/5121/5134 3933/5120/5135 3932/5119/5136
f 3899/5121/5137 3878/5527/5138 3931/5117/5139 3933/5120/5140
f 3950/5142/5141 3951/5143/5142 3952/5579/5143 3953/5145/5144 3954/5146/5145 3955/5147/5146 3956/5148/5147 3957/5149/5148
f 3903/5125/5149 3904/5126/5150 3939/5556/5151 3938/5554/5152
f 3904/5126/5153 3883/5582/5154 3940/5580/5155 3939/5556/5156
f 3883/4865/5157 3882/4868/5158 3941/5553/5159 3940/5555/5160
f 3882/4868/5161 3903/5125/5162 3938/5554/5163 3941/5553/5164
f 3935/5154/5165 3937/5155/5166 3943/5156/5167 3942/5157/5168
f 3937/5155/5169 3936/5158/5170 3944/5159/5171 3943/5156/5172
f 3936/5158/5173 3934/5160/5174 3945/5161/5175 3944/5159/5176
f 3934/5160/5177 3935/5154/5178 3942/5157/5179 3945/5161/5180
s 61
f 3938/5151/5181 3939/5150/5182 3947/5561/5183 3946/5559/5184
s 62
f 3939/5150/5185 3940/5581/5186 3948/5577/5187 3947/5561/5188
s 63
f 3940/5152/5189 3941/5153/5190 3949/5557/5191 3948/5560/5192
s 64
f 3941/5153/5193 3938/5151/5194 3946/5559/5195 3949/5557/5196
s 61
f 3946/5163/5184 3947/5162/5183 3951/5143/5197 3950/5142/5198
s 62
f 3947/5162/5188 3948/5578/5187 3952/5579/5199 3951/5143/5200
s 63
f 3948/5164/5192 3949/5558/5191 3953/5528/5201 3952/5144/5202
s 64
f 3949/5165/5196 3946/5163/5195 3950/5142/5203 3953/5145/5204
s 65
f 3958/5385/5205 3959/5403/5206 4097/5367/5207 4098/5366/5208
f 3959/5403/5206 3960/5402/5209 4096/5368/5210 4097/5367/5207
f 3960/5402/5209 3961/5401/5211 4095/5369/5212 4096/5368/5210
f 3961/5401/5211 3962/5400/5213 4094/5370/5214 4095/5369/5212
f 3962/5400/5213 3963/5399/5215 4093/5371/5216 4094/5370/5214
f 3963/5399/5215 3964/5398/5217 4092/5372/5218 4093/5371/5216
f 3964/5398/5217 3965/5397/5219 4091/5530/5220 4092/5372/5218
f 3965/5549/5219 3966/5396/5221 4090/5374/5222 4091/5373/5220
f 3966/5396/5221 3967/5395/5223 4089/5375/5224 4090/5374/5222
f 3967/5395/5223 3968/5394/5225 4088/5376/5226 4089/5375/5224
f 3968/5394/5225 3969/5393/5227 4087/5377/5228 4088/5376/5226
f 3969/5393/5227 3970/5392/5229 4086/5378/5230 4087/5377/5228
f 3970/5392/5229 3971/5391/5231 4085/5379/5232 4086/5378/5230
f 3971/5391/5231 3972/5390/5233 4084/5380/5234 4085/5379/5232
f 3972/5390/5233 3973/5389/5235 4083/5381/5236 4084/5380/5234
f 3973/5389/5235 3974/5388/5237 4082/5382/5238 4083/5381/5236
f 3974/5388/5237 3975/5387/5239 4081/5533/5240 4082/5382/5238
f 3975/5547/5239 3976/5386/5241 4080/5203/5242 4081/5383/5240
f 3976/5386/5241 3977/5384/5243 4099/5364/5244 4080/5203/5242
f 3977/5384/5243 3958/5385/5205 4098/5366/5208 4099/5364/5244
s 66
f 3959/5167/5245 3958/5166/5246 3998/5206/5247
f 3960/5170/5248 3959/5167/5245 3998/5206/5247
f 3961/5172/5249 3960/5170/5248 3998/5206/5247
f 3962/5174/5250 3961/5172/5249 3998/5206/5247
f 3963/5176/5251 3962/5174/5250 3998/5206/5247
f 3964/5178/5252 3963/5176/5251 3998/5206/5247
f 3965/5180/5253 3964/5178/5252 3998/5206/5247
f 3966/5182/5254 3965/5550/5253 3998/5546/5247
f 3967/5184/5255 3966/5182/5254 3998/5546/5247
f 3968/5186/5256 3967/5184/5255 3998/5546/5247
f 3969/5188/5257 3968/5186/5256 3998/5546/5247
f 3970/5190/5258 3969/5188/5257 3998/5546/5247
f 3971/5192/5259 3970/5190/5258 3998/5546/5247
f 3972/5194/5260 3971/5192/5259 3998/5546/5247
f 3973/5196/5261 3972/5194/5260 3998/5546/5247
f 3974/5198/5262 3973/5196/5261 3998/5546/5247
f 3975/5200/5263 3974/5198/5262 3998/5546/5247
f 3976/5202/5264 3975/5548/5263 3998/5206/5247
f 3977/5204/5265 3976/5202/5264 3998/5206/5247
f 3958/5166/5246 3977/5204/5265 3998/5206/5247
s 67
f 3978/5207/5266 3979/5208/5267 3999/5209/5268
f 3979/5208/5267 3980/5210/5269 3999/5209/5268
f 3980/5210/5269 3981/5211/5270 3999/5209/5268
f 3981/5211/5270 3982/5212/5271 3999/5209/5268
f 3982/5212/5271 3983/5213/5272 3999/5209/5268
f 3983/5213/5272 3984/5214/5273 3999/5209/5268
f 3984/5214/5273 3985/5215/5274 3999/5209/5268
f 3985/5544/5274 3986/5216/5275 3999/5545/5268
f 3986/5216/5275 3987/5217/5276 3999/5545/5268
f 3987/5217/5276 3988/5218/5277 3999/5545/5268
f 3988/5218/5277 3989/5219/5278 3999/5545/5268
f 3989/5219/5278 3990/5220/5279 3999/5545/5268
f 3990/5220/5279 3991/5221/5280 3999/5545/5268
f 3991/5221/5280 3992/5222/5281 3999/5545/5268
f 3992/5222/5281 3993/5223/5282 3999/5545/5268
f 3993/5223/5282 3994/5224/5283 3999/5545/5268
f 3994/5224/5283 3995/5225/5284 3999/5545/5268
f 3995/5543/5284 3996/5226/5285 3999/5209/5268
f 3996/5226/5285 3997/5227/5286 3999/5209/5268
f 3997/5227/5286 3978/5207/5266 3999/5209/5268
s 65
f 4001/5228/5287 4000/5229/5288 4069/5355/5289 4070/5354/5290
f 4002/5531/5291 4001/5228/5287 4070/5354/5290 4071/5353/5292
f 4003/5234/5293 4002/5232/5291 4071/5536/5292 4072/5352/5294
f 4004/5236/5295 4003/5234/5293 4072/5352/5294 4073/5351/5296
f 4005/5238/5297 4004/5236/5295 4073/5351/5296 4074/5350/5298
f 4006/5240/5299 4005/5238/5297 4074/5350/5298 4075/5349/5300
f 4007/5242/5301 4006/5240/5299 4075/5349/5300 4076/5348/5302
f 4008/5244/5303 4007/5242/5301 4076/5348/5302 4077/5347/5304
f 4009/5246/5305 4008/5244/5303 4077/5347/5304 4078/5346/5306
f 4010/5248/5307 4009/5246/5305 4078/5346/5306 4079/5344/5308
f 4011/5250/5309 4010/5248/5307 4079/5344/5308 4060/5251/5310
f 4012/5534/5311 4011/5250/5309 4060/5251/5310 4061/5363/5312
f 4013/5254/5313 4012/5252/5311 4061/5539/5312 4062/5362/5314
f 4014/5256/5315 4013/5254/5313 4062/5362/5314 4063/5361/5316
f 4015/5258/5317 4014/5256/5315 4063/5361/5316 4064/5360/5318
f 4016/5260/5319 4015/5258/5317 4064/5360/5318 4065/5359/5320
f 4017/5262/5321 4016/5260/5319 4065/5359/5320 4066/5358/5322
f 4018/5264/5323 4017/5262/5321 4066/5358/5322 4067/5357/5324
f 4019/5266/5325 4018/5264/5323 4067/5357/5324 4068/5356/5326
f 4000/5229/5288 4019/5266/5325 4068/5356/5326 4069/5355/5289
f 4021/5268/5327 4020/5269/5328 3987/5217/5329 3986/5216/5330
f 4022/5541/5331 4021/5268/5327 3986/5216/5330 3985/5544/5332
f 4023/5271/5333 4022/5270/5331 3985/5215/5332 3984/5214/5334
f 4024/5272/5335 4023/5271/5333 3984/5214/5334 3983/5213/5336
f 4025/5273/5337 4024/5272/5335 3983/5213/5336 3982/5212/5338
f 4026/5274/5339 4025/5273/5337 3982/5212/5338 3981/5211/5340
f 4027/5275/5341 4026/5274/5339 3981/5211/5340 3980/5210/5342
f 4028/5276/5343 4027/5275/5341 3980/5210/5342 3979/5208/5344
f 4029/5277/5345 4028/5276/5343 3979/5208/5344 3978/5207/5346
f 4030/5278/5347 4029/5277/5345 3978/5207/5346 3997/5227/5348
f 4031/5279/5349 4030/5278/5347 3997/5227/5348 3996/5226/5350
f 4032/5542/5351 4031/5279/5349 3996/5226/5350 3995/5543/5352
f 4033/5281/5353 4032/5280/5351 3995/5225/5352 3994/5224/5354
f 4034/5282/5355 4033/5281/5353 3994/5224/5354 3993/5223/5356
f 4035/5283/5357 4034/5282/5355 3993/5223/5356 3992/5222/5358
f 4036/5284/5359 4035/5283/5357 3992/5222/5358 3991/5221/5360
f 4037/5285/5361 4036/5284/5359 3991/5221/5360 3990/5220/5362
f 4038/5286/5363 4037/5285/5361 3990/5220/5362 3989/5219/5364
f 4039/5287/5365 4038/5286/5363 3989/5219/5364 3988/5218/5366
f 4020/5269/5328 4039/5287/5365 3988/5218/5366 3987/5217/5329
f 4041/5540/5367 4040/5289/5368 4031/5279/5349 4032/5542/5351
f 4042/5290/5369 4041/5288/5367 4032/5280/5351 4033/5281/5353
f 4043/5291/5370 4042/5290/5369 4033/5281/5353 4034/5282/5355
f 4044/5292/5371 4043/5291/5370 4034/5282/5355 4035/5283/5357
f 4045/5293/5372 4044/5292/5371 4035/5283/5357 4036/5284/5359
f 4046/5294/5373 4045/5293/5372 4036/5284/5359 4037/5285/5361
f 4047/5295/5374 4046/5294/5373 4037/5285/5361 4038/5286/5363
f 4048/5296/5375 4047/5295/5374 4038/5286/5363 4039/5287/5365
f 4049/5297/5376 4048/5296/5375 4039/5287/5365 4020/5269/5328
f 4050/5298/5377 4049/5297/5376 4020/5269/5328 4021/5268/5327
f 4051/5537/5378 4050/5298/5377 4021/5268/5327 4022/5541/5331
f 4052/5300/5379 4051/5299/5378 4022/5270/5331 4023/5271/5333
f 4053/5301/5380 4052/5300/5379 4023/5271/5333 4024/5272/5335
f 4054/5302/5381 4053/5301/5380 4024/5272/5335 4025/5273/5337
f 4055/5303/5382 4054/5302/5381 4025/5273/5337 4026/5274/5339
f 4056/5304/5383 4055/5303/5382 4026/5274/5339 4027/5275/5341
f 4057/5305/5384 4056/5304/5383 4027/5275/5341 4028/5276/5343
f 4058/5306/5385 4057/5305/5384 4028/5276/5343 4029/5277/5345
f 4059/5307/5386 4058/5306/5385 4029/5277/5345 4030/5278/5347
f 4040/5289/5368 4059/5307/5386 4030/5278/5347 4031/5279/5349
f 4061/5538/5312 4060/5345/5310 4040/5289/5368 4041/5540/5367
f 4062/5255/5314 4061/5253/5312 4041/5288/5367 4042/5290/5369
f 4063/5257/5316 4062/5255/5314 4042/5290/5369 4043/5291/5370
f 4064/5259/5318 4063/5257/5316 4043/5291/5370 4044/5292/5371
f 4065/5261/5320 4064/5259/5318 4044/5292/5371 4045/5293/5372
f 4066/5263/5322 4065/5261/5320 4045/5293/5372 4046/5294/5373
f 4067/5265/5324 4066/5263/5322 4046/5294/5373 4047/5295/5374
f 4068/5267/5326 4067/5265/5324 4047/5295/5374 4048/5296/5375
f 4069/5230/5289 4068/5267/5326 4048/5296/5375 4049/5297/5376
f 4070/5231/5290 4069/5230/5289 4049/5297/5376 4050/5298/5377
f 4071/5535/5292 4070/5231/5290 4050/5298/5377 4051/5537/5378
f 4072/5235/5294 4071/5233/5292 4051/5299/5378 4052/5300/5379
f 4073/5237/5296 4072/5235/5294 4052/5300/5379 4053/5301/5380
f 4074/5239/5298 4073/5237/5296 4053/5301/5380 4054/5302/5381
f 4075/5241/5300 4074/5239/5298 4054/5302/5381 4055/5303/5382
f 4076/5243/5302 4075/5241/5300 4055/5303/5382 4056/5304/5383
f 4077/5245/5304 4076/5243/5302 4056/5304/5383 4057/5305/5384
f 4078/5247/5306 4077/5245/5304 4057/5305/5384 4058/5306/5385
f 4079/5249/5308 4078/5247/5306 4058/5306/5385 4059/5307/5386
f 4060/5345/5310 4079/5249/5308 4059/5307/5386 4040/5289/5368
f 4081/5532/5240 4080/5365/5242 4011/5250/5309 4012/5534/5311
f 4082/5199/5238 4081/5201/5240 4012/5252/5311 4013/5254/5313
f 4083/5197/5236 4082/5199/5238 4013/5254/5313 4014/5256/5315
f 4084/5195/5234 4083/5197/5236 4014/5256/5315 4015/5258/5317
f 4085/5193/5232 4084/5195/5234 4015/5258/5317 4016/5260/5319
f 4086/5191/5230 4085/5193/5232 4016/5260/5319 4017/5262/5321
f 4087/5189/5228 4086/5191/5230 4017/5262/5321 4018/5264/5323
f 4088/5187/5226 4087/5189/5228 4018/5264/5323 4019/5266/5325
f 4089/5185/5224 4088/5187/5226 4019/5266/5325 4000/5229/5288
f 4090/5183/5222 4089/5185/5224 4000/5229/5288 4001/5228/5287
f 4091/5529/5220 4090/5183/5222 4001/5228/5287 4002/5531/5291
f 4092/5179/5218 4091/5181/5220 4002/5232/5291 4003/5234/5293
f 4093/5177/5216 4092/5179/5218 4003/5234/5293 4004/5236/5295
f 4094/5175/5214 4093/5177/5216 4004/5236/5295 4005/5238/5297
f 4095/5173/5212 4094/5175/5214 4005/5238/5297 4006/5240/5299
f 4096/5171/5210 4095/5173/5212 4006/5240/5299 4007/5242/5301
f 4097/5168/5207 4096/5171/5210 4007/5242/5301 4008/5244/5303
f 4098/5169/5208 4097/5168/5207 4008/5244/5303 4009/5246/5305
f 4099/5205/5244 4098/5169/5208 4009/5246/5305 4010/5248/5307
f 4080/5365/5242 4099/5205/5244 4010/5248/5307 4011/5250/5309
